Picked up JAVA_TOOL_OPTIONS: -Dfile.encoding=UTF8
Core-10403-150: Context (0x7f50694dd060) created: ContextID (0x79749aed), ContextName [29west_statistics_context], Context Instance (0xa07e9c4c2e11fbd6)
Core-10995-140: [LBMMON] Topic[/29west/statistics] Source[TCP:10.29.3.105:14376:e8a95d08[200513820]], Beginning of Transport Session
Core-10995-140: [LBMMON] Topic[/29west/statistics] Source[TCP:10.29.3.105:14377:5911e541[1267331259]], Beginning of Transport Session
Event Queue statistics received from Gateway_Portal_TRD1_event_queue at 10.29.3.105, process ID=22b49c, object ID=1e1d3f0, domain ID=0, sent Tue Oct 06 15:56:25 CDT 2026
	Data messages enqueued                                        : 0
	Total data messages enqueued                                  : 0
	Data messages min service time (microseconds)                 : -1
	Data messages mean service time (microseconds)                : 0
	Data messages max service time (microseconds)                 : 0
	Response messages enqueued                                    : 0
	Total response messages enqueued                              : 0
	Response messages min service time (microseconds)             : -1
	Response messages mean service time (microseconds)            : 0
	Response messages max service time (microseconds)             : 0
	Topicless immediate messages enqueued                         : 0
	Total topicless immediate messages enqueued                   : 0
	Topicless immediate messages min service time (microseconds)  : -1
	Topicless immediate messages mean service time (microseconds) : 0
	Topicless immediate messages max service time (microseconds)  : 0
	Wildcard receiver messages enqueued                           : 0
	Total wildcard receiver messages enqueued                     : 0
	Wildcard receiver messages min service time (microseconds)    : -1
	Wildcard receiver messages mean service time (microseconds)   : 0
	Wildcard receiver messages max service time (microseconds)    : 0
	I/O events enqueued                                           : 0
	Total I/O events enqueued                                     : 0
	I/O events min service time (microseconds)                    : -1
	I/O events mean service time (microseconds)                   : 0
	I/O events max service time (microseconds)                    : 0
	Timer events enqueued                                         : 0
	Total timer events enqueued                                   : 0
	Timer events min service time (microseconds)                  : -1
	Timer events mean service time (microseconds)                 : 0
	Timer events max service time (microseconds)                  : 0
	Source events enqueued                                        : 0
	Total source events enqueued                                  : 0
	Source events min service time (microseconds)                 : -1
	Source events mean service time (microseconds)                : 0
	Source events max service time (microseconds)                 : 0
	Unblock events enqueued                                       : 0
	Total unblock events enqueued                                 : 0
	Cancel events enqueued                                        : 0
	Total cancel events enqueued                                  : 0
	Cancel events min service time (microseconds)                 : -1
	Cancel events mean service time (microseconds)                : 0
	Cancel events max service time (microseconds)                 : 0
	Callback events enqueued                                      : 0
	Total callback events enqueued                                : 0
	Callback events min service time (microseconds)               : -1
	Callback events mean service time (microseconds)              : 0
	Callback events max service time (microseconds)               : 0
	Context source events enqueued                                : 0
	Total context source events enqueued                          : 0
	Context source events min service time (microseconds)         : -1
	Context source events mean service time (microseconds)        : 0
	Context source events max service time (microseconds)         : 0
	Events currently enqueued                                     : 0
	Total events enqueued                                         : 0
	Minimum age of events enqueued (microseconds)                 : -1
	Mean age of events enqueued (microseconds)                    : 0
	Max age of events enqueued (microseconds)                     : 0

Event Queue statistics received from Gateway_Portal_TRD2_event_queue at 10.29.3.105, process ID=22b49c, object ID=1f5a160, domain ID=0, sent Tue Oct 06 15:56:25 CDT 2026
	Data messages enqueued                                        : 0
	Total data messages enqueued                                  : 0
	Data messages min service time (microseconds)                 : -1
	Data messages mean service time (microseconds)                : 0
	Data messages max service time (microseconds)                 : 0
	Response messages enqueued                                    : 0
	Total response messages enqueued                              : 0
	Response messages min service time (microseconds)             : -1
	Response messages mean service time (microseconds)            : 0
	Response messages max service time (microseconds)             : 0
	Topicless immediate messages enqueued                         : 0
	Total topicless immediate messages enqueued                   : 0
	Topicless immediate messages min service time (microseconds)  : -1
	Topicless immediate messages mean service time (microseconds) : 0
	Topicless immediate messages max service time (microseconds)  : 0
	Wildcard receiver messages enqueued                           : 0
	Total wildcard receiver messages enqueued                     : 0
	Wildcard receiver messages min service time (microseconds)    : -1
	Wildcard receiver messages mean service time (microseconds)   : 0
	Wildcard receiver messages max service time (microseconds)    : 0
	I/O events enqueued                                           : 0
	Total I/O events enqueued                                     : 0
	I/O events min service time (microseconds)                    : -1
	I/O events mean service time (microseconds)                   : 0
	I/O events max service time (microseconds)                    : 0
	Timer events enqueued                                         : 0
	Total timer events enqueued                                   : 0
	Timer events min service time (microseconds)                  : -1
	Timer events mean service time (microseconds)                 : 0
	Timer events max service time (microseconds)                  : 0
	Source events enqueued                                        : 0
	Total source events enqueued                                  : 0
	Source events min service time (microseconds)                 : -1
	Source events mean service time (microseconds)                : 0
	Source events max service time (microseconds)                 : 0
	Unblock events enqueued                                       : 0
	Total unblock events enqueued                                 : 0
	Cancel events enqueued                                        : 0
	Total cancel events enqueued                                  : 0
	Cancel events min service time (microseconds)                 : -1
	Cancel events mean service time (microseconds)                : 0
	Cancel events max service time (microseconds)                 : 0
	Callback events enqueued                                      : 0
	Total callback events enqueued                                : 0
	Callback events min service time (microseconds)               : -1
	Callback events mean service time (microseconds)              : 0
	Callback events max service time (microseconds)               : 0
	Context source events enqueued                                : 0
	Total context source events enqueued                          : 0
	Context source events min service time (microseconds)         : -1
	Context source events mean service time (microseconds)        : 0
	Context source events max service time (microseconds)         : 0
	Events currently enqueued                                     : 0
	Total events enqueued                                         : 0
	Minimum age of events enqueued (microseconds)                 : -1
	Mean age of events enqueued (microseconds)                    : 0
	Max age of events enqueued (microseconds)                     : 0

Context statistics received from Gateway_Portal_TRD1_src_ctx at 10.29.3.105, process ID=22b49c, object ID=1bfda50, context instance=afc3a72ab4a0190e, domain ID=1, sent Tue Oct 06 15:56:25 CDT 2026
	Topic resolution datagrams sent                    : 0
	Topic resolution datagram bytes sent               : 0
	Topic resolution datagrams received                : 0
	Topic resolution datagram bytes received           : 0
	Topic resolution datagrams dropped version         : 0
	Topic resolution datagrams dropped type            : 0
	Topic resolution datagrams dropped malformed       : 0
	Topic resolution datagrams send failed             : 0
	Topic resolution source topics                     : 0
	Topic resolution receiver topics                   : 0
	Topic resolution unresolved receiver topics        : 0
	LBT-RM unknown datagrams received                  : 0
	LBT-RU unknown datagrams received                  : 0
	LBM send calls which blocked                       : 0
	LBM send calls which returned EWOULDBLOCK          : 0
	LBM response calls which blocked                   : 0
	LBM response calls which returned EWOULDBLOCK      : 0
	Number of duplicate UIM messages dropped           : 0
	Number of UIM messages received without stream info: 0
	Number of data message fragments lost              : 0
	Number of data message fragments unrecoverably lost: 0
	Receiver callbacks min service time (microseconds) : -1
	Receiver callbacks max service time (microseconds) : 0
	Receiver callbacks mean service time (microseconds): 0

IM source statistics received from Gateway_Portal_TRD1_src_ctx at 10.29.3.105, process ID=22b49c, object ID=1bfda50, context instance=afc3a72ab4a0190e, domain ID=1, sent Tue Oct 06 15:56:25 CDT 2026
Source: LBTRM:10.29.4.105:14390:9dd2ec8f:224.10.10.21:14401[4294967295]
Transport: LBT-RM
	LBT-RM datagrams sent                                 : 0
	LBT-RM datagrams bytes sent                           : 0
	LBT-RM datagrams in transmission window               : 0
	LBT-RM datagram bytes in transmission window          : 0
	LBT-RM NAK packets received                           : 0
	LBT-RM NAKs received                                  : 0
	LBT-RM NAKs ignored                                   : 0
	LBT-RM NAKs shed                                      : 0
	LBT-RM NAKs ignored (retransmit delay)                : 0
	LBT-RM retransmission datagrams sent                  : 0
	LBT-RM retransmission datagram bytes sent             : 0
	LBT-RM datagrams queued by rate control               : 0
	LBT-RM retransmission datagrams queued by rate control: 0

Context statistics received from Gateway_Portal_TRD1_rcv_ctx at 10.29.3.105, process ID=22b49c, object ID=1cf49c0, context instance=8bee4fdb11d451f2, domain ID=1, sent Tue Oct 06 15:56:25 CDT 2026
	Topic resolution datagrams sent                    : 0
	Topic resolution datagram bytes sent               : 0
	Topic resolution datagrams received                : 0
	Topic resolution datagram bytes received           : 0
	Topic resolution datagrams dropped version         : 0
	Topic resolution datagrams dropped type            : 0
	Topic resolution datagrams dropped malformed       : 0
	Topic resolution datagrams send failed             : 0
	Topic resolution source topics                     : 0
	Topic resolution receiver topics                   : 0
	Topic resolution unresolved receiver topics        : 0
	LBT-RM unknown datagrams received                  : 0
	LBT-RU unknown datagrams received                  : 0
	LBM send calls which blocked                       : 0
	LBM send calls which returned EWOULDBLOCK          : 0
	LBM response calls which blocked                   : 0
	LBM response calls which returned EWOULDBLOCK      : 0
	Number of duplicate UIM messages dropped           : 0
	Number of UIM messages received without stream info: 0
	Number of data message fragments lost              : 0
	Number of data message fragments unrecoverably lost: 0
	Receiver callbacks min service time (microseconds) : -1
	Receiver callbacks max service time (microseconds) : 0
	Receiver callbacks mean service time (microseconds): 0

Context statistics received from Gateway_Portal_TRD2_src_ctx at 10.29.3.105, process ID=22b49c, object ID=1e266e0, context instance=df13daf3f0e6045a, domain ID=2, sent Tue Oct 06 15:56:25 CDT 2026
	Topic resolution datagrams sent                    : 2
	Topic resolution datagram bytes sent               : 104
	Topic resolution datagrams received                : 3
	Topic resolution datagram bytes received           : 144
	Topic resolution datagrams dropped version         : 0
	Topic resolution datagrams dropped type            : 0
	Topic resolution datagrams dropped malformed       : 0
	Topic resolution datagrams send failed             : 0
	Topic resolution source topics                     : 0
	Topic resolution receiver topics                   : 0
	Topic resolution unresolved receiver topics        : 0
	LBT-RM unknown datagrams received                  : 0
	LBT-RU unknown datagrams received                  : 0
	LBM send calls which blocked                       : 0
	LBM send calls which returned EWOULDBLOCK          : 0
	LBM response calls which blocked                   : 0
	LBM response calls which returned EWOULDBLOCK      : 0
	Number of duplicate UIM messages dropped           : 0
	Number of UIM messages received without stream info: 0
	Number of data message fragments lost              : 0
	Number of data message fragments unrecoverably lost: 0
	Receiver callbacks min service time (microseconds) : -1
	Receiver callbacks max service time (microseconds) : 0
	Receiver callbacks mean service time (microseconds): 0

IM source statistics received from Gateway_Portal_TRD2_src_ctx at 10.29.3.105, process ID=22b49c, object ID=1e266e0, context instance=df13daf3f0e6045a, domain ID=2, sent Tue Oct 06 15:56:25 CDT 2026
Source: LBTRM:10.29.4.105:14391:12265df3:224.10.10.21:14401[4294967295]
Transport: LBT-RM
	LBT-RM datagrams sent                                 : 0
	LBT-RM datagrams bytes sent                           : 0
	LBT-RM datagrams in transmission window               : 0
	LBT-RM datagram bytes in transmission window          : 0
	LBT-RM NAK packets received                           : 0
	LBT-RM NAKs received                                  : 0
	LBT-RM NAKs ignored                                   : 0
	LBT-RM NAKs shed                                      : 0
	LBT-RM NAKs ignored (retransmit delay)                : 0
	LBT-RM retransmission datagrams sent                  : 0
	LBT-RM retransmission datagram bytes sent             : 0
	LBT-RM datagrams queued by rate control               : 0
	LBT-RM retransmission datagrams queued by rate control: 0

Context statistics received from Gateway_Portal_TRD2_rcv_ctx at 10.29.3.105, process ID=22b49c, object ID=1ea7800, context instance=6564a4167c753958, domain ID=2, sent Tue Oct 06 15:56:25 CDT 2026
	Topic resolution datagrams sent                    : 1
	Topic resolution datagram bytes sent               : 40
	Topic resolution datagrams received                : 3
	Topic resolution datagram bytes received           : 144
	Topic resolution datagrams dropped version         : 0
	Topic resolution datagrams dropped type            : 0
	Topic resolution datagrams dropped malformed       : 0
	Topic resolution datagrams send failed             : 0
	Topic resolution source topics                     : 0
	Topic resolution receiver topics                   : 0
	Topic resolution unresolved receiver topics        : 0
	LBT-RM unknown datagrams received                  : 0
	LBT-RU unknown datagrams received                  : 0
	LBM send calls which blocked                       : 0
	LBM send calls which returned EWOULDBLOCK          : 0
	LBM response calls which blocked                   : 0
	LBM response calls which returned EWOULDBLOCK      : 0
	Number of duplicate UIM messages dropped           : 0
	Number of UIM messages received without stream info: 0
	Number of data message fragments lost              : 0
	Number of data message fragments unrecoverably lost: 0
	Receiver callbacks min service time (microseconds) : -1
	Receiver callbacks max service time (microseconds) : 0
	Receiver callbacks mean service time (microseconds): 0

Core-10995-140: [LBMMON] Topic[/29west/statistics] Source[TCP:10.29.3.105:14378:beead0ec[1491571595]], Beginning of Transport Session
Store statistics received from store_topic1 at 10.29.3.105, process ID=22b4ba, object ID=2316550, context instance=d00c3c82816738ec, domain ID=0, sent Tue Oct 06 15:56:27 CDT 2026
lbm_version: "UMP 6.17 [UMP-6.17] [64-bit] Build: Jan 17 2025, 15:08:54 ( DEBUG license LBT-RM LBT-RU LBT-IPC LBT-SMX ) WC[PCRE 7.4 2007-09-21, regex, appcb] HRT[gettimeofday()]"
smartheap_version: "9.0.1"
store_name: "store_topic1"
ip_addr: 1761877258
port: 12801
disk_cache_dir_name: "cache"
disk_state_dir_name: "state"
max_retransmission_processing_rate: 262144
context_id: 105224939
pattern_configs {
  pattern: "topic1"
}

Store statistics received from store_topic1 at 10.29.3.105, process ID=22b4ba, object ID=2316550, context instance=d00c3c82816738ec, domain ID=0, sent Tue Oct 06 15:56:27 CDT 2026
smart_heap_stat {
  poolsize: 305902016
  poolcount: 87302
  smallBlockSize: 256
  pageSize: 65504
}

Store statistics received from store_topic1 at 10.29.3.105, process ID=22b4ba, object ID=2316550, context instance=d00c3c82816738ec, domain ID=0, sent Tue Oct 06 15:56:27 CDT 2026
events {
  timestamp_sec: 1791320187
  timestamp_usec: 711041
  event_type: STORE_CREATED_EVENT
}

Context statistics received from store_appid_topic1 at 10.29.3.105, process ID=22b4ba, object ID=2316550, context instance=d00c3c82816738ec, domain ID=1, sent Tue Oct 06 15:56:27 CDT 2026
	Topic resolution datagrams sent                    : 0
	Topic resolution datagram bytes sent               : 0
	Topic resolution datagrams received                : 0
	Topic resolution datagram bytes received           : 0
	Topic resolution datagrams dropped version         : 0
	Topic resolution datagrams dropped type            : 0
	Topic resolution datagrams dropped malformed       : 0
	Topic resolution datagrams send failed             : 0
	Topic resolution source topics                     : 0
	Topic resolution receiver topics                   : 0
	Topic resolution unresolved receiver topics        : 0
	LBT-RM unknown datagrams received                  : 0
	LBT-RU unknown datagrams received                  : 0
	LBM send calls which blocked                       : 0
	LBM send calls which returned EWOULDBLOCK          : 0
	LBM response calls which blocked                   : 0
	LBM response calls which returned EWOULDBLOCK      : 0
	Number of duplicate UIM messages dropped           : 0
	Number of UIM messages received without stream info: 0
	Number of data message fragments lost              : 0
	Number of data message fragments unrecoverably lost: 0
	Receiver callbacks min service time (microseconds) : -1
	Receiver callbacks max service time (microseconds) : 0
	Receiver callbacks mean service time (microseconds): 0

Context statistics received from store_appid_topic1 at 10.29.3.105, process ID=22b4ba, object ID=2771320, context instance=5d860c059005990e, domain ID=1, sent Tue Oct 06 15:56:27 CDT 2026
	Topic resolution datagrams sent                    : 0
	Topic resolution datagram bytes sent               : 0
	Topic resolution datagrams received                : 0
	Topic resolution datagram bytes received           : 0
	Topic resolution datagrams dropped version         : 0
	Topic resolution datagrams dropped type            : 0
	Topic resolution datagrams dropped malformed       : 0
	Topic resolution datagrams send failed             : 0
	Topic resolution source topics                     : 0
	Topic resolution receiver topics                   : 0
	Topic resolution unresolved receiver topics        : 0
	LBT-RM unknown datagrams received                  : 0
	LBT-RU unknown datagrams received                  : 0
	LBM send calls which blocked                       : 0
	LBM send calls which returned EWOULDBLOCK          : 0
	LBM response calls which blocked                   : 0
	LBM response calls which returned EWOULDBLOCK      : 0
	Number of duplicate UIM messages dropped           : 0
	Number of UIM messages received without stream info: 0
	Number of data message fragments lost              : 0
	Number of data message fragments unrecoverably lost: 0
	Receiver callbacks min service time (microseconds) : -1
	Receiver callbacks max service time (microseconds) : 0
	Receiver callbacks mean service time (microseconds): 0

SRS statistics received from srs1 at 10.29.4.105, process ID=22b42f, domain ID=0, sent Tue Oct 06 15:56:30 CDT 2026
version: "1.0"
daemon_log_type: "console"
daemon_log_frequency: "disable"
daemon_log_size: "10"
daemon_log_max_history: "10"
daemon_log_total_size_cap: "1000"
daemon_log_compression: "none"
daemon_pid_file: "srs.pid"
srs_interface: "10.29.4.105"
srs_port: "12601"
srs_source_state_lifetime: "86400"
srs_interest_state_lifetime: "86400"
srs_route_state_lifetime: "30"
srs_context_name_state_lifetime: "86400"
srs_source_leave_backoff: "500"
srs_clientactor_request_stream_max_msg_count: "1000"
srs_clientactor_record_queue_service_interval: "10"
srs_clientactor_batch_frame_max_record_count: "50"
srs_clientactor_batch_frame_max_datagram_size: "8192"
srs_application_id: "srs1"
debug_monitor_interface: "localhost"
debug_monitor_port: "27001"
debug_monitor_enabled: "false"
debug_monitor_ping_interval: "60000"
daemon_monitor_topic: "/29west/statistics"
daemon_monitor_ping_interval: "5000"
daemon_monitor_publishing_interval_default: "5000"
daemon_monitor_publishing_interval_srs_stats: "5000"
daemon_monitor_publishing_interval_um_client_stats: "5000"
daemon_monitor_publishing_interval_connection_events: "5000"
daemon_monitor_publishing_interval_srs_error_stats: "5000"
daemon_monitor_publishing_interval_um_client_error_stats: "5000"
daemon_monitor_publishing_interval_config_opts: "5000"
daemon_monitor_publishing_interval_internal_config_opts: "5000"
daemon_monitor_publish_connection_events_allow: "false"
daemon_monitor_remote_snapshot_request_allow: "false"
daemon_monitor_remote_config_changes_request_allow: "false"
daemon_monitor_monitor_format: "pb"
daemon_monitor_lbm_attributes {
  scope: "context"
  name: "default_interface"
  value: "10.29.3.0/24"
}
daemon_monitor_lbm_attributes {
  scope: "context"
  name: "mim_incoming_address"
  value: "0.0.0.0"
}
daemon_monitor_lbm_attributes {
  scope: "context"
  name: "request_tcp_interface"
  value: "10.29.3.0/24"
}
daemon_monitor_lbm_attributes {
  scope: "context"
  name: "request_tcp_reuseaddr"
  value: "1"
}
daemon_monitor_lbm_attributes {
  scope: "context"
  name: "resolver_disable_udp_topic_resolution"
  value: "0"
}
daemon_monitor_lbm_attributes {
  scope: "context"
  name: "resolver_service"
  value: "0.0.0.0:0"
}
daemon_monitor_lbm_attributes {
  scope: "context"
  name: "resolver_unicast_daemon"
  value: "0.0.0.0:0,10.29.3.105:12801"
}
daemon_monitor_lbm_attributes {
  scope: "context"
  name: "resolver_unicast_port_high"
  value: "12809"
}
daemon_monitor_lbm_attributes {
  scope: "context"
  name: "resolver_unicast_port_low"
  value: "12802"
}
daemon_monitor_lbm_attributes {
  scope: "source"
  name: "transport"
  value: "tcp"
}

SRS statistics received from srs1 at 10.29.4.105, process ID=22b42f, domain ID=0, sent Tue Oct 06 15:56:30 CDT 2026
srs {
  clients_next_client_id: 5
  active_clients_count: 4
  clients_connects_count: 4
  clients_max_concurrent_connections_count: 4
  clients_active_cnir_count: 1
  clients_active_dir_count: 2
  clients_active_rtir_count: 1
}

SRS statistics received from srs1 at 10.29.4.105, process ID=22b42f, domain ID=0, sent Tue Oct 06 15:56:30 CDT 2026
internal {
  srs_otidmap_shards: "4"
  srs_topicmap_shards: "4"
  srs_routemap_shards: "4"
  srs_namemap_shards: "4"
}

Gateway statistics received from dro1 at 10.29.3.105, process ID=22b49c, object ID=1b54c30, domain ID=0, sent Tue Oct 06 15:56:30 CDT 2026
gateway {
  config_data: "<?xml version=\"1.0\" encoding=\"UTF-8\"?>\n<tnw-gateway version=\"1.0\">\n  <daemon>\n    <name>dro1</name>\n    <log type=\"console\"/>\n    <pidfile>dro.pid</pidfile>\n    <!-- This value is set artificially low for testing. A more typical\n         deployment might use 600 seconds (10 minutes) to reduce load. -->\n    <monitor interval=\"5\">\n      <transport-module module=\"lbm\"/>\n      <format-module module=\"pb\"/>\n    </monitor>\n    <xml-config>um.xml</xml-config>\n  </daemon>\n  <portals>\n    <endpoint>\n      <name>TRD1</name>\n      <domain-id>1</domain-id>\n      <lbm-attributes>\n      \t<option name=\"context_name\" scope=\"context\" value=\"TRD1\"/>\n      </lbm-attributes>\n    </endpoint>\n    <endpoint>\n      <name>TRD2</name>\n      <domain-id>2</domain-id>\n      <lbm-attributes>\n      \t<option name=\"context_name\" scope=\"context\" value=\"TRD2\"/>\n      </lbm-attributes>\n    </endpoint>\n  </portals>\n</tnw-gateway>\n"
}
portals {
  portal_name: "TRD1"
}
portals {
  portal_name: "TRD2"
  portal_index: 1
}
local {
  gateway_name: "dro1"
  gateway_id: 17080559106476924158
  version: 2
  graph_version: 2
  gateway_count: 1
  malloc_info {
    arena: 23695360
    ordblks: 20
    hblks: 25
    hblkhd: 22401024
    uordblks: 22315136
    fordblks: 1380224
  }
}
portals {
  portal_name: "TRD1"
  cost: 1
  endpoint {
    receive {
    }
    send {
      data_bytes_enqueued_limit: 1000000
    }
  }
}
portals {
  portal_name: "TRD2"
  portal_index: 1
  cost: 1
  endpoint {
    receive {
    }
    send {
      data_bytes_enqueued_limit: 1000000
    }
  }
}

Event Queue statistics received from Gateway_Portal_TRD2_event_queue at 10.29.3.105, process ID=22b49c, object ID=1f5a160, domain ID=0, sent Tue Oct 06 15:56:30 CDT 2026
	Data messages enqueued                                        : 0
	Total data messages enqueued                                  : 0
	Data messages min service time (microseconds)                 : -1
	Data messages mean service time (microseconds)                : 0
	Data messages max service time (microseconds)                 : 0
	Response messages enqueued                                    : 0
	Total response messages enqueued                              : 0
	Response messages min service time (microseconds)             : -1
	Response messages mean service time (microseconds)            : 0
	Response messages max service time (microseconds)             : 0
	Topicless immediate messages enqueued                         : 0
	Total topicless immediate messages enqueued                   : 0
	Topicless immediate messages min service time (microseconds)  : -1
	Topicless immediate messages mean service time (microseconds) : 0
	Topicless immediate messages max service time (microseconds)  : 0
	Wildcard receiver messages enqueued                           : 0
	Total wildcard receiver messages enqueued                     : 0
	Wildcard receiver messages min service time (microseconds)    : -1
	Wildcard receiver messages mean service time (microseconds)   : 0
	Wildcard receiver messages max service time (microseconds)    : 0
	I/O events enqueued                                           : 0
	Total I/O events enqueued                                     : 0
	I/O events min service time (microseconds)                    : -1
	I/O events mean service time (microseconds)                   : 0
	I/O events max service time (microseconds)                    : 0
	Timer events enqueued                                         : 0
	Total timer events enqueued                                   : 0
	Timer events min service time (microseconds)                  : -1
	Timer events mean service time (microseconds)                 : 0
	Timer events max service time (microseconds)                  : 0
	Source events enqueued                                        : 0
	Total source events enqueued                                  : 0
	Source events min service time (microseconds)                 : -1
	Source events mean service time (microseconds)                : 0
	Source events max service time (microseconds)                 : 0
	Unblock events enqueued                                       : 0
	Total unblock events enqueued                                 : 0
	Cancel events enqueued                                        : 0
	Total cancel events enqueued                                  : 0
	Cancel events min service time (microseconds)                 : -1
	Cancel events mean service time (microseconds)                : 0
	Cancel events max service time (microseconds)                 : 0
	Callback events enqueued                                      : 0
	Total callback events enqueued                                : 0
	Callback events min service time (microseconds)               : -1
	Callback events mean service time (microseconds)              : 0
	Callback events max service time (microseconds)               : 0
	Context source events enqueued                                : 0
	Total context source events enqueued                          : 0
	Context source events min service time (microseconds)         : -1
	Context source events mean service time (microseconds)        : 0
	Context source events max service time (microseconds)         : 0
	Events currently enqueued                                     : 0
	Total events enqueued                                         : 0
	Minimum age of events enqueued (microseconds)                 : -1
	Mean age of events enqueued (microseconds)                    : 0
	Max age of events enqueued (microseconds)                     : 0

Event Queue statistics received from Gateway_Portal_TRD1_event_queue at 10.29.3.105, process ID=22b49c, object ID=1e1d3f0, domain ID=0, sent Tue Oct 06 15:56:30 CDT 2026
	Data messages enqueued                                        : 0
	Total data messages enqueued                                  : 0
	Data messages min service time (microseconds)                 : -1
	Data messages mean service time (microseconds)                : 0
	Data messages max service time (microseconds)                 : 0
	Response messages enqueued                                    : 0
	Total response messages enqueued                              : 0
	Response messages min service time (microseconds)             : -1
	Response messages mean service time (microseconds)            : 0
	Response messages max service time (microseconds)             : 0
	Topicless immediate messages enqueued                         : 0
	Total topicless immediate messages enqueued                   : 0
	Topicless immediate messages min service time (microseconds)  : -1
	Topicless immediate messages mean service time (microseconds) : 0
	Topicless immediate messages max service time (microseconds)  : 0
	Wildcard receiver messages enqueued                           : 0
	Total wildcard receiver messages enqueued                     : 0
	Wildcard receiver messages min service time (microseconds)    : -1
	Wildcard receiver messages mean service time (microseconds)   : 0
	Wildcard receiver messages max service time (microseconds)    : 0
	I/O events enqueued                                           : 0
	Total I/O events enqueued                                     : 0
	I/O events min service time (microseconds)                    : -1
	I/O events mean service time (microseconds)                   : 0
	I/O events max service time (microseconds)                    : 0
	Timer events enqueued                                         : 0
	Total timer events enqueued                                   : 0
	Timer events min service time (microseconds)                  : -1
	Timer events mean service time (microseconds)                 : 0
	Timer events max service time (microseconds)                  : 0
	Source events enqueued                                        : 0
	Total source events enqueued                                  : 0
	Source events min service time (microseconds)                 : -1
	Source events mean service time (microseconds)                : 0
	Source events max service time (microseconds)                 : 0
	Unblock events enqueued                                       : 0
	Total unblock events enqueued                                 : 0
	Cancel events enqueued                                        : 0
	Total cancel events enqueued                                  : 0
	Cancel events min service time (microseconds)                 : -1
	Cancel events mean service time (microseconds)                : 0
	Cancel events max service time (microseconds)                 : 0
	Callback events enqueued                                      : 0
	Total callback events enqueued                                : 0
	Callback events min service time (microseconds)               : -1
	Callback events mean service time (microseconds)              : 0
	Callback events max service time (microseconds)               : 0
	Context source events enqueued                                : 0
	Total context source events enqueued                          : 0
	Context source events min service time (microseconds)         : -1
	Context source events mean service time (microseconds)        : 0
	Context source events max service time (microseconds)         : 0
	Events currently enqueued                                     : 0
	Total events enqueued                                         : 0
	Minimum age of events enqueued (microseconds)                 : -1
	Mean age of events enqueued (microseconds)                    : 0
	Max age of events enqueued (microseconds)                     : 0

Context statistics received from Gateway_Portal_TRD2_src_ctx at 10.29.3.105, process ID=22b49c, object ID=1e266e0, context instance=df13daf3f0e6045a, domain ID=2, sent Tue Oct 06 15:56:30 CDT 2026
	Topic resolution datagrams sent                    : 8
	Topic resolution datagram bytes sent               : 416
	Topic resolution datagrams received                : 14
	Topic resolution datagram bytes received           : 656
	Topic resolution datagrams dropped version         : 0
	Topic resolution datagrams dropped type            : 0
	Topic resolution datagrams dropped malformed       : 0
	Topic resolution datagrams send failed             : 0
	Topic resolution source topics                     : 0
	Topic resolution receiver topics                   : 0
	Topic resolution unresolved receiver topics        : 0
	LBT-RM unknown datagrams received                  : 0
	LBT-RU unknown datagrams received                  : 0
	LBM send calls which blocked                       : 0
	LBM send calls which returned EWOULDBLOCK          : 0
	LBM response calls which blocked                   : 0
	LBM response calls which returned EWOULDBLOCK      : 0
	Number of duplicate UIM messages dropped           : 0
	Number of UIM messages received without stream info: 0
	Number of data message fragments lost              : 0
	Number of data message fragments unrecoverably lost: 0
	Receiver callbacks min service time (microseconds) : -1
	Receiver callbacks max service time (microseconds) : 0
	Receiver callbacks mean service time (microseconds): 0

IM source statistics received from Gateway_Portal_TRD2_src_ctx at 10.29.3.105, process ID=22b49c, object ID=1e266e0, context instance=df13daf3f0e6045a, domain ID=2, sent Tue Oct 06 15:56:30 CDT 2026
Source: LBTRM:10.29.4.105:14391:12265df3:224.10.10.21:14401[4294967295]
Transport: LBT-RM
	LBT-RM datagrams sent                                 : 0
	LBT-RM datagrams bytes sent                           : 0
	LBT-RM datagrams in transmission window               : 0
	LBT-RM datagram bytes in transmission window          : 0
	LBT-RM NAK packets received                           : 0
	LBT-RM NAKs received                                  : 0
	LBT-RM NAKs ignored                                   : 0
	LBT-RM NAKs shed                                      : 0
	LBT-RM NAKs ignored (retransmit delay)                : 0
	LBT-RM retransmission datagrams sent                  : 0
	LBT-RM retransmission datagram bytes sent             : 0
	LBT-RM datagrams queued by rate control               : 0
	LBT-RM retransmission datagrams queued by rate control: 0

Context statistics received from Gateway_Portal_TRD2_rcv_ctx at 10.29.3.105, process ID=22b49c, object ID=1ea7800, context instance=6564a4167c753958, domain ID=2, sent Tue Oct 06 15:56:30 CDT 2026
	Topic resolution datagrams sent                    : 6
	Topic resolution datagram bytes sent               : 240
	Topic resolution datagrams received                : 14
	Topic resolution datagram bytes received           : 656
	Topic resolution datagrams dropped version         : 0
	Topic resolution datagrams dropped type            : 0
	Topic resolution datagrams dropped malformed       : 0
	Topic resolution datagrams send failed             : 0
	Topic resolution source topics                     : 0
	Topic resolution receiver topics                   : 0
	Topic resolution unresolved receiver topics        : 0
	LBT-RM unknown datagrams received                  : 0
	LBT-RU unknown datagrams received                  : 0
	LBM send calls which blocked                       : 0
	LBM send calls which returned EWOULDBLOCK          : 0
	LBM response calls which blocked                   : 0
	LBM response calls which returned EWOULDBLOCK      : 0
	Number of duplicate UIM messages dropped           : 0
	Number of UIM messages received without stream info: 0
	Number of data message fragments lost              : 0
	Number of data message fragments unrecoverably lost: 0
	Receiver callbacks min service time (microseconds) : -1
	Receiver callbacks max service time (microseconds) : 0
	Receiver callbacks mean service time (microseconds): 0

Context statistics received from Gateway_Portal_TRD1_src_ctx at 10.29.3.105, process ID=22b49c, object ID=1bfda50, context instance=afc3a72ab4a0190e, domain ID=1, sent Tue Oct 06 15:56:30 CDT 2026
	Topic resolution datagrams sent                    : 0
	Topic resolution datagram bytes sent               : 0
	Topic resolution datagrams received                : 0
	Topic resolution datagram bytes received           : 0
	Topic resolution datagrams dropped version         : 0
	Topic resolution datagrams dropped type            : 0
	Topic resolution datagrams dropped malformed       : 0
	Topic resolution datagrams send failed             : 0
	Topic resolution source topics                     : 0
	Topic resolution receiver topics                   : 0
	Topic resolution unresolved receiver topics        : 0
	LBT-RM unknown datagrams received                  : 0
	LBT-RU unknown datagrams received                  : 0
	LBM send calls which blocked                       : 0
	LBM send calls which returned EWOULDBLOCK          : 0
	LBM response calls which blocked                   : 0
	LBM response calls which returned EWOULDBLOCK      : 0
	Number of duplicate UIM messages dropped           : 0
	Number of UIM messages received without stream info: 0
	Number of data message fragments lost              : 0
	Number of data message fragments unrecoverably lost: 0
	Receiver callbacks min service time (microseconds) : -1
	Receiver callbacks max service time (microseconds) : 0
	Receiver callbacks mean service time (microseconds): 0

IM source statistics received from Gateway_Portal_TRD1_src_ctx at 10.29.3.105, process ID=22b49c, object ID=1bfda50, context instance=afc3a72ab4a0190e, domain ID=1, sent Tue Oct 06 15:56:30 CDT 2026
Source: LBTRM:10.29.4.105:14390:9dd2ec8f:224.10.10.21:14401[4294967295]
Transport: LBT-RM
	LBT-RM datagrams sent                                 : 0
	LBT-RM datagrams bytes sent                           : 0
	LBT-RM datagrams in transmission window               : 0
	LBT-RM datagram bytes in transmission window          : 0
	LBT-RM NAK packets received                           : 0
	LBT-RM NAKs received                                  : 0
	LBT-RM NAKs ignored                                   : 0
	LBT-RM NAKs shed                                      : 0
	LBT-RM NAKs ignored (retransmit delay)                : 0
	LBT-RM retransmission datagrams sent                  : 0
	LBT-RM retransmission datagram bytes sent             : 0
	LBT-RM datagrams queued by rate control               : 0
	LBT-RM retransmission datagrams queued by rate control: 0

Context statistics received from Gateway_Portal_TRD1_rcv_ctx at 10.29.3.105, process ID=22b49c, object ID=1cf49c0, context instance=8bee4fdb11d451f2, domain ID=1, sent Tue Oct 06 15:56:30 CDT 2026
	Topic resolution datagrams sent                    : 0
	Topic resolution datagram bytes sent               : 0
	Topic resolution datagrams received                : 0
	Topic resolution datagram bytes received           : 0
	Topic resolution datagrams dropped version         : 0
	Topic resolution datagrams dropped type            : 0
	Topic resolution datagrams dropped malformed       : 0
	Topic resolution datagrams send failed             : 0
	Topic resolution source topics                     : 0
	Topic resolution receiver topics                   : 0
	Topic resolution unresolved receiver topics        : 0
	LBT-RM unknown datagrams received                  : 0
	LBT-RU unknown datagrams received                  : 0
	LBM send calls which blocked                       : 0
	LBM send calls which returned EWOULDBLOCK          : 0
	LBM response calls which blocked                   : 0
	LBM response calls which returned EWOULDBLOCK      : 0
	Number of duplicate UIM messages dropped           : 0
	Number of UIM messages received without stream info: 0
	Number of data message fragments lost              : 0
	Number of data message fragments unrecoverably lost: 0
	Receiver callbacks min service time (microseconds) : -1
	Receiver callbacks max service time (microseconds) : 0
	Receiver callbacks mean service time (microseconds): 0

Core-10995-140: [LBMMON] Topic[/29west/statistics] Source[TCP:10.29.3.105:14379:3b62b021[1452537270]], Beginning of Transport Session
Source statistics received from umesrc at 10.29.3.105, process ID=22b4e1, object ID=270ed70, context instance=8d6883de573c3215, domain ID=1, sent Tue Oct 06 15:56:31 CDT 2026
Source: LBTRM:10.29.4.105:14392:935982de:239.101.3.2:14400
Transport: LBT-RM
	LBT-RM datagrams sent                                 : 0
	LBT-RM datagram bytes sent                            : 0
	LBT-RM datagrams in transmission window               : 0
	LBT-RM datagram bytes in transmission window          : 0
	LBT-RM NAK packets received                           : 0
	LBT-RM NAKs received                                  : 0
	LBT-RM NAKs ignored                                   : 0
	LBT-RM NAKs shed                                      : 0
	LBT-RM NAKs ignored (retransmit delay)                : 0
	LBT-RM retransmission datagrams sent                  : 0
	LBT-RM retransmission datagrams bytes sent            : 0
	LBT-RM datagrams queued by rate control               : 0
	LBT-RM retransmission datagrams queued by rate control: 0

Context statistics received from umesrc at 10.29.3.105, process ID=22b4e1, object ID=270ed70, context instance=8d6883de573c3215, domain ID=1, sent Tue Oct 06 15:56:31 CDT 2026
	Topic resolution datagrams sent                    : 0
	Topic resolution datagram bytes sent               : 0
	Topic resolution datagrams received                : 0
	Topic resolution datagram bytes received           : 0
	Topic resolution datagrams dropped version         : 0
	Topic resolution datagrams dropped type            : 0
	Topic resolution datagrams dropped malformed       : 0
	Topic resolution datagrams send failed             : 0
	Topic resolution source topics                     : 1
	Topic resolution receiver topics                   : 0
	Topic resolution unresolved receiver topics        : 0
	LBT-RM unknown datagrams received                  : 0
	LBT-RU unknown datagrams received                  : 0
	LBM send calls which blocked                       : 0
	LBM send calls which returned EWOULDBLOCK          : 0
	LBM response calls which blocked                   : 0
	LBM response calls which returned EWOULDBLOCK      : 0
	Number of duplicate UIM messages dropped           : 0
	Number of UIM messages received without stream info: 0
	Number of data message fragments lost              : 0
	Number of data message fragments unrecoverably lost: 0
	Receiver callbacks min service time (microseconds) : -1
	Receiver callbacks max service time (microseconds) : 0
	Receiver callbacks mean service time (microseconds): 0

Store statistics received from store_topic1 at 10.29.3.105, process ID=22b4ba, object ID=2316550, context instance=d00c3c82816738ec, domain ID=0, sent Tue Oct 06 15:56:32 CDT 2026
ume_retx_stat_interval: 5
smart_heap_stat {
  poolsize: 307154720
  poolcount: 87340
  smallBlockSize: 256
  pageSize: 65504
}

Context statistics received from store_appid_topic1 at 10.29.3.105, process ID=22b4ba, object ID=2316550, context instance=d00c3c82816738ec, domain ID=1, sent Tue Oct 06 15:56:33 CDT 2026
	Topic resolution datagrams sent                    : 0
	Topic resolution datagram bytes sent               : 0
	Topic resolution datagrams received                : 0
	Topic resolution datagram bytes received           : 0
	Topic resolution datagrams dropped version         : 0
	Topic resolution datagrams dropped type            : 0
	Topic resolution datagrams dropped malformed       : 0
	Topic resolution datagrams send failed             : 0
	Topic resolution source topics                     : 0
	Topic resolution receiver topics                   : 0
	Topic resolution unresolved receiver topics        : 0
	LBT-RM unknown datagrams received                  : 0
	LBT-RU unknown datagrams received                  : 0
	LBM send calls which blocked                       : 0
	LBM send calls which returned EWOULDBLOCK          : 0
	LBM response calls which blocked                   : 0
	LBM response calls which returned EWOULDBLOCK      : 0
	Number of duplicate UIM messages dropped           : 0
	Number of UIM messages received without stream info: 0
	Number of data message fragments lost              : 0
	Number of data message fragments unrecoverably lost: 0
	Receiver callbacks min service time (microseconds) : -1
	Receiver callbacks max service time (microseconds) : 0
	Receiver callbacks mean service time (microseconds): 0

Context statistics received from store_appid_topic1 at 10.29.3.105, process ID=22b4ba, object ID=2771320, context instance=5d860c059005990e, domain ID=1, sent Tue Oct 06 15:56:33 CDT 2026
	Topic resolution datagrams sent                    : 0
	Topic resolution datagram bytes sent               : 0
	Topic resolution datagrams received                : 0
	Topic resolution datagram bytes received           : 0
	Topic resolution datagrams dropped version         : 0
	Topic resolution datagrams dropped type            : 0
	Topic resolution datagrams dropped malformed       : 0
	Topic resolution datagrams send failed             : 0
	Topic resolution source topics                     : 0
	Topic resolution receiver topics                   : 0
	Topic resolution unresolved receiver topics        : 0
	LBT-RM unknown datagrams received                  : 0
	LBT-RU unknown datagrams received                  : 0
	LBM send calls which blocked                       : 0
	LBM send calls which returned EWOULDBLOCK          : 0
	LBM response calls which blocked                   : 0
	LBM response calls which returned EWOULDBLOCK      : 0
	Number of duplicate UIM messages dropped           : 0
	Number of UIM messages received without stream info: 0
	Number of data message fragments lost              : 0
	Number of data message fragments unrecoverably lost: 0
	Receiver callbacks min service time (microseconds) : -1
	Receiver callbacks max service time (microseconds) : 0
	Receiver callbacks mean service time (microseconds): 0

SRS statistics received from srs1 at 10.29.4.105, process ID=22b42f, domain ID=0, sent Tue Oct 06 15:56:35 CDT 2026
um_client {
  um_client_info {
    ip: "10.29.4.105"
    port: 49937
    session_id: "0xaae8bdd7"
  }
  client_rtir_received_count: 1
  client_dir_sent_count: 1
  client_rtir_sent_count: 1
}

SRS statistics received from srs1 at 10.29.4.105, process ID=22b42f, domain ID=0, sent Tue Oct 06 15:56:35 CDT 2026
um_client {
  um_client_info {
    ip: "10.29.4.105"
    port: 47705
    session_id: "0x1f614ade"
  }
  client_dir_sent_count: 1
  client_rtir_sent_count: 1
  client_cnir_sent_count: 1
}

SRS statistics received from srs1 at 10.29.4.105, process ID=22b42f, domain ID=0, sent Tue Oct 06 15:56:35 CDT 2026
um_client {
  um_client_info {
    ip: "10.29.4.105"
    port: 46229
    session_id: "0xc0bf9235"
  }
  client_cnir_received_count: 1
  client_dir_sent_count: 1
  client_rtir_sent_count: 2
}

SRS statistics received from srs1 at 10.29.4.105, process ID=22b42f, domain ID=0, sent Tue Oct 06 15:56:35 CDT 2026
um_client {
  um_client_info {
    ip: "10.29.4.105"
    port: 41699
    session_id: "0x85c43d1d"
  }
  client_dir_sent_count: 1
  client_rtir_sent_count: 2
}

SRS statistics received from srs1 at 10.29.4.105, process ID=22b42f, domain ID=0, sent Tue Oct 06 15:56:35 CDT 2026
srs {
  clients_next_client_id: 5
  active_clients_count: 4
  clients_connects_count: 4
  clients_max_concurrent_connections_count: 4
  clients_active_cnir_count: 1
  clients_active_dir_count: 2
  clients_active_rtir_count: 1
}

SRS statistics received from srs1 at 10.29.4.105, process ID=22b42f, domain ID=0, sent Tue Oct 06 15:56:35 CDT 2026
internal {
  srs_otidmap_shards: "4"
  srs_topicmap_shards: "4"
  srs_routemap_shards: "4"
  srs_namemap_shards: "4"
}

SRS statistics received from srs1 at 10.29.4.105, process ID=22b42f, domain ID=0, sent Tue Oct 06 15:56:35 CDT 2026
version: "1.0"
daemon_log_type: "console"
daemon_log_frequency: "disable"
daemon_log_size: "10"
daemon_log_max_history: "10"
daemon_log_total_size_cap: "1000"
daemon_log_compression: "none"
daemon_pid_file: "srs.pid"
srs_interface: "10.29.4.105"
srs_port: "12601"
srs_source_state_lifetime: "86400"
srs_interest_state_lifetime: "86400"
srs_route_state_lifetime: "30"
srs_context_name_state_lifetime: "86400"
srs_source_leave_backoff: "500"
srs_clientactor_request_stream_max_msg_count: "1000"
srs_clientactor_record_queue_service_interval: "10"
srs_clientactor_batch_frame_max_record_count: "50"
srs_clientactor_batch_frame_max_datagram_size: "8192"
srs_application_id: "srs1"
debug_monitor_interface: "localhost"
debug_monitor_port: "27001"
debug_monitor_enabled: "false"
debug_monitor_ping_interval: "60000"
daemon_monitor_topic: "/29west/statistics"
daemon_monitor_ping_interval: "5000"
daemon_monitor_publishing_interval_default: "5000"
daemon_monitor_publishing_interval_srs_stats: "5000"
daemon_monitor_publishing_interval_um_client_stats: "5000"
daemon_monitor_publishing_interval_connection_events: "5000"
daemon_monitor_publishing_interval_srs_error_stats: "5000"
daemon_monitor_publishing_interval_um_client_error_stats: "5000"
daemon_monitor_publishing_interval_config_opts: "5000"
daemon_monitor_publishing_interval_internal_config_opts: "5000"
daemon_monitor_publish_connection_events_allow: "false"
daemon_monitor_remote_snapshot_request_allow: "false"
daemon_monitor_remote_config_changes_request_allow: "false"
daemon_monitor_monitor_format: "pb"
daemon_monitor_lbm_attributes {
  scope: "context"
  name: "default_interface"
  value: "10.29.3.0/24"
}
daemon_monitor_lbm_attributes {
  scope: "context"
  name: "mim_incoming_address"
  value: "0.0.0.0"
}
daemon_monitor_lbm_attributes {
  scope: "context"
  name: "request_tcp_interface"
  value: "10.29.3.0/24"
}
daemon_monitor_lbm_attributes {
  scope: "context"
  name: "request_tcp_reuseaddr"
  value: "1"
}
daemon_monitor_lbm_attributes {
  scope: "context"
  name: "resolver_disable_udp_topic_resolution"
  value: "0"
}
daemon_monitor_lbm_attributes {
  scope: "context"
  name: "resolver_service"
  value: "0.0.0.0:0"
}
daemon_monitor_lbm_attributes {
  scope: "context"
  name: "resolver_unicast_daemon"
  value: "0.0.0.0:0,10.29.3.105:12801"
}
daemon_monitor_lbm_attributes {
  scope: "context"
  name: "resolver_unicast_port_high"
  value: "12809"
}
daemon_monitor_lbm_attributes {
  scope: "context"
  name: "resolver_unicast_port_low"
  value: "12802"
}
daemon_monitor_lbm_attributes {
  scope: "source"
  name: "transport"
  value: "tcp"
}

SRS statistics received from srs1 at 10.29.4.105, process ID=22b42f, domain ID=0, sent Tue Oct 06 15:56:35 CDT 2026
um_client_error {
  um_client_info {
    ip: "10.29.4.105"
    port: 49937
    session_id: "0xaae8bdd7"
  }
}

SRS statistics received from srs1 at 10.29.4.105, process ID=22b42f, domain ID=0, sent Tue Oct 06 15:56:35 CDT 2026
um_client_error {
  um_client_info {
    ip: "10.29.4.105"
    port: 47705
    session_id: "0x1f614ade"
  }
}

SRS statistics received from srs1 at 10.29.4.105, process ID=22b42f, domain ID=0, sent Tue Oct 06 15:56:35 CDT 2026
um_client_error {
  um_client_info {
    ip: "10.29.4.105"
    port: 46229
    session_id: "0xc0bf9235"
  }
}

SRS statistics received from srs1 at 10.29.4.105, process ID=22b42f, domain ID=0, sent Tue Oct 06 15:56:35 CDT 2026
um_client_error {
  um_client_info {
    ip: "10.29.4.105"
    port: 41699
    session_id: "0x85c43d1d"
  }
}

Gateway statistics received from dro1 at 10.29.3.105, process ID=22b49c, object ID=1b54c30, domain ID=0, sent Tue Oct 06 15:56:35 CDT 2026
local {
  gateway_name: "dro1"
  gateway_id: 17080559106476924158
  version: 2
  topology_signature: 4145639977
  recalc_duration_usec: 56
  graph_version: 2
  gateway_count: 1
  trd_count: 2
  malloc_info {
    arena: 23965696
    ordblks: 24
    hblks: 26
    hblkhd: 23453696
    uordblks: 22339776
    fordblks: 1625920
  }
}
portals {
  portal_name: "TRD1"
  cost: 1
  recalc_duration_usec: 56
  proxy_rec_recalc_duration_usec: 132
  endpoint {
    receive {
    }
    send {
      data_bytes_enqueued_limit: 1000000
    }
  }
}
portals {
  portal_name: "TRD2"
  portal_index: 1
  cost: 1
  proxy_receivers: 1
  receiver_topics: 1
  recalc_duration_usec: 56
  proxy_rec_recalc_duration_usec: 183
  endpoint {
    receive {
    }
    send {
      data_bytes_enqueued_limit: 1000000
    }
  }
}

Event Queue statistics received from Gateway_Portal_TRD1_event_queue at 10.29.3.105, process ID=22b49c, object ID=1e1d3f0, domain ID=0, sent Tue Oct 06 15:56:35 CDT 2026
	Data messages enqueued                                        : 0
	Total data messages enqueued                                  : 0
	Data messages min service time (microseconds)                 : -1
	Data messages mean service time (microseconds)                : 0
	Data messages max service time (microseconds)                 : 0
	Response messages enqueued                                    : 0
	Total response messages enqueued                              : 0
	Response messages min service time (microseconds)             : -1
	Response messages mean service time (microseconds)            : 0
	Response messages max service time (microseconds)             : 0
	Topicless immediate messages enqueued                         : 0
	Total topicless immediate messages enqueued                   : 0
	Topicless immediate messages min service time (microseconds)  : -1
	Topicless immediate messages mean service time (microseconds) : 0
	Topicless immediate messages max service time (microseconds)  : 0
	Wildcard receiver messages enqueued                           : 0
	Total wildcard receiver messages enqueued                     : 0
	Wildcard receiver messages min service time (microseconds)    : -1
	Wildcard receiver messages mean service time (microseconds)   : 0
	Wildcard receiver messages max service time (microseconds)    : 0
	I/O events enqueued                                           : 0
	Total I/O events enqueued                                     : 0
	I/O events min service time (microseconds)                    : -1
	I/O events mean service time (microseconds)                   : 0
	I/O events max service time (microseconds)                    : 0
	Timer events enqueued                                         : 0
	Total timer events enqueued                                   : 0
	Timer events min service time (microseconds)                  : -1
	Timer events mean service time (microseconds)                 : 0
	Timer events max service time (microseconds)                  : 0
	Source events enqueued                                        : 0
	Total source events enqueued                                  : 0
	Source events min service time (microseconds)                 : -1
	Source events mean service time (microseconds)                : 0
	Source events max service time (microseconds)                 : 0
	Unblock events enqueued                                       : 0
	Total unblock events enqueued                                 : 0
	Cancel events enqueued                                        : 0
	Total cancel events enqueued                                  : 0
	Cancel events min service time (microseconds)                 : -1
	Cancel events mean service time (microseconds)                : 0
	Cancel events max service time (microseconds)                 : 0
	Callback events enqueued                                      : 0
	Total callback events enqueued                                : 0
	Callback events min service time (microseconds)               : -1
	Callback events mean service time (microseconds)              : 0
	Callback events max service time (microseconds)               : 0
	Context source events enqueued                                : 0
	Total context source events enqueued                          : 0
	Context source events min service time (microseconds)         : -1
	Context source events mean service time (microseconds)        : 0
	Context source events max service time (microseconds)         : 0
	Events currently enqueued                                     : 0
	Total events enqueued                                         : 0
	Minimum age of events enqueued (microseconds)                 : -1
	Mean age of events enqueued (microseconds)                    : 0
	Max age of events enqueued (microseconds)                     : 0

Event Queue statistics received from Gateway_Portal_TRD2_event_queue at 10.29.3.105, process ID=22b49c, object ID=1f5a160, domain ID=0, sent Tue Oct 06 15:56:35 CDT 2026
	Data messages enqueued                                        : 0
	Total data messages enqueued                                  : 0
	Data messages min service time (microseconds)                 : -1
	Data messages mean service time (microseconds)                : 0
	Data messages max service time (microseconds)                 : 0
	Response messages enqueued                                    : 0
	Total response messages enqueued                              : 0
	Response messages min service time (microseconds)             : -1
	Response messages mean service time (microseconds)            : 0
	Response messages max service time (microseconds)             : 0
	Topicless immediate messages enqueued                         : 0
	Total topicless immediate messages enqueued                   : 0
	Topicless immediate messages min service time (microseconds)  : -1
	Topicless immediate messages mean service time (microseconds) : 0
	Topicless immediate messages max service time (microseconds)  : 0
	Wildcard receiver messages enqueued                           : 0
	Total wildcard receiver messages enqueued                     : 0
	Wildcard receiver messages min service time (microseconds)    : -1
	Wildcard receiver messages mean service time (microseconds)   : 0
	Wildcard receiver messages max service time (microseconds)    : 0
	I/O events enqueued                                           : 0
	Total I/O events enqueued                                     : 0
	I/O events min service time (microseconds)                    : -1
	I/O events mean service time (microseconds)                   : 0
	I/O events max service time (microseconds)                    : 0
	Timer events enqueued                                         : 0
	Total timer events enqueued                                   : 0
	Timer events min service time (microseconds)                  : -1
	Timer events mean service time (microseconds)                 : 0
	Timer events max service time (microseconds)                  : 0
	Source events enqueued                                        : 0
	Total source events enqueued                                  : 0
	Source events min service time (microseconds)                 : -1
	Source events mean service time (microseconds)                : 0
	Source events max service time (microseconds)                 : 0
	Unblock events enqueued                                       : 0
	Total unblock events enqueued                                 : 0
	Cancel events enqueued                                        : 0
	Total cancel events enqueued                                  : 0
	Cancel events min service time (microseconds)                 : -1
	Cancel events mean service time (microseconds)                : 0
	Cancel events max service time (microseconds)                 : 0
	Callback events enqueued                                      : 0
	Total callback events enqueued                                : 0
	Callback events min service time (microseconds)               : -1
	Callback events mean service time (microseconds)              : 0
	Callback events max service time (microseconds)               : 0
	Context source events enqueued                                : 0
	Total context source events enqueued                          : 0
	Context source events min service time (microseconds)         : -1
	Context source events mean service time (microseconds)        : 0
	Context source events max service time (microseconds)         : 0
	Events currently enqueued                                     : 0
	Total events enqueued                                         : 0
	Minimum age of events enqueued (microseconds)                 : -1
	Mean age of events enqueued (microseconds)                    : 0
	Max age of events enqueued (microseconds)                     : 0

Context statistics received from Gateway_Portal_TRD1_src_ctx at 10.29.3.105, process ID=22b49c, object ID=1bfda50, context instance=afc3a72ab4a0190e, domain ID=1, sent Tue Oct 06 15:56:35 CDT 2026
	Topic resolution datagrams sent                    : 0
	Topic resolution datagram bytes sent               : 0
	Topic resolution datagrams received                : 0
	Topic resolution datagram bytes received           : 0
	Topic resolution datagrams dropped version         : 0
	Topic resolution datagrams dropped type            : 0
	Topic resolution datagrams dropped malformed       : 0
	Topic resolution datagrams send failed             : 0
	Topic resolution source topics                     : 0
	Topic resolution receiver topics                   : 0
	Topic resolution unresolved receiver topics        : 0
	LBT-RM unknown datagrams received                  : 0
	LBT-RU unknown datagrams received                  : 0
	LBM send calls which blocked                       : 0
	LBM send calls which returned EWOULDBLOCK          : 0
	LBM response calls which blocked                   : 0
	LBM response calls which returned EWOULDBLOCK      : 0
	Number of duplicate UIM messages dropped           : 0
	Number of UIM messages received without stream info: 0
	Number of data message fragments lost              : 0
	Number of data message fragments unrecoverably lost: 0
	Receiver callbacks min service time (microseconds) : -1
	Receiver callbacks max service time (microseconds) : 0
	Receiver callbacks mean service time (microseconds): 0

IM source statistics received from Gateway_Portal_TRD1_src_ctx at 10.29.3.105, process ID=22b49c, object ID=1bfda50, context instance=afc3a72ab4a0190e, domain ID=1, sent Tue Oct 06 15:56:35 CDT 2026
Source: LBTRM:10.29.4.105:14390:9dd2ec8f:224.10.10.21:14401[4294967295]
Transport: LBT-RM
	LBT-RM datagrams sent                                 : 0
	LBT-RM datagrams bytes sent                           : 0
	LBT-RM datagrams in transmission window               : 0
	LBT-RM datagram bytes in transmission window          : 0
	LBT-RM NAK packets received                           : 0
	LBT-RM NAKs received                                  : 0
	LBT-RM NAKs ignored                                   : 0
	LBT-RM NAKs shed                                      : 0
	LBT-RM NAKs ignored (retransmit delay)                : 0
	LBT-RM retransmission datagrams sent                  : 0
	LBT-RM retransmission datagram bytes sent             : 0
	LBT-RM datagrams queued by rate control               : 0
	LBT-RM retransmission datagrams queued by rate control: 0

Context statistics received from Gateway_Portal_TRD1_rcv_ctx at 10.29.3.105, process ID=22b49c, object ID=1cf49c0, context instance=8bee4fdb11d451f2, domain ID=1, sent Tue Oct 06 15:56:35 CDT 2026
	Topic resolution datagrams sent                    : 0
	Topic resolution datagram bytes sent               : 0
	Topic resolution datagrams received                : 0
	Topic resolution datagram bytes received           : 0
	Topic resolution datagrams dropped version         : 0
	Topic resolution datagrams dropped type            : 0
	Topic resolution datagrams dropped malformed       : 0
	Topic resolution datagrams send failed             : 0
	Topic resolution source topics                     : 0
	Topic resolution receiver topics                   : 0
	Topic resolution unresolved receiver topics        : 0
	LBT-RM unknown datagrams received                  : 0
	LBT-RU unknown datagrams received                  : 0
	LBM send calls which blocked                       : 0
	LBM send calls which returned EWOULDBLOCK          : 0
	LBM response calls which blocked                   : 0
	LBM response calls which returned EWOULDBLOCK      : 0
	Number of duplicate UIM messages dropped           : 0
	Number of UIM messages received without stream info: 0
	Number of data message fragments lost              : 0
	Number of data message fragments unrecoverably lost: 0
	Receiver callbacks min service time (microseconds) : -1
	Receiver callbacks max service time (microseconds) : 0
	Receiver callbacks mean service time (microseconds): 0

Context statistics received from Gateway_Portal_TRD2_src_ctx at 10.29.3.105, process ID=22b49c, object ID=1e266e0, context instance=df13daf3f0e6045a, domain ID=2, sent Tue Oct 06 15:56:35 CDT 2026
	Topic resolution datagrams sent                    : 18
	Topic resolution datagram bytes sent               : 992
	Topic resolution datagrams received                : 38
	Topic resolution datagram bytes received           : 1855
	Topic resolution datagrams dropped version         : 0
	Topic resolution datagrams dropped type            : 0
	Topic resolution datagrams dropped malformed       : 0
	Topic resolution datagrams send failed             : 0
	Topic resolution source topics                     : 0
	Topic resolution receiver topics                   : 0
	Topic resolution unresolved receiver topics        : 0
	LBT-RM unknown datagrams received                  : 0
	LBT-RU unknown datagrams received                  : 0
	LBM send calls which blocked                       : 0
	LBM send calls which returned EWOULDBLOCK          : 0
	LBM response calls which blocked                   : 0
	LBM response calls which returned EWOULDBLOCK      : 0
	Number of duplicate UIM messages dropped           : 0
	Number of UIM messages received without stream info: 0
	Number of data message fragments lost              : 0
	Number of data message fragments unrecoverably lost: 0
	Receiver callbacks min service time (microseconds) : -1
	Receiver callbacks max service time (microseconds) : 0
	Receiver callbacks mean service time (microseconds): 0

IM source statistics received from Gateway_Portal_TRD2_src_ctx at 10.29.3.105, process ID=22b49c, object ID=1e266e0, context instance=df13daf3f0e6045a, domain ID=2, sent Tue Oct 06 15:56:35 CDT 2026
Source: LBTRM:10.29.4.105:14391:12265df3:224.10.10.21:14401[4294967295]
Transport: LBT-RM
	LBT-RM datagrams sent                                 : 0
	LBT-RM datagrams bytes sent                           : 0
	LBT-RM datagrams in transmission window               : 0
	LBT-RM datagram bytes in transmission window          : 0
	LBT-RM NAK packets received                           : 0
	LBT-RM NAKs received                                  : 0
	LBT-RM NAKs ignored                                   : 0
	LBT-RM NAKs shed                                      : 0
	LBT-RM NAKs ignored (retransmit delay)                : 0
	LBT-RM retransmission datagrams sent                  : 0
	LBT-RM retransmission datagram bytes sent             : 0
	LBT-RM datagrams queued by rate control               : 0
	LBT-RM retransmission datagrams queued by rate control: 0

Context statistics received from Gateway_Portal_TRD2_rcv_ctx at 10.29.3.105, process ID=22b49c, object ID=1ea7800, context instance=6564a4167c753958, domain ID=2, sent Tue Oct 06 15:56:35 CDT 2026
	Topic resolution datagrams sent                    : 20
	Topic resolution datagram bytes sent               : 863
	Topic resolution datagrams received                : 38
	Topic resolution datagram bytes received           : 1855
	Topic resolution datagrams dropped version         : 0
	Topic resolution datagrams dropped type            : 0
	Topic resolution datagrams dropped malformed       : 0
	Topic resolution datagrams send failed             : 0
	Topic resolution source topics                     : 0
	Topic resolution receiver topics                   : 1
	Topic resolution unresolved receiver topics        : 1
	LBT-RM unknown datagrams received                  : 0
	LBT-RU unknown datagrams received                  : 0
	LBM send calls which blocked                       : 0
	LBM send calls which returned EWOULDBLOCK          : 0
	LBM response calls which blocked                   : 0
	LBM response calls which returned EWOULDBLOCK      : 0
	Number of duplicate UIM messages dropped           : 0
	Number of UIM messages received without stream info: 0
	Number of data message fragments lost              : 0
	Number of data message fragments unrecoverably lost: 0
	Receiver callbacks min service time (microseconds) : -1
	Receiver callbacks max service time (microseconds) : 0
	Receiver callbacks mean service time (microseconds): 0

Source statistics received from umesrc at 10.29.3.105, process ID=22b4e1, object ID=270ed70, context instance=8d6883de573c3215, domain ID=1, sent Tue Oct 06 15:56:36 CDT 2026
Source: LBTRM:10.29.4.105:14392:935982de:239.101.3.2:14400
Transport: LBT-RM
	LBT-RM datagrams sent                                 : 8
	LBT-RM datagram bytes sent                            : 2600
	LBT-RM datagrams in transmission window               : 8
	LBT-RM datagram bytes in transmission window          : 2600
	LBT-RM NAK packets received                           : 0
	LBT-RM NAKs received                                  : 0
	LBT-RM NAKs ignored                                   : 0
	LBT-RM NAKs shed                                      : 0
	LBT-RM NAKs ignored (retransmit delay)                : 0
	LBT-RM retransmission datagrams sent                  : 0
	LBT-RM retransmission datagrams bytes sent            : 0
	LBT-RM datagrams queued by rate control               : 0
	LBT-RM retransmission datagrams queued by rate control: 0

Context statistics received from umesrc at 10.29.3.105, process ID=22b4e1, object ID=270ed70, context instance=8d6883de573c3215, domain ID=1, sent Tue Oct 06 15:56:36 CDT 2026
	Topic resolution datagrams sent                    : 0
	Topic resolution datagram bytes sent               : 0
	Topic resolution datagrams received                : 0
	Topic resolution datagram bytes received           : 0
	Topic resolution datagrams dropped version         : 0
	Topic resolution datagrams dropped type            : 0
	Topic resolution datagrams dropped malformed       : 0
	Topic resolution datagrams send failed             : 0
	Topic resolution source topics                     : 1
	Topic resolution receiver topics                   : 0
	Topic resolution unresolved receiver topics        : 0
	LBT-RM unknown datagrams received                  : 0
	LBT-RU unknown datagrams received                  : 0
	LBM send calls which blocked                       : 0
	LBM send calls which returned EWOULDBLOCK          : 0
	LBM response calls which blocked                   : 0
	LBM response calls which returned EWOULDBLOCK      : 0
	Number of duplicate UIM messages dropped           : 0
	Number of UIM messages received without stream info: 0
	Number of data message fragments lost              : 0
	Number of data message fragments unrecoverably lost: 0
	Receiver callbacks min service time (microseconds) : -1
	Receiver callbacks max service time (microseconds) : 0
	Receiver callbacks mean service time (microseconds): 0

Core-10995-140: [LBMMON] Topic[/29west/statistics] Source[TCP:10.29.3.105:14374:6b7a570e[287917344]], Beginning of Transport Session
Event Queue statistics received from umercv at 10.29.3.105, process ID=22b4f6, object ID=1e43c80, domain ID=0, sent Tue Oct 06 15:56:37 CDT 2026
	Data messages enqueued                                        : 0
	Total data messages enqueued                                  : 0
	Data messages min service time (microseconds)                 : -1
	Data messages mean service time (microseconds)                : 0
	Data messages max service time (microseconds)                 : 0
	Response messages enqueued                                    : 0
	Total response messages enqueued                              : 0
	Response messages min service time (microseconds)             : -1
	Response messages mean service time (microseconds)            : 0
	Response messages max service time (microseconds)             : 0
	Topicless immediate messages enqueued                         : 0
	Total topicless immediate messages enqueued                   : 0
	Topicless immediate messages min service time (microseconds)  : -1
	Topicless immediate messages mean service time (microseconds) : 0
	Topicless immediate messages max service time (microseconds)  : 0
	Wildcard receiver messages enqueued                           : 0
	Total wildcard receiver messages enqueued                     : 0
	Wildcard receiver messages min service time (microseconds)    : -1
	Wildcard receiver messages mean service time (microseconds)   : 0
	Wildcard receiver messages max service time (microseconds)    : 0
	I/O events enqueued                                           : 0
	Total I/O events enqueued                                     : 0
	I/O events min service time (microseconds)                    : -1
	I/O events mean service time (microseconds)                   : 0
	I/O events max service time (microseconds)                    : 0
	Timer events enqueued                                         : 0
	Total timer events enqueued                                   : 0
	Timer events min service time (microseconds)                  : -1
	Timer events mean service time (microseconds)                 : 0
	Timer events max service time (microseconds)                  : 0
	Source events enqueued                                        : 0
	Total source events enqueued                                  : 0
	Source events min service time (microseconds)                 : -1
	Source events mean service time (microseconds)                : 0
	Source events max service time (microseconds)                 : 0
	Unblock events enqueued                                       : 0
	Total unblock events enqueued                                 : 0
	Cancel events enqueued                                        : 0
	Total cancel events enqueued                                  : 0
	Cancel events min service time (microseconds)                 : -1
	Cancel events mean service time (microseconds)                : 0
	Cancel events max service time (microseconds)                 : 0
	Callback events enqueued                                      : 0
	Total callback events enqueued                                : 0
	Callback events min service time (microseconds)               : -1
	Callback events mean service time (microseconds)              : 0
	Callback events max service time (microseconds)               : 0
	Context source events enqueued                                : 0
	Total context source events enqueued                          : 0
	Context source events min service time (microseconds)         : -1
	Context source events mean service time (microseconds)        : 0
	Context source events max service time (microseconds)         : 0
	Events currently enqueued                                     : 0
	Total events enqueued                                         : 0
	Minimum age of events enqueued (microseconds)                 : -1
	Mean age of events enqueued (microseconds)                    : 0
	Max age of events enqueued (microseconds)                     : 0

Receiver statistics received from umercv at 10.29.3.105, process ID=22b4f6, object ID=1ed28e0, context instance=8a3b09f8ad01e8cf, domain ID=2, sent Tue Oct 06 15:56:37 CDT 2026
Source: LBTRM:10.29.4.105:14393:1599718b:239.101.3.3:14400
Transport: LBT-RM
	LBT-RM datagrams received                                 : 1
	LBT-RM datagram bytes received                            : 732
	LBT-RM NAK packets sent                                   : 0
	LBT-RM NAKs sent                                          : 0
	Lost LBT-RM datagrams detected                            : 0
	NCFs received (ignored)                                   : 0
	NCFs received (shed)                                      : 0
	NCFs received (retransmit delay)                          : 0
	NCFs received (unknown)                                   : 0
	Loss recovery minimum time                                : -1ms
	Loss recovery mean time                                   : 0ms
	Loss recovery maximum time                                : 0ms
	Minimum transmissions per individual NAK                  : -1
	Mean transmissions per individual NAK                     : 0
	Maximum transmissions per individual NAK                  : 0
	Duplicate LBT-RM datagrams received                       : 0
	LBT-RM datagrams unrecoverable (window advance)           : 0
	LBT-RM datagrams unrecoverable (NAK generation expiration): 0
	LBT-RM LBM messages received                              : 1
	LBT-RM LBM messages received with uninteresting topic     : 0
	LBT-RM LBM requests received                              : 0
	LBT-RM datagrams dropped (size)                           : 0
	LBT-RM datagrams dropped (type)                           : 0
	LBT-RM datagrams dropped (version)                        : 0
	LBT-RM datagrams dropped (header)                         : 0
	LBT-RM datagrams dropped (other)                          : 0
	LBT-RM datagrams received out of order                    : 0

Context statistics received from umercv at 10.29.3.105, process ID=22b4f6, object ID=1ed28e0, context instance=8a3b09f8ad01e8cf, domain ID=2, sent Tue Oct 06 15:56:37 CDT 2026
	Topic resolution datagrams sent                    : 4
	Topic resolution datagram bytes sent               : 188
	Topic resolution datagrams received                : 17
	Topic resolution datagram bytes received           : 1626
	Topic resolution datagrams dropped version         : 0
	Topic resolution datagrams dropped type            : 0
	Topic resolution datagrams dropped malformed       : 0
	Topic resolution datagrams send failed             : 0
	Topic resolution source topics                     : 0
	Topic resolution receiver topics                   : 1
	Topic resolution unresolved receiver topics        : 0
	LBT-RM unknown datagrams received                  : 0
	LBT-RU unknown datagrams received                  : 0
	LBM send calls which blocked                       : 0
	LBM send calls which returned EWOULDBLOCK          : 0
	LBM response calls which blocked                   : 0
	LBM response calls which returned EWOULDBLOCK      : 0
	Number of duplicate UIM messages dropped           : 0
	Number of UIM messages received without stream info: 0
	Number of data message fragments lost              : 0
	Number of data message fragments unrecoverably lost: 0
	Receiver callbacks min service time (microseconds) : -1
	Receiver callbacks max service time (microseconds) : 0
	Receiver callbacks mean service time (microseconds): 0

Store statistics received from store_topic1 at 10.29.3.105, process ID=22b4ba, object ID=2316550, context instance=d00c3c82816738ec, domain ID=0, sent Tue Oct 06 15:56:37 CDT 2026
lbm_version: "UMP 6.17 [UMP-6.17] [64-bit] Build: Jan 17 2025, 15:08:54 ( DEBUG license LBT-RM LBT-RU LBT-IPC LBT-SMX ) WC[PCRE 7.4 2007-09-21, regex, appcb] HRT[gettimeofday()]"
smartheap_version: "9.0.1"
store_name: "store_topic1"
ip_addr: 1761877258
port: 12801
disk_cache_dir_name: "cache"
disk_state_dir_name: "state"
max_retransmission_processing_rate: 262144
src_count: 1
context_id: 105224939
pattern_configs {
  pattern: "topic1"
}
topic_configs {
  dmon_topic_idx: 1
  topic_name: "topic1"
  repo_configs {
    src_regid: 4228464808
    dmon_topic_idx: 1
    otid: "100a1d04693838ef6503023840de825993051223833af7268992c57d7b000002"
    src_domain_id: 1
    src_flightsz_bytes: 1999999999
    repo_sz_threshold: 141000000
    repo_sz_limit: 165000000
    repo_disk_sz_limit: 8589934592
    repo_disk_write_delay: 1500
    repository_type: REPO_TYPE_DISK
    allow_ack_on_reception: ALLOW_ACK_ON_RECEPTION
    disk_max_write_aiocbs: 1
    disk_max_read_aiocbs: 10000
    disk_aio_buffer_len: 1024000
    source_string: "LBTRM:10.29.4.105:14392:de825993:239.101.3.2:16440[85074819]"
  }
}

Store statistics received from store_topic1 at 10.29.3.105, process ID=22b4ba, object ID=2316550, context instance=d00c3c82816738ec, domain ID=0, sent Tue Oct 06 15:56:37 CDT 2026
ume_retx_stat_interval: 10
src_count: 1
smart_heap_stat {
  poolsize: 310549056
  poolcount: 87702
  smallBlockSize: 256
  pageSize: 65504
}
src_repo_stats {
  src_regid: 4228464808
  topic_name: "topic1"
  message_map_sz: 4
  memory_sz: 776
  rpp_memory_sz: 700
  lead_sqn: 3
  sync_sqn: 3
  sync_complete_sqn: 3
  mem_trail_sqn: 3
  contig_sqn: 3
  flags: 2
  last_activity_timestamp_sec: 1791320197
  src_disk_stat {
    max_offset: 8589934592
    offset: 2992
  }
}

Store statistics received from store_topic1 at 10.29.3.105, process ID=22b4ba, object ID=2316550, context instance=d00c3c82816738ec, domain ID=0, sent Tue Oct 06 15:56:37 CDT 2026
events {
  timestamp_sec: 1791320194
  timestamp_usec: 697030
  event_type: TOPIC_CREATE_EVENT
  topic_name: "topic1"
}
events {
  timestamp_sec: 1791320194
  timestamp_usec: 697096
  event_type: SOURCE_REGISTERED_EVENT
  lead_sqn: 4294967295
  src_regid: 4228464808
}

Receiver statistics received from store_appid_topic1 at 10.29.3.105, process ID=22b4ba, object ID=2316550, context instance=d00c3c82816738ec, domain ID=1, sent Tue Oct 06 15:56:37 CDT 2026
Source: LBTRM:10.29.4.105:14392:935982de:239.101.3.2:14400
Transport: LBT-RM
	LBT-RM datagrams received                                 : 8
	LBT-RM datagram bytes received                            : 2600
	LBT-RM NAK packets sent                                   : 0
	LBT-RM NAKs sent                                          : 0
	Lost LBT-RM datagrams detected                            : 0
	NCFs received (ignored)                                   : 0
	NCFs received (shed)                                      : 0
	NCFs received (retransmit delay)                          : 0
	NCFs received (unknown)                                   : 0
	Loss recovery minimum time                                : -1ms
	Loss recovery mean time                                   : 0ms
	Loss recovery maximum time                                : 0ms
	Minimum transmissions per individual NAK                  : -1
	Mean transmissions per individual NAK                     : 0
	Maximum transmissions per individual NAK                  : 0
	Duplicate LBT-RM datagrams received                       : 0
	LBT-RM datagrams unrecoverable (window advance)           : 0
	LBT-RM datagrams unrecoverable (NAK generation expiration): 0
	LBT-RM LBM messages received                              : 3
	LBT-RM LBM messages received with uninteresting topic     : 0
	LBT-RM LBM requests received                              : 0
	LBT-RM datagrams dropped (size)                           : 0
	LBT-RM datagrams dropped (type)                           : 0
	LBT-RM datagrams dropped (version)                        : 0
	LBT-RM datagrams dropped (header)                         : 0
	LBT-RM datagrams dropped (other)                          : 0
	LBT-RM datagrams received out of order                    : 0

Context statistics received from store_appid_topic1 at 10.29.3.105, process ID=22b4ba, object ID=2316550, context instance=d00c3c82816738ec, domain ID=1, sent Tue Oct 06 15:56:37 CDT 2026
	Topic resolution datagrams sent                    : 0
	Topic resolution datagram bytes sent               : 0
	Topic resolution datagrams received                : 0
	Topic resolution datagram bytes received           : 0
	Topic resolution datagrams dropped version         : 0
	Topic resolution datagrams dropped type            : 0
	Topic resolution datagrams dropped malformed       : 0
	Topic resolution datagrams send failed             : 0
	Topic resolution source topics                     : 0
	Topic resolution receiver topics                   : 1
	Topic resolution unresolved receiver topics        : 0
	LBT-RM unknown datagrams received                  : 0
	LBT-RU unknown datagrams received                  : 0
	LBM send calls which blocked                       : 0
	LBM send calls which returned EWOULDBLOCK          : 0
	LBM response calls which blocked                   : 0
	LBM response calls which returned EWOULDBLOCK      : 0
	Number of duplicate UIM messages dropped           : 0
	Number of UIM messages received without stream info: 0
	Number of data message fragments lost              : 0
	Number of data message fragments unrecoverably lost: 0
	Receiver callbacks min service time (microseconds) : -1
	Receiver callbacks max service time (microseconds) : 0
	Receiver callbacks mean service time (microseconds): 0

Context statistics received from store_appid_topic1 at 10.29.3.105, process ID=22b4ba, object ID=2771320, context instance=5d860c059005990e, domain ID=1, sent Tue Oct 06 15:56:37 CDT 2026
	Topic resolution datagrams sent                    : 0
	Topic resolution datagram bytes sent               : 0
	Topic resolution datagrams received                : 0
	Topic resolution datagram bytes received           : 0
	Topic resolution datagrams dropped version         : 0
	Topic resolution datagrams dropped type            : 0
	Topic resolution datagrams dropped malformed       : 0
	Topic resolution datagrams send failed             : 0
	Topic resolution source topics                     : 0
	Topic resolution receiver topics                   : 0
	Topic resolution unresolved receiver topics        : 0
	LBT-RM unknown datagrams received                  : 0
	LBT-RU unknown datagrams received                  : 0
	LBM send calls which blocked                       : 0
	LBM send calls which returned EWOULDBLOCK          : 0
	LBM response calls which blocked                   : 0
	LBM response calls which returned EWOULDBLOCK      : 0
	Number of duplicate UIM messages dropped           : 0
	Number of UIM messages received without stream info: 0
	Number of data message fragments lost              : 0
	Number of data message fragments unrecoverably lost: 0
	Receiver callbacks min service time (microseconds) : -1
	Receiver callbacks max service time (microseconds) : 0
	Receiver callbacks mean service time (microseconds): 0

SRS statistics received from srs1 at 10.29.4.105, process ID=22b42f, domain ID=0, sent Tue Oct 06 15:56:40 CDT 2026
um_client {
  um_client_info {
    ip: "10.29.4.105"
    port: 49937
    session_id: "0xaae8bdd7"
  }
  client_rtir_received_count: 2
  client_rir_sent_count: 1
  client_dir_sent_count: 1
  client_rtir_sent_count: 2
}

SRS statistics received from srs1 at 10.29.4.105, process ID=22b42f, domain ID=0, sent Tue Oct 06 15:56:40 CDT 2026
um_client {
  um_client_info {
    ip: "10.29.4.105"
    port: 45249
    session_id: "0xbdde2e94"
  }
  client_sir_received_count: 1
  client_active_sir_count: 1
  client_max_concurrent_sir_count: 1
  client_cnqr_received_count: 1
  client_dir_sent_count: 1
  client_rtir_sent_count: 1
  client_cnir_sent_count: 1
}

SRS statistics received from srs1 at 10.29.4.105, process ID=22b42f, domain ID=0, sent Tue Oct 06 15:56:40 CDT 2026
um_client {
  um_client_info {
    ip: "10.29.4.105"
    port: 47705
    session_id: "0x1f614ade"
  }
  client_dir_sent_count: 1
  client_rtir_sent_count: 2
  client_cnir_sent_count: 1
}

SRS statistics received from srs1 at 10.29.4.105, process ID=22b42f, domain ID=0, sent Tue Oct 06 15:56:40 CDT 2026
um_client {
  um_client_info {
    ip: "10.29.4.105"
    port: 46229
    session_id: "0xc0bf9235"
  }
  client_cnir_received_count: 1
  client_dir_sent_count: 1
  client_rtir_sent_count: 2
}

SRS statistics received from srs1 at 10.29.4.105, process ID=22b42f, domain ID=0, sent Tue Oct 06 15:56:40 CDT 2026
um_client {
  um_client_info {
    ip: "10.29.4.105"
    port: 41699
    session_id: "0x85c43d1d"
  }
  client_rir_received_count: 1
  client_sir_sent_count: 1
  client_dir_sent_count: 1
  client_rtir_sent_count: 2
}

SRS statistics received from srs1 at 10.29.4.105, process ID=22b42f, domain ID=0, sent Tue Oct 06 15:56:40 CDT 2026
srs {
  clients_next_client_id: 6
  active_clients_count: 5
  clients_connects_count: 5
  clients_max_concurrent_connections_count: 5
  clients_active_sir_count: 1
  clients_active_rir_count: 1
  clients_active_cnir_count: 1
  clients_active_dir_count: 2
  clients_active_rtir_count: 1
}

SRS statistics received from srs1 at 10.29.4.105, process ID=22b42f, domain ID=0, sent Tue Oct 06 15:56:40 CDT 2026
um_client_error {
  um_client_info {
    ip: "10.29.4.105"
    port: 47705
    session_id: "0x1f614ade"
  }
}

SRS statistics received from srs1 at 10.29.4.105, process ID=22b42f, domain ID=0, sent Tue Oct 06 15:56:40 CDT 2026
um_client_error {
  um_client_info {
    ip: "10.29.4.105"
    port: 46229
    session_id: "0xc0bf9235"
  }
}

SRS statistics received from srs1 at 10.29.4.105, process ID=22b42f, domain ID=0, sent Tue Oct 06 15:56:40 CDT 2026
internal {
  srs_otidmap_shards: "4"
  srs_topicmap_shards: "4"
  srs_routemap_shards: "4"
  srs_namemap_shards: "4"
}

SRS statistics received from srs1 at 10.29.4.105, process ID=22b42f, domain ID=0, sent Tue Oct 06 15:56:40 CDT 2026
um_client_error {
  um_client_info {
    ip: "10.29.4.105"
    port: 41699
    session_id: "0x85c43d1d"
  }
}

SRS statistics received from srs1 at 10.29.4.105, process ID=22b42f, domain ID=0, sent Tue Oct 06 15:56:40 CDT 2026
um_client_error {
  um_client_info {
    ip: "10.29.4.105"
    port: 49937
    session_id: "0xaae8bdd7"
  }
}

SRS statistics received from srs1 at 10.29.4.105, process ID=22b42f, domain ID=0, sent Tue Oct 06 15:56:40 CDT 2026
um_client_error {
  um_client_info {
    ip: "10.29.4.105"
    port: 45249
    session_id: "0xbdde2e94"
  }
}

SRS statistics received from srs1 at 10.29.4.105, process ID=22b42f, domain ID=0, sent Tue Oct 06 15:56:40 CDT 2026
version: "1.0"
daemon_log_type: "console"
daemon_log_frequency: "disable"
daemon_log_size: "10"
daemon_log_max_history: "10"
daemon_log_total_size_cap: "1000"
daemon_log_compression: "none"
daemon_pid_file: "srs.pid"
srs_interface: "10.29.4.105"
srs_port: "12601"
srs_source_state_lifetime: "86400"
srs_interest_state_lifetime: "86400"
srs_route_state_lifetime: "30"
srs_context_name_state_lifetime: "86400"
srs_source_leave_backoff: "500"
srs_clientactor_request_stream_max_msg_count: "1000"
srs_clientactor_record_queue_service_interval: "10"
srs_clientactor_batch_frame_max_record_count: "50"
srs_clientactor_batch_frame_max_datagram_size: "8192"
srs_application_id: "srs1"
debug_monitor_interface: "localhost"
debug_monitor_port: "27001"
debug_monitor_enabled: "false"
debug_monitor_ping_interval: "60000"
daemon_monitor_topic: "/29west/statistics"
daemon_monitor_ping_interval: "5000"
daemon_monitor_publishing_interval_default: "5000"
daemon_monitor_publishing_interval_srs_stats: "5000"
daemon_monitor_publishing_interval_um_client_stats: "5000"
daemon_monitor_publishing_interval_connection_events: "5000"
daemon_monitor_publishing_interval_srs_error_stats: "5000"
daemon_monitor_publishing_interval_um_client_error_stats: "5000"
daemon_monitor_publishing_interval_config_opts: "5000"
daemon_monitor_publishing_interval_internal_config_opts: "5000"
daemon_monitor_publish_connection_events_allow: "false"
daemon_monitor_remote_snapshot_request_allow: "false"
daemon_monitor_remote_config_changes_request_allow: "false"
daemon_monitor_monitor_format: "pb"
daemon_monitor_lbm_attributes {
  scope: "context"
  name: "default_interface"
  value: "10.29.3.0/24"
}
daemon_monitor_lbm_attributes {
  scope: "context"
  name: "mim_incoming_address"
  value: "0.0.0.0"
}
daemon_monitor_lbm_attributes {
  scope: "context"
  name: "request_tcp_interface"
  value: "10.29.3.0/24"
}
daemon_monitor_lbm_attributes {
  scope: "context"
  name: "request_tcp_reuseaddr"
  value: "1"
}
daemon_monitor_lbm_attributes {
  scope: "context"
  name: "resolver_disable_udp_topic_resolution"
  value: "0"
}
daemon_monitor_lbm_attributes {
  scope: "context"
  name: "resolver_service"
  value: "0.0.0.0:0"
}
daemon_monitor_lbm_attributes {
  scope: "context"
  name: "resolver_unicast_daemon"
  value: "0.0.0.0:0,10.29.3.105:12801"
}
daemon_monitor_lbm_attributes {
  scope: "context"
  name: "resolver_unicast_port_high"
  value: "12809"
}
daemon_monitor_lbm_attributes {
  scope: "context"
  name: "resolver_unicast_port_low"
  value: "12802"
}
daemon_monitor_lbm_attributes {
  scope: "source"
  name: "transport"
  value: "tcp"
}

Gateway statistics received from dro1 at 10.29.3.105, process ID=22b49c, object ID=1b54c30, domain ID=0, sent Tue Oct 06 15:56:40 CDT 2026
local {
  gateway_name: "dro1"
  gateway_id: 17080559106476924158
  version: 2
  topology_signature: 4145639977
  recalc_duration_usec: 56
  graph_version: 2
  gateway_count: 1
  trd_count: 2
  malloc_info {
    arena: 37748736
    ordblks: 32
    hblks: 28
    hblkhd: 25034752
    uordblks: 36290352
    fordblks: 1458384
  }
}
portals {
  portal_name: "TRD1"
  cost: 1
  proxy_receivers: 1
  receiver_topics: 1
  recalc_duration_usec: 56
  proxy_rec_recalc_duration_usec: 132
  endpoint {
    receive {
      transport_topic_fragments_rcvd: 4
      transport_topic_fragment_bytes_rcvd: 2848
      transport_topic_control_rcvd: 3
      transport_topic_control_bytes_rcvd: 216
      unicast_data_msgs_rcvd: 4
      unicast_data_msg_bytes_rcvd: 3088
      unicast_cntl_msgs_rcvd: 1
      unicast_cntl_msg_bytes_rcvd: 84
    }
    send {
      unicast_msgs_forwarded: 6
      unicast_msg_bytes_forwarded: 560
      unicast_msgs_sent: 6
      unicast_msg_bytes_sent: 560
      data_bytes_enqueued_limit: 1000000
    }
  }
}
portals {
  portal_name: "TRD2"
  portal_index: 1
  cost: 1
  proxy_receivers: 1
  receiver_topics: 1
  proxy_sources: 1
  recalc_duration_usec: 56
  proxy_rec_recalc_duration_usec: 183
  endpoint {
    receive {
      unicast_cntl_msgs_rcvd: 6
      unicast_cntl_msg_bytes_rcvd: 560
    }
    send {
      transport_topic_fragments_forwarded: 7
      transport_topic_fragment_bytes_forwarded: 3064
      transport_topic_fragments_sent: 7
      transport_topic_fragment_bytes_sent: 3064
      unicast_msgs_forwarded: 5
      unicast_msg_bytes_forwarded: 3172
      unicast_msgs_sent: 5
      unicast_msg_bytes_sent: 3172
      data_bytes_enqueued_limit: 1000000
    }
  }
}

Event Queue statistics received from Gateway_Portal_TRD2_event_queue at 10.29.3.105, process ID=22b49c, object ID=1f5a160, domain ID=0, sent Tue Oct 06 15:56:40 CDT 2026
	Data messages enqueued                                        : 0
	Total data messages enqueued                                  : 0
	Data messages min service time (microseconds)                 : -1
	Data messages mean service time (microseconds)                : 0
	Data messages max service time (microseconds)                 : 0
	Response messages enqueued                                    : 0
	Total response messages enqueued                              : 0
	Response messages min service time (microseconds)             : -1
	Response messages mean service time (microseconds)            : 0
	Response messages max service time (microseconds)             : 0
	Topicless immediate messages enqueued                         : 0
	Total topicless immediate messages enqueued                   : 0
	Topicless immediate messages min service time (microseconds)  : -1
	Topicless immediate messages mean service time (microseconds) : 0
	Topicless immediate messages max service time (microseconds)  : 0
	Wildcard receiver messages enqueued                           : 0
	Total wildcard receiver messages enqueued                     : 0
	Wildcard receiver messages min service time (microseconds)    : -1
	Wildcard receiver messages mean service time (microseconds)   : 0
	Wildcard receiver messages max service time (microseconds)    : 0
	I/O events enqueued                                           : 0
	Total I/O events enqueued                                     : 0
	I/O events min service time (microseconds)                    : -1
	I/O events mean service time (microseconds)                   : 0
	I/O events max service time (microseconds)                    : 0
	Timer events enqueued                                         : 0
	Total timer events enqueued                                   : 0
	Timer events min service time (microseconds)                  : -1
	Timer events mean service time (microseconds)                 : 0
	Timer events max service time (microseconds)                  : 0
	Source events enqueued                                        : 0
	Total source events enqueued                                  : 0
	Source events min service time (microseconds)                 : -1
	Source events mean service time (microseconds)                : 0
	Source events max service time (microseconds)                 : 0
	Unblock events enqueued                                       : 0
	Total unblock events enqueued                                 : 0
	Cancel events enqueued                                        : 0
	Total cancel events enqueued                                  : 0
	Cancel events min service time (microseconds)                 : -1
	Cancel events mean service time (microseconds)                : 0
	Cancel events max service time (microseconds)                 : 0
	Callback events enqueued                                      : 0
	Total callback events enqueued                                : 0
	Callback events min service time (microseconds)               : -1
	Callback events mean service time (microseconds)              : 0
	Callback events max service time (microseconds)               : 0
	Context source events enqueued                                : 0
	Total context source events enqueued                          : 0
	Context source events min service time (microseconds)         : -1
	Context source events mean service time (microseconds)        : 0
	Context source events max service time (microseconds)         : 0
	Events currently enqueued                                     : 0
	Total events enqueued                                         : 0
	Minimum age of events enqueued (microseconds)                 : -1
	Mean age of events enqueued (microseconds)                    : 0
	Max age of events enqueued (microseconds)                     : 0

Event Queue statistics received from Gateway_Portal_TRD1_event_queue at 10.29.3.105, process ID=22b49c, object ID=1e1d3f0, domain ID=0, sent Tue Oct 06 15:56:40 CDT 2026
	Data messages enqueued                                        : 0
	Total data messages enqueued                                  : 0
	Data messages min service time (microseconds)                 : -1
	Data messages mean service time (microseconds)                : 0
	Data messages max service time (microseconds)                 : 0
	Response messages enqueued                                    : 0
	Total response messages enqueued                              : 0
	Response messages min service time (microseconds)             : -1
	Response messages mean service time (microseconds)            : 0
	Response messages max service time (microseconds)             : 0
	Topicless immediate messages enqueued                         : 0
	Total topicless immediate messages enqueued                   : 0
	Topicless immediate messages min service time (microseconds)  : -1
	Topicless immediate messages mean service time (microseconds) : 0
	Topicless immediate messages max service time (microseconds)  : 0
	Wildcard receiver messages enqueued                           : 0
	Total wildcard receiver messages enqueued                     : 0
	Wildcard receiver messages min service time (microseconds)    : -1
	Wildcard receiver messages mean service time (microseconds)   : 0
	Wildcard receiver messages max service time (microseconds)    : 0
	I/O events enqueued                                           : 0
	Total I/O events enqueued                                     : 0
	I/O events min service time (microseconds)                    : -1
	I/O events mean service time (microseconds)                   : 0
	I/O events max service time (microseconds)                    : 0
	Timer events enqueued                                         : 0
	Total timer events enqueued                                   : 0
	Timer events min service time (microseconds)                  : -1
	Timer events mean service time (microseconds)                 : 0
	Timer events max service time (microseconds)                  : 0
	Source events enqueued                                        : 0
	Total source events enqueued                                  : 0
	Source events min service time (microseconds)                 : -1
	Source events mean service time (microseconds)                : 0
	Source events max service time (microseconds)                 : 0
	Unblock events enqueued                                       : 0
	Total unblock events enqueued                                 : 0
	Cancel events enqueued                                        : 0
	Total cancel events enqueued                                  : 0
	Cancel events min service time (microseconds)                 : -1
	Cancel events mean service time (microseconds)                : 0
	Cancel events max service time (microseconds)                 : 0
	Callback events enqueued                                      : 0
	Total callback events enqueued                                : 0
	Callback events min service time (microseconds)               : -1
	Callback events mean service time (microseconds)              : 0
	Callback events max service time (microseconds)               : 0
	Context source events enqueued                                : 0
	Total context source events enqueued                          : 0
	Context source events min service time (microseconds)         : -1
	Context source events mean service time (microseconds)        : 0
	Context source events max service time (microseconds)         : 0
	Events currently enqueued                                     : 0
	Total events enqueued                                         : 0
	Minimum age of events enqueued (microseconds)                 : -1
	Mean age of events enqueued (microseconds)                    : 0
	Max age of events enqueued (microseconds)                     : 0

Source statistics received from Gateway_Portal_TRD2_src_ctx at 10.29.3.105, process ID=22b49c, object ID=1e266e0, context instance=df13daf3f0e6045a, domain ID=2, sent Tue Oct 06 15:56:40 CDT 2026
Source: LBTRM:10.29.4.105:14393:1599718b:239.101.3.3:14400
Transport: LBT-RM
	LBT-RM datagrams sent                                 : 8
	LBT-RM datagram bytes sent                            : 3240
	LBT-RM datagrams in transmission window               : 8
	LBT-RM datagram bytes in transmission window          : 3240
	LBT-RM NAK packets received                           : 0
	LBT-RM NAKs received                                  : 0
	LBT-RM NAKs ignored                                   : 0
	LBT-RM NAKs shed                                      : 0
	LBT-RM NAKs ignored (retransmit delay)                : 0
	LBT-RM retransmission datagrams sent                  : 0
	LBT-RM retransmission datagrams bytes sent            : 0
	LBT-RM datagrams queued by rate control               : 0
	LBT-RM retransmission datagrams queued by rate control: 0

Context statistics received from Gateway_Portal_TRD2_src_ctx at 10.29.3.105, process ID=22b49c, object ID=1e266e0, context instance=df13daf3f0e6045a, domain ID=2, sent Tue Oct 06 15:56:40 CDT 2026
	Topic resolution datagrams sent                    : 57
	Topic resolution datagram bytes sent               : 5633
	Topic resolution datagrams received                : 116
	Topic resolution datagram bytes received           : 8329
	Topic resolution datagrams dropped version         : 0
	Topic resolution datagrams dropped type            : 0
	Topic resolution datagrams dropped malformed       : 0
	Topic resolution datagrams send failed             : 0
	Topic resolution source topics                     : 1
	Topic resolution receiver topics                   : 0
	Topic resolution unresolved receiver topics        : 0
	LBT-RM unknown datagrams received                  : 0
	LBT-RU unknown datagrams received                  : 0
	LBM send calls which blocked                       : 0
	LBM send calls which returned EWOULDBLOCK          : 0
	LBM response calls which blocked                   : 0
	LBM response calls which returned EWOULDBLOCK      : 0
	Number of duplicate UIM messages dropped           : 0
	Number of UIM messages received without stream info: 0
	Number of data message fragments lost              : 0
	Number of data message fragments unrecoverably lost: 0
	Receiver callbacks min service time (microseconds) : -1
	Receiver callbacks max service time (microseconds) : 0
	Receiver callbacks mean service time (microseconds): 0

IM source statistics received from Gateway_Portal_TRD2_src_ctx at 10.29.3.105, process ID=22b49c, object ID=1e266e0, context instance=df13daf3f0e6045a, domain ID=2, sent Tue Oct 06 15:56:40 CDT 2026
Source: LBTRM:10.29.4.105:14391:12265df3:224.10.10.21:14401[4294967295]
Transport: LBT-RM
	LBT-RM datagrams sent                                 : 0
	LBT-RM datagrams bytes sent                           : 0
	LBT-RM datagrams in transmission window               : 0
	LBT-RM datagram bytes in transmission window          : 0
	LBT-RM NAK packets received                           : 0
	LBT-RM NAKs received                                  : 0
	LBT-RM NAKs ignored                                   : 0
	LBT-RM NAKs shed                                      : 0
	LBT-RM NAKs ignored (retransmit delay)                : 0
	LBT-RM retransmission datagrams sent                  : 0
	LBT-RM retransmission datagram bytes sent             : 0
	LBT-RM datagrams queued by rate control               : 0
	LBT-RM retransmission datagrams queued by rate control: 0

Context statistics received from Gateway_Portal_TRD2_rcv_ctx at 10.29.3.105, process ID=22b49c, object ID=1ea7800, context instance=6564a4167c753958, domain ID=2, sent Tue Oct 06 15:56:40 CDT 2026
	Topic resolution datagrams sent                    : 40
	Topic resolution datagram bytes sent               : 1803
	Topic resolution datagrams received                : 116
	Topic resolution datagram bytes received           : 8329
	Topic resolution datagrams dropped version         : 0
	Topic resolution datagrams dropped type            : 0
	Topic resolution datagrams dropped malformed       : 0
	Topic resolution datagrams send failed             : 0
	Topic resolution source topics                     : 0
	Topic resolution receiver topics                   : 1
	Topic resolution unresolved receiver topics        : 1
	LBT-RM unknown datagrams received                  : 0
	LBT-RU unknown datagrams received                  : 0
	LBM send calls which blocked                       : 0
	LBM send calls which returned EWOULDBLOCK          : 0
	LBM response calls which blocked                   : 0
	LBM response calls which returned EWOULDBLOCK      : 0
	Number of duplicate UIM messages dropped           : 0
	Number of UIM messages received without stream info: 0
	Number of data message fragments lost              : 0
	Number of data message fragments unrecoverably lost: 0
	Receiver callbacks min service time (microseconds) : -1
	Receiver callbacks max service time (microseconds) : 0
	Receiver callbacks mean service time (microseconds): 0

Context statistics received from Gateway_Portal_TRD1_src_ctx at 10.29.3.105, process ID=22b49c, object ID=1bfda50, context instance=afc3a72ab4a0190e, domain ID=1, sent Tue Oct 06 15:56:40 CDT 2026
	Topic resolution datagrams sent                    : 0
	Topic resolution datagram bytes sent               : 0
	Topic resolution datagrams received                : 0
	Topic resolution datagram bytes received           : 0
	Topic resolution datagrams dropped version         : 0
	Topic resolution datagrams dropped type            : 0
	Topic resolution datagrams dropped malformed       : 0
	Topic resolution datagrams send failed             : 0
	Topic resolution source topics                     : 0
	Topic resolution receiver topics                   : 0
	Topic resolution unresolved receiver topics        : 0
	LBT-RM unknown datagrams received                  : 0
	LBT-RU unknown datagrams received                  : 0
	LBM send calls which blocked                       : 0
	LBM send calls which returned EWOULDBLOCK          : 0
	LBM response calls which blocked                   : 0
	LBM response calls which returned EWOULDBLOCK      : 0
	Number of duplicate UIM messages dropped           : 0
	Number of UIM messages received without stream info: 0
	Number of data message fragments lost              : 0
	Number of data message fragments unrecoverably lost: 0
	Receiver callbacks min service time (microseconds) : -1
	Receiver callbacks max service time (microseconds) : 0
	Receiver callbacks mean service time (microseconds): 0

IM source statistics received from Gateway_Portal_TRD1_src_ctx at 10.29.3.105, process ID=22b49c, object ID=1bfda50, context instance=afc3a72ab4a0190e, domain ID=1, sent Tue Oct 06 15:56:40 CDT 2026
Source: LBTRM:10.29.4.105:14390:9dd2ec8f:224.10.10.21:14401[4294967295]
Transport: LBT-RM
	LBT-RM datagrams sent                                 : 0
	LBT-RM datagrams bytes sent                           : 0
	LBT-RM datagrams in transmission window               : 0
	LBT-RM datagram bytes in transmission window          : 0
	LBT-RM NAK packets received                           : 0
	LBT-RM NAKs received                                  : 0
	LBT-RM NAKs ignored                                   : 0
	LBT-RM NAKs shed                                      : 0
	LBT-RM NAKs ignored (retransmit delay)                : 0
	LBT-RM retransmission datagrams sent                  : 0
	LBT-RM retransmission datagram bytes sent             : 0
	LBT-RM datagrams queued by rate control               : 0
	LBT-RM retransmission datagrams queued by rate control: 0

Receiver statistics received from Gateway_Portal_TRD1_rcv_ctx at 10.29.3.105, process ID=22b49c, object ID=1cf49c0, context instance=8bee4fdb11d451f2, domain ID=1, sent Tue Oct 06 15:56:40 CDT 2026
Source: LBTRM:10.29.4.105:14392:935982de:239.101.3.2:14400
Transport: LBT-RM
	LBT-RM datagrams received                                 : 8
	LBT-RM datagram bytes received                            : 3240
	LBT-RM NAK packets sent                                   : 0
	LBT-RM NAKs sent                                          : 0
	Lost LBT-RM datagrams detected                            : 0
	NCFs received (ignored)                                   : 0
	NCFs received (shed)                                      : 0
	NCFs received (retransmit delay)                          : 0
	NCFs received (unknown)                                   : 0
	Loss recovery minimum time                                : -1ms
	Loss recovery mean time                                   : 0ms
	Loss recovery maximum time                                : 0ms
	Minimum transmissions per individual NAK                  : -1
	Mean transmissions per individual NAK                     : 0
	Maximum transmissions per individual NAK                  : 0
	Duplicate LBT-RM datagrams received                       : 0
	LBT-RM datagrams unrecoverable (window advance)           : 0
	LBT-RM datagrams unrecoverable (NAK generation expiration): 0
	LBT-RM LBM messages received                              : 4
	LBT-RM LBM messages received with uninteresting topic     : 0
	LBT-RM LBM requests received                              : 0
	LBT-RM datagrams dropped (size)                           : 0
	LBT-RM datagrams dropped (type)                           : 0
	LBT-RM datagrams dropped (version)                        : 0
	LBT-RM datagrams dropped (header)                         : 0
	LBT-RM datagrams dropped (other)                          : 0
	LBT-RM datagrams received out of order                    : 0

Context statistics received from Gateway_Portal_TRD1_rcv_ctx at 10.29.3.105, process ID=22b49c, object ID=1cf49c0, context instance=8bee4fdb11d451f2, domain ID=1, sent Tue Oct 06 15:56:40 CDT 2026
	Topic resolution datagrams sent                    : 0
	Topic resolution datagram bytes sent               : 0
	Topic resolution datagrams received                : 0
	Topic resolution datagram bytes received           : 0
	Topic resolution datagrams dropped version         : 0
	Topic resolution datagrams dropped type            : 0
	Topic resolution datagrams dropped malformed       : 0
	Topic resolution datagrams send failed             : 0
	Topic resolution source topics                     : 0
	Topic resolution receiver topics                   : 1
	Topic resolution unresolved receiver topics        : 0
	LBT-RM unknown datagrams received                  : 0
	LBT-RU unknown datagrams received                  : 0
	LBM send calls which blocked                       : 0
	LBM send calls which returned EWOULDBLOCK          : 0
	LBM response calls which blocked                   : 0
	LBM response calls which returned EWOULDBLOCK      : 0
	Number of duplicate UIM messages dropped           : 0
	Number of UIM messages received without stream info: 0
	Number of data message fragments lost              : 0
	Number of data message fragments unrecoverably lost: 0
	Receiver callbacks min service time (microseconds) : -1
	Receiver callbacks max service time (microseconds) : 0
	Receiver callbacks mean service time (microseconds): 0

Source statistics received from umesrc at 10.29.3.105, process ID=22b4e1, object ID=270ed70, context instance=8d6883de573c3215, domain ID=1, sent Tue Oct 06 15:56:41 CDT 2026
Source: LBTRM:10.29.4.105:14392:935982de:239.101.3.2:14400
Transport: LBT-RM
	LBT-RM datagrams sent                                 : 19
	LBT-RM datagram bytes sent                            : 6756
	LBT-RM datagrams in transmission window               : 19
	LBT-RM datagram bytes in transmission window          : 6756
	LBT-RM NAK packets received                           : 0
	LBT-RM NAKs received                                  : 0
	LBT-RM NAKs ignored                                   : 0
	LBT-RM NAKs shed                                      : 0
	LBT-RM NAKs ignored (retransmit delay)                : 0
	LBT-RM retransmission datagrams sent                  : 0
	LBT-RM retransmission datagrams bytes sent            : 0
	LBT-RM datagrams queued by rate control               : 0
	LBT-RM retransmission datagrams queued by rate control: 0

Context statistics received from umesrc at 10.29.3.105, process ID=22b4e1, object ID=270ed70, context instance=8d6883de573c3215, domain ID=1, sent Tue Oct 06 15:56:41 CDT 2026
	Topic resolution datagrams sent                    : 0
	Topic resolution datagram bytes sent               : 0
	Topic resolution datagrams received                : 0
	Topic resolution datagram bytes received           : 0
	Topic resolution datagrams dropped version         : 0
	Topic resolution datagrams dropped type            : 0
	Topic resolution datagrams dropped malformed       : 0
	Topic resolution datagrams send failed             : 0
	Topic resolution source topics                     : 1
	Topic resolution receiver topics                   : 0
	Topic resolution unresolved receiver topics        : 0
	LBT-RM unknown datagrams received                  : 0
	LBT-RU unknown datagrams received                  : 0
	LBM send calls which blocked                       : 0
	LBM send calls which returned EWOULDBLOCK          : 0
	LBM response calls which blocked                   : 0
	LBM response calls which returned EWOULDBLOCK      : 0
	Number of duplicate UIM messages dropped           : 0
	Number of UIM messages received without stream info: 0
	Number of data message fragments lost              : 0
	Number of data message fragments unrecoverably lost: 0
	Receiver callbacks min service time (microseconds) : -1
	Receiver callbacks max service time (microseconds) : 0
	Receiver callbacks mean service time (microseconds): 0

Event Queue statistics received from umercv at 10.29.3.105, process ID=22b4f6, object ID=1e43c80, domain ID=0, sent Tue Oct 06 15:56:42 CDT 2026
	Data messages enqueued                                        : 0
	Total data messages enqueued                                  : 12
	Data messages min service time (microseconds)                 : -1
	Data messages mean service time (microseconds)                : 0
	Data messages max service time (microseconds)                 : 0
	Response messages enqueued                                    : 0
	Total response messages enqueued                              : 0
	Response messages min service time (microseconds)             : -1
	Response messages mean service time (microseconds)            : 0
	Response messages max service time (microseconds)             : 0
	Topicless immediate messages enqueued                         : 0
	Total topicless immediate messages enqueued                   : 0
	Topicless immediate messages min service time (microseconds)  : -1
	Topicless immediate messages mean service time (microseconds) : 0
	Topicless immediate messages max service time (microseconds)  : 0
	Wildcard receiver messages enqueued                           : 0
	Total wildcard receiver messages enqueued                     : 0
	Wildcard receiver messages min service time (microseconds)    : -1
	Wildcard receiver messages mean service time (microseconds)   : 0
	Wildcard receiver messages max service time (microseconds)    : 0
	I/O events enqueued                                           : 0
	Total I/O events enqueued                                     : 0
	I/O events min service time (microseconds)                    : -1
	I/O events mean service time (microseconds)                   : 0
	I/O events max service time (microseconds)                    : 0
	Timer events enqueued                                         : 0
	Total timer events enqueued                                   : 0
	Timer events min service time (microseconds)                  : -1
	Timer events mean service time (microseconds)                 : 0
	Timer events max service time (microseconds)                  : 0
	Source events enqueued                                        : 0
	Total source events enqueued                                  : 0
	Source events min service time (microseconds)                 : -1
	Source events mean service time (microseconds)                : 0
	Source events max service time (microseconds)                 : 0
	Unblock events enqueued                                       : 0
	Total unblock events enqueued                                 : 0
	Cancel events enqueued                                        : 0
	Total cancel events enqueued                                  : 0
	Cancel events min service time (microseconds)                 : -1
	Cancel events mean service time (microseconds)                : 0
	Cancel events max service time (microseconds)                 : 0
	Callback events enqueued                                      : 0
	Total callback events enqueued                                : 0
	Callback events min service time (microseconds)               : -1
	Callback events mean service time (microseconds)              : 0
	Callback events max service time (microseconds)               : 0
	Context source events enqueued                                : 0
	Total context source events enqueued                          : 0
	Context source events min service time (microseconds)         : -1
	Context source events mean service time (microseconds)        : 0
	Context source events max service time (microseconds)         : 0
	Events currently enqueued                                     : 0
	Total events enqueued                                         : 12
	Minimum age of events enqueued (microseconds)                 : -1
	Mean age of events enqueued (microseconds)                    : 0
	Max age of events enqueued (microseconds)                     : 0

Receiver statistics received from umercv at 10.29.3.105, process ID=22b4f6, object ID=1ed28e0, context instance=8a3b09f8ad01e8cf, domain ID=2, sent Tue Oct 06 15:56:42 CDT 2026
Source: LBTRM:10.29.4.105:14393:1599718b:239.101.3.3:14400
Transport: LBT-RM
	LBT-RM datagrams received                                 : 12
	LBT-RM datagram bytes received                            : 4888
	LBT-RM NAK packets sent                                   : 0
	LBT-RM NAKs sent                                          : 0
	Lost LBT-RM datagrams detected                            : 0
	NCFs received (ignored)                                   : 0
	NCFs received (shed)                                      : 0
	NCFs received (retransmit delay)                          : 0
	NCFs received (unknown)                                   : 0
	Loss recovery minimum time                                : -1ms
	Loss recovery mean time                                   : 0ms
	Loss recovery maximum time                                : 0ms
	Minimum transmissions per individual NAK                  : -1
	Mean transmissions per individual NAK                     : 0
	Maximum transmissions per individual NAK                  : 0
	Duplicate LBT-RM datagrams received                       : 0
	LBT-RM datagrams unrecoverable (window advance)           : 0
	LBT-RM datagrams unrecoverable (NAK generation expiration): 0
	LBT-RM LBM messages received                              : 6
	LBT-RM LBM messages received with uninteresting topic     : 0
	LBT-RM LBM requests received                              : 0
	LBT-RM datagrams dropped (size)                           : 0
	LBT-RM datagrams dropped (type)                           : 0
	LBT-RM datagrams dropped (version)                        : 0
	LBT-RM datagrams dropped (header)                         : 0
	LBT-RM datagrams dropped (other)                          : 0
	LBT-RM datagrams received out of order                    : 0

Context statistics received from umercv at 10.29.3.105, process ID=22b4f6, object ID=1ed28e0, context instance=8a3b09f8ad01e8cf, domain ID=2, sent Tue Oct 06 15:56:42 CDT 2026
	Topic resolution datagrams sent                    : 29
	Topic resolution datagram bytes sent               : 1363
	Topic resolution datagrams received                : 95
	Topic resolution datagram bytes received           : 8531
	Topic resolution datagrams dropped version         : 0
	Topic resolution datagrams dropped type            : 0
	Topic resolution datagrams dropped malformed       : 0
	Topic resolution datagrams send failed             : 0
	Topic resolution source topics                     : 0
	Topic resolution receiver topics                   : 1
	Topic resolution unresolved receiver topics        : 0
	LBT-RM unknown datagrams received                  : 0
	LBT-RU unknown datagrams received                  : 0
	LBM send calls which blocked                       : 0
	LBM send calls which returned EWOULDBLOCK          : 0
	LBM response calls which blocked                   : 0
	LBM response calls which returned EWOULDBLOCK      : 0
	Number of duplicate UIM messages dropped           : 0
	Number of UIM messages received without stream info: 0
	Number of data message fragments lost              : 2
	Number of data message fragments unrecoverably lost: 0
	Receiver callbacks min service time (microseconds) : -1
	Receiver callbacks max service time (microseconds) : 0
	Receiver callbacks mean service time (microseconds): 0

Store statistics received from store_topic1 at 10.29.3.105, process ID=22b4ba, object ID=2316550, context instance=d00c3c82816738ec, domain ID=0, sent Tue Oct 06 15:56:42 CDT 2026
lbm_version: "UMP 6.17 [UMP-6.17] [64-bit] Build: Jan 17 2025, 15:08:54 ( DEBUG license LBT-RM LBT-RU LBT-IPC LBT-SMX ) WC[PCRE 7.4 2007-09-21, regex, appcb] HRT[gettimeofday()]"
smartheap_version: "9.0.1"
store_name: "store_topic1"
ip_addr: 1761877258
port: 12801
disk_cache_dir_name: "cache"
disk_state_dir_name: "state"
max_retransmission_processing_rate: 262144
src_count: 1
context_id: 105224939
pattern_configs {
  pattern: "topic1"
}
topic_configs {
  dmon_topic_idx: 1
  topic_name: "topic1"
  repo_configs {
    src_regid: 4228464808
    dmon_topic_idx: 1
    otid: "100a1d04693838ef6503023840de825993051223833af7268992c57d7b000002"
    src_domain_id: 1
    src_flightsz_bytes: 1999999999
    repo_sz_threshold: 141000000
    repo_sz_limit: 165000000
    repo_disk_sz_limit: 8589934592
    repo_disk_write_delay: 1500
    repository_type: REPO_TYPE_DISK
    allow_ack_on_reception: ALLOW_ACK_ON_RECEPTION
    disk_max_write_aiocbs: 1
    disk_max_read_aiocbs: 10000
    disk_aio_buffer_len: 1024000
    source_string: "LBTRM:10.29.4.105:14392:de825993:239.101.3.2:16440[85074819]"
    rcv_configs {
      rcv_regid: 4228465808
      src_regid: 4228464808
      dmon_topic_idx: 1
      transport_idx: 1114531777
      topic_idx: 2022392472
      domain_id: 2
      ip_addr: 1761877258
      port: 14397
    }
  }
}

Store statistics received from store_topic1 at 10.29.3.105, process ID=22b4ba, object ID=2316550, context instance=d00c3c82816738ec, domain ID=0, sent Tue Oct 06 15:56:42 CDT 2026
ume_retx_req_rcv_count: 4
ume_retx_req_serviced_count: 4
ume_retx_stat_interval: 15
src_count: 1
smart_heap_stat {
  poolsize: 311404672
  poolcount: 87788
  smallBlockSize: 256
  pageSize: 65504
}
src_repo_stats {
  src_regid: 4228464808
  topic_name: "topic1"
  message_map_sz: 9
  memory_sz: 776
  rpp_memory_sz: 700
  lead_sqn: 8
  sync_sqn: 8
  sync_complete_sqn: 8
  mem_trail_sqn: 8
  contig_sqn: 8
  flags: 2
  rcvr_count: 1
  last_activity_timestamp_sec: 1791320202
  src_disk_stat {
    max_offset: 8589934592
    offset: 6672
  }
  rcv_stats {
    rcv_regid: 4228465808
    high_ack_sqn: 8
    flags: 133
    last_activity_timestamp_sec: 1791320202
  }
}

Store statistics received from store_topic1 at 10.29.3.105, process ID=22b4ba, object ID=2316550, context instance=d00c3c82816738ec, domain ID=0, sent Tue Oct 06 15:56:42 CDT 2026
events {
  timestamp_sec: 1791320198
  timestamp_usec: 687924
  event_type: RECEIVER_REGISTERED_EVENT
  high_sqn: 3
  rcv_regid: 4228465808
}

Receiver statistics received from store_appid_topic1 at 10.29.3.105, process ID=22b4ba, object ID=2316550, context instance=d00c3c82816738ec, domain ID=1, sent Tue Oct 06 15:56:42 CDT 2026
Source: LBTRM:10.29.4.105:14392:935982de:239.101.3.2:14400
Transport: LBT-RM
	LBT-RM datagrams received                                 : 19
	LBT-RM datagram bytes received                            : 6756
	LBT-RM NAK packets sent                                   : 0
	LBT-RM NAKs sent                                          : 0
	Lost LBT-RM datagrams detected                            : 0
	NCFs received (ignored)                                   : 0
	NCFs received (shed)                                      : 0
	NCFs received (retransmit delay)                          : 0
	NCFs received (unknown)                                   : 0
	Loss recovery minimum time                                : -1ms
	Loss recovery mean time                                   : 0ms
	Loss recovery maximum time                                : 0ms
	Minimum transmissions per individual NAK                  : -1
	Mean transmissions per individual NAK                     : 0
	Maximum transmissions per individual NAK                  : 0
	Duplicate LBT-RM datagrams received                       : 0
	LBT-RM datagrams unrecoverable (window advance)           : 0
	LBT-RM datagrams unrecoverable (NAK generation expiration): 0
	LBT-RM LBM messages received                              : 8
	LBT-RM LBM messages received with uninteresting topic     : 0
	LBT-RM LBM requests received                              : 0
	LBT-RM datagrams dropped (size)                           : 0
	LBT-RM datagrams dropped (type)                           : 0
	LBT-RM datagrams dropped (version)                        : 0
	LBT-RM datagrams dropped (header)                         : 0
	LBT-RM datagrams dropped (other)                          : 0
	LBT-RM datagrams received out of order                    : 0

Context statistics received from store_appid_topic1 at 10.29.3.105, process ID=22b4ba, object ID=2316550, context instance=d00c3c82816738ec, domain ID=1, sent Tue Oct 06 15:56:42 CDT 2026
	Topic resolution datagrams sent                    : 0
	Topic resolution datagram bytes sent               : 0
	Topic resolution datagrams received                : 0
	Topic resolution datagram bytes received           : 0
	Topic resolution datagrams dropped version         : 0
	Topic resolution datagrams dropped type            : 0
	Topic resolution datagrams dropped malformed       : 0
	Topic resolution datagrams send failed             : 0
	Topic resolution source topics                     : 0
	Topic resolution receiver topics                   : 1
	Topic resolution unresolved receiver topics        : 0
	LBT-RM unknown datagrams received                  : 0
	LBT-RU unknown datagrams received                  : 0
	LBM send calls which blocked                       : 0
	LBM send calls which returned EWOULDBLOCK          : 0
	LBM response calls which blocked                   : 0
	LBM response calls which returned EWOULDBLOCK      : 0
	Number of duplicate UIM messages dropped           : 0
	Number of UIM messages received without stream info: 0
	Number of data message fragments lost              : 0
	Number of data message fragments unrecoverably lost: 0
	Receiver callbacks min service time (microseconds) : -1
	Receiver callbacks max service time (microseconds) : 0
	Receiver callbacks mean service time (microseconds): 0

Context statistics received from store_appid_topic1 at 10.29.3.105, process ID=22b4ba, object ID=2771320, context instance=5d860c059005990e, domain ID=1, sent Tue Oct 06 15:56:42 CDT 2026
	Topic resolution datagrams sent                    : 0
	Topic resolution datagram bytes sent               : 0
	Topic resolution datagrams received                : 0
	Topic resolution datagram bytes received           : 0
	Topic resolution datagrams dropped version         : 0
	Topic resolution datagrams dropped type            : 0
	Topic resolution datagrams dropped malformed       : 0
	Topic resolution datagrams send failed             : 0
	Topic resolution source topics                     : 0
	Topic resolution receiver topics                   : 0
	Topic resolution unresolved receiver topics        : 0
	LBT-RM unknown datagrams received                  : 0
	LBT-RU unknown datagrams received                  : 0
	LBM send calls which blocked                       : 0
	LBM send calls which returned EWOULDBLOCK          : 0
	LBM response calls which blocked                   : 0
	LBM response calls which returned EWOULDBLOCK      : 0
	Number of duplicate UIM messages dropped           : 0
	Number of UIM messages received without stream info: 0
	Number of data message fragments lost              : 0
	Number of data message fragments unrecoverably lost: 0
	Receiver callbacks min service time (microseconds) : -1
	Receiver callbacks max service time (microseconds) : 0
	Receiver callbacks mean service time (microseconds): 0

SRS statistics received from srs1 at 10.29.4.105, process ID=22b42f, domain ID=0, sent Tue Oct 06 15:56:45 CDT 2026
um_client {
  um_client_info {
    ip: "10.29.4.105"
    port: 49937
    session_id: "0xaae8bdd7"
  }
  client_rtir_received_count: 2
  client_rir_sent_count: 2
  client_dir_sent_count: 1
  client_rtir_sent_count: 2
}

SRS statistics received from srs1 at 10.29.4.105, process ID=22b42f, domain ID=0, sent Tue Oct 06 15:56:45 CDT 2026
um_client {
  um_client_info {
    ip: "10.29.4.105"
    port: 45249
    session_id: "0xbdde2e94"
  }
  client_sir_received_count: 1
  client_active_sir_count: 1
  client_max_concurrent_sir_count: 1
  client_cnqr_received_count: 1
  client_dir_sent_count: 1
  client_rtir_sent_count: 1
  client_cnir_sent_count: 1
}

SRS statistics received from srs1 at 10.29.4.105, process ID=22b42f, domain ID=0, sent Tue Oct 06 15:56:45 CDT 2026
um_client {
  um_client_info {
    ip: "10.29.4.105"
    port: 47705
    session_id: "0x1f614ade"
  }
  client_rir_received_count: 1
  client_sir_sent_count: 1
  client_dir_sent_count: 1
  client_rtir_sent_count: 2
  client_cnir_sent_count: 1
}

SRS statistics received from srs1 at 10.29.4.105, process ID=22b42f, domain ID=0, sent Tue Oct 06 15:56:45 CDT 2026
um_client {
  um_client_info {
    ip: "10.29.4.105"
    port: 46229
    session_id: "0xc0bf9235"
  }
  client_cnir_received_count: 1
  client_dir_sent_count: 1
  client_rtir_sent_count: 2
}

SRS statistics received from srs1 at 10.29.4.105, process ID=22b42f, domain ID=0, sent Tue Oct 06 15:56:45 CDT 2026
um_client {
  um_client_info {
    ip: "10.29.4.105"
    port: 41699
    session_id: "0x85c43d1d"
  }
  client_rir_received_count: 1
  client_sir_sent_count: 1
  client_dir_sent_count: 1
  client_rtir_sent_count: 2
}

SRS statistics received from srs1 at 10.29.4.105, process ID=22b42f, domain ID=0, sent Tue Oct 06 15:56:45 CDT 2026
srs {
  clients_next_client_id: 6
  active_clients_count: 5
  clients_connects_count: 5
  clients_max_concurrent_connections_count: 5
  clients_active_sir_count: 1
  clients_active_rir_count: 2
  clients_active_cnir_count: 1
  clients_active_dir_count: 2
  clients_active_rtir_count: 1
}

SRS statistics received from srs1 at 10.29.4.105, process ID=22b42f, domain ID=0, sent Tue Oct 06 15:56:45 CDT 2026
internal {
  srs_otidmap_shards: "4"
  srs_topicmap_shards: "4"
  srs_routemap_shards: "4"
  srs_namemap_shards: "4"
}

SRS statistics received from srs1 at 10.29.4.105, process ID=22b42f, domain ID=0, sent Tue Oct 06 15:56:45 CDT 2026
version: "1.0"
daemon_log_type: "console"
daemon_log_frequency: "disable"
daemon_log_size: "10"
daemon_log_max_history: "10"
daemon_log_total_size_cap: "1000"
daemon_log_compression: "none"
daemon_pid_file: "srs.pid"
srs_interface: "10.29.4.105"
srs_port: "12601"
srs_source_state_lifetime: "86400"
srs_interest_state_lifetime: "86400"
srs_route_state_lifetime: "30"
srs_context_name_state_lifetime: "86400"
srs_source_leave_backoff: "500"
srs_clientactor_request_stream_max_msg_count: "1000"
srs_clientactor_record_queue_service_interval: "10"
srs_clientactor_batch_frame_max_record_count: "50"
srs_clientactor_batch_frame_max_datagram_size: "8192"
srs_application_id: "srs1"
debug_monitor_interface: "localhost"
debug_monitor_port: "27001"
debug_monitor_enabled: "false"
debug_monitor_ping_interval: "60000"
daemon_monitor_topic: "/29west/statistics"
daemon_monitor_ping_interval: "5000"
daemon_monitor_publishing_interval_default: "5000"
daemon_monitor_publishing_interval_srs_stats: "5000"
daemon_monitor_publishing_interval_um_client_stats: "5000"
daemon_monitor_publishing_interval_connection_events: "5000"
daemon_monitor_publishing_interval_srs_error_stats: "5000"
daemon_monitor_publishing_interval_um_client_error_stats: "5000"
daemon_monitor_publishing_interval_config_opts: "5000"
daemon_monitor_publishing_interval_internal_config_opts: "5000"
daemon_monitor_publish_connection_events_allow: "false"
daemon_monitor_remote_snapshot_request_allow: "false"
daemon_monitor_remote_config_changes_request_allow: "false"
daemon_monitor_monitor_format: "pb"
daemon_monitor_lbm_attributes {
  scope: "context"
  name: "default_interface"
  value: "10.29.3.0/24"
}
daemon_monitor_lbm_attributes {
  scope: "context"
  name: "mim_incoming_address"
  value: "0.0.0.0"
}
daemon_monitor_lbm_attributes {
  scope: "context"
  name: "request_tcp_interface"
  value: "10.29.3.0/24"
}
daemon_monitor_lbm_attributes {
  scope: "context"
  name: "request_tcp_reuseaddr"
  value: "1"
}
daemon_monitor_lbm_attributes {
  scope: "context"
  name: "resolver_disable_udp_topic_resolution"
  value: "0"
}
daemon_monitor_lbm_attributes {
  scope: "context"
  name: "resolver_service"
  value: "0.0.0.0:0"
}
daemon_monitor_lbm_attributes {
  scope: "context"
  name: "resolver_unicast_daemon"
  value: "0.0.0.0:0,10.29.3.105:12801"
}
daemon_monitor_lbm_attributes {
  scope: "context"
  name: "resolver_unicast_port_high"
  value: "12809"
}
daemon_monitor_lbm_attributes {
  scope: "context"
  name: "resolver_unicast_port_low"
  value: "12802"
}
daemon_monitor_lbm_attributes {
  scope: "source"
  name: "transport"
  value: "tcp"
}

SRS statistics received from srs1 at 10.29.4.105, process ID=22b42f, domain ID=0, sent Tue Oct 06 15:56:45 CDT 2026
um_client_error {
  um_client_info {
    ip: "10.29.4.105"
    port: 47705
    session_id: "0x1f614ade"
  }
}

SRS statistics received from srs1 at 10.29.4.105, process ID=22b42f, domain ID=0, sent Tue Oct 06 15:56:45 CDT 2026
um_client_error {
  um_client_info {
    ip: "10.29.4.105"
    port: 46229
    session_id: "0xc0bf9235"
  }
}

SRS statistics received from srs1 at 10.29.4.105, process ID=22b42f, domain ID=0, sent Tue Oct 06 15:56:45 CDT 2026
um_client_error {
  um_client_info {
    ip: "10.29.4.105"
    port: 41699
    session_id: "0x85c43d1d"
  }
}

SRS statistics received from srs1 at 10.29.4.105, process ID=22b42f, domain ID=0, sent Tue Oct 06 15:56:45 CDT 2026
um_client_error {
  um_client_info {
    ip: "10.29.4.105"
    port: 49937
    session_id: "0xaae8bdd7"
  }
}

SRS statistics received from srs1 at 10.29.4.105, process ID=22b42f, domain ID=0, sent Tue Oct 06 15:56:45 CDT 2026
um_client_error {
  um_client_info {
    ip: "10.29.4.105"
    port: 45249
    session_id: "0xbdde2e94"
  }
}

Gateway statistics received from dro1 at 10.29.3.105, process ID=22b49c, object ID=1b54c30, domain ID=0, sent Tue Oct 06 15:56:45 CDT 2026
local {
  gateway_name: "dro1"
  gateway_id: 17080559106476924158
  version: 2
  topology_signature: 4145639977
  recalc_duration_usec: 56
  graph_version: 2
  gateway_count: 1
  trd_count: 2
  malloc_info {
    arena: 37756928
    ordblks: 31
    hblks: 28
    hblkhd: 25034752
    uordblks: 36305920
    fordblks: 1451008
  }
}
portals {
  portal_name: "TRD1"
  cost: 1
  proxy_receivers: 1
  receiver_topics: 1
  recalc_duration_usec: 56
  proxy_rec_recalc_duration_usec: 132
  endpoint {
    receive {
      transport_topic_fragments_rcvd: 9
      transport_topic_fragment_bytes_rcvd: 6408
      transport_topic_control_rcvd: 8
      transport_topic_control_bytes_rcvd: 576
      unicast_data_msgs_rcvd: 4
      unicast_data_msg_bytes_rcvd: 3088
      unicast_cntl_msgs_rcvd: 1
      unicast_cntl_msg_bytes_rcvd: 84
    }
    send {
      unicast_msgs_forwarded: 11
      unicast_msg_bytes_forwarded: 1000
      unicast_msgs_sent: 11
      unicast_msg_bytes_sent: 1000
      data_bytes_enqueued_limit: 1000000
    }
  }
}
portals {
  portal_name: "TRD2"
  portal_index: 1
  cost: 1
  proxy_receivers: 1
  receiver_topics: 1
  proxy_sources: 1
  recalc_duration_usec: 56
  proxy_rec_recalc_duration_usec: 183
  endpoint {
    receive {
      unicast_cntl_msgs_rcvd: 11
      unicast_cntl_msg_bytes_rcvd: 1000
    }
    send {
      transport_topic_fragments_forwarded: 17
      transport_topic_fragment_bytes_forwarded: 6984
      transport_topic_fragments_sent: 17
      transport_topic_fragment_bytes_sent: 6984
      unicast_msgs_forwarded: 5
      unicast_msg_bytes_forwarded: 3172
      unicast_msgs_sent: 5
      unicast_msg_bytes_sent: 3172
      data_bytes_enqueued_limit: 1000000
    }
  }
}

Event Queue statistics received from Gateway_Portal_TRD1_event_queue at 10.29.3.105, process ID=22b49c, object ID=1e1d3f0, domain ID=0, sent Tue Oct 06 15:56:45 CDT 2026
	Data messages enqueued                                        : 0
	Total data messages enqueued                                  : 0
	Data messages min service time (microseconds)                 : -1
	Data messages mean service time (microseconds)                : 0
	Data messages max service time (microseconds)                 : 0
	Response messages enqueued                                    : 0
	Total response messages enqueued                              : 0
	Response messages min service time (microseconds)             : -1
	Response messages mean service time (microseconds)            : 0
	Response messages max service time (microseconds)             : 0
	Topicless immediate messages enqueued                         : 0
	Total topicless immediate messages enqueued                   : 0
	Topicless immediate messages min service time (microseconds)  : -1
	Topicless immediate messages mean service time (microseconds) : 0
	Topicless immediate messages max service time (microseconds)  : 0
	Wildcard receiver messages enqueued                           : 0
	Total wildcard receiver messages enqueued                     : 0
	Wildcard receiver messages min service time (microseconds)    : -1
	Wildcard receiver messages mean service time (microseconds)   : 0
	Wildcard receiver messages max service time (microseconds)    : 0
	I/O events enqueued                                           : 0
	Total I/O events enqueued                                     : 0
	I/O events min service time (microseconds)                    : -1
	I/O events mean service time (microseconds)                   : 0
	I/O events max service time (microseconds)                    : 0
	Timer events enqueued                                         : 0
	Total timer events enqueued                                   : 0
	Timer events min service time (microseconds)                  : -1
	Timer events mean service time (microseconds)                 : 0
	Timer events max service time (microseconds)                  : 0
	Source events enqueued                                        : 0
	Total source events enqueued                                  : 0
	Source events min service time (microseconds)                 : -1
	Source events mean service time (microseconds)                : 0
	Source events max service time (microseconds)                 : 0
	Unblock events enqueued                                       : 0
	Total unblock events enqueued                                 : 0
	Cancel events enqueued                                        : 0
	Total cancel events enqueued                                  : 0
	Cancel events min service time (microseconds)                 : -1
	Cancel events mean service time (microseconds)                : 0
	Cancel events max service time (microseconds)                 : 0
	Callback events enqueued                                      : 0
	Total callback events enqueued                                : 0
	Callback events min service time (microseconds)               : -1
	Callback events mean service time (microseconds)              : 0
	Callback events max service time (microseconds)               : 0
	Context source events enqueued                                : 0
	Total context source events enqueued                          : 0
	Context source events min service time (microseconds)         : -1
	Context source events mean service time (microseconds)        : 0
	Context source events max service time (microseconds)         : 0
	Events currently enqueued                                     : 0
	Total events enqueued                                         : 0
	Minimum age of events enqueued (microseconds)                 : -1
	Mean age of events enqueued (microseconds)                    : 0
	Max age of events enqueued (microseconds)                     : 0

Event Queue statistics received from Gateway_Portal_TRD2_event_queue at 10.29.3.105, process ID=22b49c, object ID=1f5a160, domain ID=0, sent Tue Oct 06 15:56:45 CDT 2026
	Data messages enqueued                                        : 0
	Total data messages enqueued                                  : 0
	Data messages min service time (microseconds)                 : -1
	Data messages mean service time (microseconds)                : 0
	Data messages max service time (microseconds)                 : 0
	Response messages enqueued                                    : 0
	Total response messages enqueued                              : 0
	Response messages min service time (microseconds)             : -1
	Response messages mean service time (microseconds)            : 0
	Response messages max service time (microseconds)             : 0
	Topicless immediate messages enqueued                         : 0
	Total topicless immediate messages enqueued                   : 0
	Topicless immediate messages min service time (microseconds)  : -1
	Topicless immediate messages mean service time (microseconds) : 0
	Topicless immediate messages max service time (microseconds)  : 0
	Wildcard receiver messages enqueued                           : 0
	Total wildcard receiver messages enqueued                     : 0
	Wildcard receiver messages min service time (microseconds)    : -1
	Wildcard receiver messages mean service time (microseconds)   : 0
	Wildcard receiver messages max service time (microseconds)    : 0
	I/O events enqueued                                           : 0
	Total I/O events enqueued                                     : 0
	I/O events min service time (microseconds)                    : -1
	I/O events mean service time (microseconds)                   : 0
	I/O events max service time (microseconds)                    : 0
	Timer events enqueued                                         : 0
	Total timer events enqueued                                   : 0
	Timer events min service time (microseconds)                  : -1
	Timer events mean service time (microseconds)                 : 0
	Timer events max service time (microseconds)                  : 0
	Source events enqueued                                        : 0
	Total source events enqueued                                  : 0
	Source events min service time (microseconds)                 : -1
	Source events mean service time (microseconds)                : 0
	Source events max service time (microseconds)                 : 0
	Unblock events enqueued                                       : 0
	Total unblock events enqueued                                 : 0
	Cancel events enqueued                                        : 0
	Total cancel events enqueued                                  : 0
	Cancel events min service time (microseconds)                 : -1
	Cancel events mean service time (microseconds)                : 0
	Cancel events max service time (microseconds)                 : 0
	Callback events enqueued                                      : 0
	Total callback events enqueued                                : 0
	Callback events min service time (microseconds)               : -1
	Callback events mean service time (microseconds)              : 0
	Callback events max service time (microseconds)               : 0
	Context source events enqueued                                : 0
	Total context source events enqueued                          : 0
	Context source events min service time (microseconds)         : -1
	Context source events mean service time (microseconds)        : 0
	Context source events max service time (microseconds)         : 0
	Events currently enqueued                                     : 0
	Total events enqueued                                         : 0
	Minimum age of events enqueued (microseconds)                 : -1
	Mean age of events enqueued (microseconds)                    : 0
	Max age of events enqueued (microseconds)                     : 0

Context statistics received from Gateway_Portal_TRD1_src_ctx at 10.29.3.105, process ID=22b49c, object ID=1bfda50, context instance=afc3a72ab4a0190e, domain ID=1, sent Tue Oct 06 15:56:45 CDT 2026
	Topic resolution datagrams sent                    : 0
	Topic resolution datagram bytes sent               : 0
	Topic resolution datagrams received                : 0
	Topic resolution datagram bytes received           : 0
	Topic resolution datagrams dropped version         : 0
	Topic resolution datagrams dropped type            : 0
	Topic resolution datagrams dropped malformed       : 0
	Topic resolution datagrams send failed             : 0
	Topic resolution source topics                     : 0
	Topic resolution receiver topics                   : 0
	Topic resolution unresolved receiver topics        : 0
	LBT-RM unknown datagrams received                  : 0
	LBT-RU unknown datagrams received                  : 0
	LBM send calls which blocked                       : 0
	LBM send calls which returned EWOULDBLOCK          : 0
	LBM response calls which blocked                   : 0
	LBM response calls which returned EWOULDBLOCK      : 0
	Number of duplicate UIM messages dropped           : 0
	Number of UIM messages received without stream info: 0
	Number of data message fragments lost              : 0
	Number of data message fragments unrecoverably lost: 0
	Receiver callbacks min service time (microseconds) : -1
	Receiver callbacks max service time (microseconds) : 0
	Receiver callbacks mean service time (microseconds): 0

IM source statistics received from Gateway_Portal_TRD1_src_ctx at 10.29.3.105, process ID=22b49c, object ID=1bfda50, context instance=afc3a72ab4a0190e, domain ID=1, sent Tue Oct 06 15:56:45 CDT 2026
Source: LBTRM:10.29.4.105:14390:9dd2ec8f:224.10.10.21:14401[4294967295]
Transport: LBT-RM
	LBT-RM datagrams sent                                 : 0
	LBT-RM datagrams bytes sent                           : 0
	LBT-RM datagrams in transmission window               : 0
	LBT-RM datagram bytes in transmission window          : 0
	LBT-RM NAK packets received                           : 0
	LBT-RM NAKs received                                  : 0
	LBT-RM NAKs ignored                                   : 0
	LBT-RM NAKs shed                                      : 0
	LBT-RM NAKs ignored (retransmit delay)                : 0
	LBT-RM retransmission datagrams sent                  : 0
	LBT-RM retransmission datagram bytes sent             : 0
	LBT-RM datagrams queued by rate control               : 0
	LBT-RM retransmission datagrams queued by rate control: 0

Receiver statistics received from Gateway_Portal_TRD1_rcv_ctx at 10.29.3.105, process ID=22b49c, object ID=1cf49c0, context instance=8bee4fdb11d451f2, domain ID=1, sent Tue Oct 06 15:56:45 CDT 2026
Source: LBTRM:10.29.4.105:14392:935982de:239.101.3.2:14400
Transport: LBT-RM
	LBT-RM datagrams received                                 : 18
	LBT-RM datagram bytes received                            : 7360
	LBT-RM NAK packets sent                                   : 0
	LBT-RM NAKs sent                                          : 0
	Lost LBT-RM datagrams detected                            : 0
	NCFs received (ignored)                                   : 0
	NCFs received (shed)                                      : 0
	NCFs received (retransmit delay)                          : 0
	NCFs received (unknown)                                   : 0
	Loss recovery minimum time                                : -1ms
	Loss recovery mean time                                   : 0ms
	Loss recovery maximum time                                : 0ms
	Minimum transmissions per individual NAK                  : -1
	Mean transmissions per individual NAK                     : 0
	Maximum transmissions per individual NAK                  : 0
	Duplicate LBT-RM datagrams received                       : 0
	LBT-RM datagrams unrecoverable (window advance)           : 0
	LBT-RM datagrams unrecoverable (NAK generation expiration): 0
	LBT-RM LBM messages received                              : 9
	LBT-RM LBM messages received with uninteresting topic     : 0
	LBT-RM LBM requests received                              : 0
	LBT-RM datagrams dropped (size)                           : 0
	LBT-RM datagrams dropped (type)                           : 0
	LBT-RM datagrams dropped (version)                        : 0
	LBT-RM datagrams dropped (header)                         : 0
	LBT-RM datagrams dropped (other)                          : 0
	LBT-RM datagrams received out of order                    : 0

Context statistics received from Gateway_Portal_TRD1_rcv_ctx at 10.29.3.105, process ID=22b49c, object ID=1cf49c0, context instance=8bee4fdb11d451f2, domain ID=1, sent Tue Oct 06 15:56:45 CDT 2026
	Topic resolution datagrams sent                    : 0
	Topic resolution datagram bytes sent               : 0
	Topic resolution datagrams received                : 0
	Topic resolution datagram bytes received           : 0
	Topic resolution datagrams dropped version         : 0
	Topic resolution datagrams dropped type            : 0
	Topic resolution datagrams dropped malformed       : 0
	Topic resolution datagrams send failed             : 0
	Topic resolution source topics                     : 0
	Topic resolution receiver topics                   : 1
	Topic resolution unresolved receiver topics        : 0
	LBT-RM unknown datagrams received                  : 0
	LBT-RU unknown datagrams received                  : 0
	LBM send calls which blocked                       : 0
	LBM send calls which returned EWOULDBLOCK          : 0
	LBM response calls which blocked                   : 0
	LBM response calls which returned EWOULDBLOCK      : 0
	Number of duplicate UIM messages dropped           : 0
	Number of UIM messages received without stream info: 0
	Number of data message fragments lost              : 0
	Number of data message fragments unrecoverably lost: 0
	Receiver callbacks min service time (microseconds) : -1
	Receiver callbacks max service time (microseconds) : 0
	Receiver callbacks mean service time (microseconds): 0

Source statistics received from Gateway_Portal_TRD2_src_ctx at 10.29.3.105, process ID=22b49c, object ID=1e266e0, context instance=df13daf3f0e6045a, domain ID=2, sent Tue Oct 06 15:56:45 CDT 2026
Source: LBTRM:10.29.4.105:14393:1599718b:239.101.3.3:14400
Transport: LBT-RM
	LBT-RM datagrams sent                                 : 18
	LBT-RM datagram bytes sent                            : 7360
	LBT-RM datagrams in transmission window               : 18
	LBT-RM datagram bytes in transmission window          : 7360
	LBT-RM NAK packets received                           : 0
	LBT-RM NAKs received                                  : 0
	LBT-RM NAKs ignored                                   : 0
	LBT-RM NAKs shed                                      : 0
	LBT-RM NAKs ignored (retransmit delay)                : 0
	LBT-RM retransmission datagrams sent                  : 0
	LBT-RM retransmission datagrams bytes sent            : 0
	LBT-RM datagrams queued by rate control               : 0
	LBT-RM retransmission datagrams queued by rate control: 0

Context statistics received from Gateway_Portal_TRD2_src_ctx at 10.29.3.105, process ID=22b49c, object ID=1e266e0, context instance=df13daf3f0e6045a, domain ID=2, sent Tue Oct 06 15:56:45 CDT 2026
	Topic resolution datagrams sent                    : 80
	Topic resolution datagram bytes sent               : 8272
	Topic resolution datagrams received                : 153
	Topic resolution datagram bytes received           : 11626
	Topic resolution datagrams dropped version         : 0
	Topic resolution datagrams dropped type            : 0
	Topic resolution datagrams dropped malformed       : 0
	Topic resolution datagrams send failed             : 0
	Topic resolution source topics                     : 1
	Topic resolution receiver topics                   : 0
	Topic resolution unresolved receiver topics        : 0
	LBT-RM unknown datagrams received                  : 0
	LBT-RU unknown datagrams received                  : 0
	LBM send calls which blocked                       : 0
	LBM send calls which returned EWOULDBLOCK          : 0
	LBM response calls which blocked                   : 0
	LBM response calls which returned EWOULDBLOCK      : 0
	Number of duplicate UIM messages dropped           : 0
	Number of UIM messages received without stream info: 0
	Number of data message fragments lost              : 0
	Number of data message fragments unrecoverably lost: 0
	Receiver callbacks min service time (microseconds) : -1
	Receiver callbacks max service time (microseconds) : 0
	Receiver callbacks mean service time (microseconds): 0

IM source statistics received from Gateway_Portal_TRD2_src_ctx at 10.29.3.105, process ID=22b49c, object ID=1e266e0, context instance=df13daf3f0e6045a, domain ID=2, sent Tue Oct 06 15:56:45 CDT 2026
Source: LBTRM:10.29.4.105:14391:12265df3:224.10.10.21:14401[4294967295]
Transport: LBT-RM
	LBT-RM datagrams sent                                 : 0
	LBT-RM datagrams bytes sent                           : 0
	LBT-RM datagrams in transmission window               : 0
	LBT-RM datagram bytes in transmission window          : 0
	LBT-RM NAK packets received                           : 0
	LBT-RM NAKs received                                  : 0
	LBT-RM NAKs ignored                                   : 0
	LBT-RM NAKs shed                                      : 0
	LBT-RM NAKs ignored (retransmit delay)                : 0
	LBT-RM retransmission datagrams sent                  : 0
	LBT-RM retransmission datagram bytes sent             : 0
	LBT-RM datagrams queued by rate control               : 0
	LBT-RM retransmission datagrams queued by rate control: 0

Context statistics received from Gateway_Portal_TRD2_rcv_ctx at 10.29.3.105, process ID=22b49c, object ID=1ea7800, context instance=6564a4167c753958, domain ID=2, sent Tue Oct 06 15:56:45 CDT 2026
	Topic resolution datagrams sent                    : 41
	Topic resolution datagram bytes sent               : 1850
	Topic resolution datagrams received                : 153
	Topic resolution datagram bytes received           : 11626
	Topic resolution datagrams dropped version         : 0
	Topic resolution datagrams dropped type            : 0
	Topic resolution datagrams dropped malformed       : 0
	Topic resolution datagrams send failed             : 0
	Topic resolution source topics                     : 0
	Topic resolution receiver topics                   : 1
	Topic resolution unresolved receiver topics        : 1
	LBT-RM unknown datagrams received                  : 0
	LBT-RU unknown datagrams received                  : 0
	LBM send calls which blocked                       : 0
	LBM send calls which returned EWOULDBLOCK          : 0
	LBM response calls which blocked                   : 0
	LBM response calls which returned EWOULDBLOCK      : 0
	Number of duplicate UIM messages dropped           : 0
	Number of UIM messages received without stream info: 0
	Number of data message fragments lost              : 0
	Number of data message fragments unrecoverably lost: 0
	Receiver callbacks min service time (microseconds) : -1
	Receiver callbacks max service time (microseconds) : 0
	Receiver callbacks mean service time (microseconds): 0

Source statistics received from umesrc at 10.29.3.105, process ID=22b4e1, object ID=270ed70, context instance=8d6883de573c3215, domain ID=1, sent Tue Oct 06 15:56:47 CDT 2026
Source: LBTRM:10.29.4.105:14392:935982de:239.101.3.2:14400
Transport: LBT-RM
	LBT-RM datagrams sent                                 : 29
	LBT-RM datagram bytes sent                            : 10876
	LBT-RM datagrams in transmission window               : 29
	LBT-RM datagram bytes in transmission window          : 10876
	LBT-RM NAK packets received                           : 0
	LBT-RM NAKs received                                  : 0
	LBT-RM NAKs ignored                                   : 0
	LBT-RM NAKs shed                                      : 0
	LBT-RM NAKs ignored (retransmit delay)                : 0
	LBT-RM retransmission datagrams sent                  : 0
	LBT-RM retransmission datagrams bytes sent            : 0
	LBT-RM datagrams queued by rate control               : 0
	LBT-RM retransmission datagrams queued by rate control: 0

Context statistics received from umesrc at 10.29.3.105, process ID=22b4e1, object ID=270ed70, context instance=8d6883de573c3215, domain ID=1, sent Tue Oct 06 15:56:47 CDT 2026
	Topic resolution datagrams sent                    : 0
	Topic resolution datagram bytes sent               : 0
	Topic resolution datagrams received                : 0
	Topic resolution datagram bytes received           : 0
	Topic resolution datagrams dropped version         : 0
	Topic resolution datagrams dropped type            : 0
	Topic resolution datagrams dropped malformed       : 0
	Topic resolution datagrams send failed             : 0
	Topic resolution source topics                     : 1
	Topic resolution receiver topics                   : 0
	Topic resolution unresolved receiver topics        : 0
	LBT-RM unknown datagrams received                  : 0
	LBT-RU unknown datagrams received                  : 0
	LBM send calls which blocked                       : 0
	LBM send calls which returned EWOULDBLOCK          : 0
	LBM response calls which blocked                   : 0
	LBM response calls which returned EWOULDBLOCK      : 0
	Number of duplicate UIM messages dropped           : 0
	Number of UIM messages received without stream info: 0
	Number of data message fragments lost              : 0
	Number of data message fragments unrecoverably lost: 0
	Receiver callbacks min service time (microseconds) : -1
	Receiver callbacks max service time (microseconds) : 0
	Receiver callbacks mean service time (microseconds): 0

Event Queue statistics received from umercv at 10.29.3.105, process ID=22b4f6, object ID=1e43c80, domain ID=0, sent Tue Oct 06 15:56:47 CDT 2026
	Data messages enqueued                                        : 0
	Total data messages enqueued                                  : 17
	Data messages min service time (microseconds)                 : -1
	Data messages mean service time (microseconds)                : 0
	Data messages max service time (microseconds)                 : 0
	Response messages enqueued                                    : 0
	Total response messages enqueued                              : 0
	Response messages min service time (microseconds)             : -1
	Response messages mean service time (microseconds)            : 0
	Response messages max service time (microseconds)             : 0
	Topicless immediate messages enqueued                         : 0
	Total topicless immediate messages enqueued                   : 0
	Topicless immediate messages min service time (microseconds)  : -1
	Topicless immediate messages mean service time (microseconds) : 0
	Topicless immediate messages max service time (microseconds)  : 0
	Wildcard receiver messages enqueued                           : 0
	Total wildcard receiver messages enqueued                     : 0
	Wildcard receiver messages min service time (microseconds)    : -1
	Wildcard receiver messages mean service time (microseconds)   : 0
	Wildcard receiver messages max service time (microseconds)    : 0
	I/O events enqueued                                           : 0
	Total I/O events enqueued                                     : 0
	I/O events min service time (microseconds)                    : -1
	I/O events mean service time (microseconds)                   : 0
	I/O events max service time (microseconds)                    : 0
	Timer events enqueued                                         : 0
	Total timer events enqueued                                   : 0
	Timer events min service time (microseconds)                  : -1
	Timer events mean service time (microseconds)                 : 0
	Timer events max service time (microseconds)                  : 0
	Source events enqueued                                        : 0
	Total source events enqueued                                  : 0
	Source events min service time (microseconds)                 : -1
	Source events mean service time (microseconds)                : 0
	Source events max service time (microseconds)                 : 0
	Unblock events enqueued                                       : 0
	Total unblock events enqueued                                 : 0
	Cancel events enqueued                                        : 0
	Total cancel events enqueued                                  : 0
	Cancel events min service time (microseconds)                 : -1
	Cancel events mean service time (microseconds)                : 0
	Cancel events max service time (microseconds)                 : 0
	Callback events enqueued                                      : 0
	Total callback events enqueued                                : 0
	Callback events min service time (microseconds)               : -1
	Callback events mean service time (microseconds)              : 0
	Callback events max service time (microseconds)               : 0
	Context source events enqueued                                : 0
	Total context source events enqueued                          : 0
	Context source events min service time (microseconds)         : -1
	Context source events mean service time (microseconds)        : 0
	Context source events max service time (microseconds)         : 0
	Events currently enqueued                                     : 0
	Total events enqueued                                         : 17
	Minimum age of events enqueued (microseconds)                 : -1
	Mean age of events enqueued (microseconds)                    : 0
	Max age of events enqueued (microseconds)                     : 0

Receiver statistics received from umercv at 10.29.3.105, process ID=22b4f6, object ID=1ed28e0, context instance=8a3b09f8ad01e8cf, domain ID=2, sent Tue Oct 06 15:56:47 CDT 2026
Source: LBTRM:10.29.4.105:14393:1599718b:239.101.3.3:14400
Transport: LBT-RM
	LBT-RM datagrams received                                 : 22
	LBT-RM datagram bytes received                            : 9008
	LBT-RM NAK packets sent                                   : 0
	LBT-RM NAKs sent                                          : 0
	Lost LBT-RM datagrams detected                            : 0
	NCFs received (ignored)                                   : 0
	NCFs received (shed)                                      : 0
	NCFs received (retransmit delay)                          : 0
	NCFs received (unknown)                                   : 0
	Loss recovery minimum time                                : -1ms
	Loss recovery mean time                                   : 0ms
	Loss recovery maximum time                                : 0ms
	Minimum transmissions per individual NAK                  : -1
	Mean transmissions per individual NAK                     : 0
	Maximum transmissions per individual NAK                  : 0
	Duplicate LBT-RM datagrams received                       : 0
	LBT-RM datagrams unrecoverable (window advance)           : 0
	LBT-RM datagrams unrecoverable (NAK generation expiration): 0
	LBT-RM LBM messages received                              : 11
	LBT-RM LBM messages received with uninteresting topic     : 0
	LBT-RM LBM requests received                              : 0
	LBT-RM datagrams dropped (size)                           : 0
	LBT-RM datagrams dropped (type)                           : 0
	LBT-RM datagrams dropped (version)                        : 0
	LBT-RM datagrams dropped (header)                         : 0
	LBT-RM datagrams dropped (other)                          : 0
	LBT-RM datagrams received out of order                    : 0

Context statistics received from umercv at 10.29.3.105, process ID=22b4f6, object ID=1ed28e0, context instance=8a3b09f8ad01e8cf, domain ID=2, sent Tue Oct 06 15:56:47 CDT 2026
	Topic resolution datagrams sent                    : 33
	Topic resolution datagram bytes sent               : 1551
	Topic resolution datagrams received                : 111
	Topic resolution datagram bytes received           : 9768
	Topic resolution datagrams dropped version         : 0
	Topic resolution datagrams dropped type            : 0
	Topic resolution datagrams dropped malformed       : 0
	Topic resolution datagrams send failed             : 0
	Topic resolution source topics                     : 0
	Topic resolution receiver topics                   : 1
	Topic resolution unresolved receiver topics        : 0
	LBT-RM unknown datagrams received                  : 0
	LBT-RU unknown datagrams received                  : 0
	LBM send calls which blocked                       : 0
	LBM send calls which returned EWOULDBLOCK          : 0
	LBM response calls which blocked                   : 0
	LBM response calls which returned EWOULDBLOCK      : 0
	Number of duplicate UIM messages dropped           : 0
	Number of UIM messages received without stream info: 0
	Number of data message fragments lost              : 2
	Number of data message fragments unrecoverably lost: 0
	Receiver callbacks min service time (microseconds) : -1
	Receiver callbacks max service time (microseconds) : 0
	Receiver callbacks mean service time (microseconds): 0

Store statistics received from store_topic1 at 10.29.3.105, process ID=22b4ba, object ID=2316550, context instance=d00c3c82816738ec, domain ID=0, sent Tue Oct 06 15:56:47 CDT 2026
ume_retx_req_rcv_count: 4
ume_retx_req_serviced_count: 4
ume_retx_stat_interval: 20
src_count: 1
smart_heap_stat {
  poolsize: 311404672
  poolcount: 87782
  smallBlockSize: 256
  pageSize: 65504
}
src_repo_stats {
  src_regid: 4228464808
  topic_name: "topic1"
  message_map_sz: 14
  memory_sz: 776
  rpp_memory_sz: 700
  lead_sqn: 13
  sync_sqn: 13
  sync_complete_sqn: 13
  mem_trail_sqn: 13
  contig_sqn: 13
  flags: 2
  rcvr_count: 1
  last_activity_timestamp_sec: 1791320207
  src_disk_stat {
    max_offset: 8589934592
    offset: 10352
  }
  rcv_stats {
    rcv_regid: 4228465808
    high_ack_sqn: 13
    flags: 133
    last_activity_timestamp_sec: 1791320207
  }
}

Receiver statistics received from store_appid_topic1 at 10.29.3.105, process ID=22b4ba, object ID=2316550, context instance=d00c3c82816738ec, domain ID=1, sent Tue Oct 06 15:56:48 CDT 2026
Source: LBTRM:10.29.4.105:14392:935982de:239.101.3.2:14400
Transport: LBT-RM
	LBT-RM datagrams received                                 : 29
	LBT-RM datagram bytes received                            : 10876
	LBT-RM NAK packets sent                                   : 0
	LBT-RM NAKs sent                                          : 0
	Lost LBT-RM datagrams detected                            : 0
	NCFs received (ignored)                                   : 0
	NCFs received (shed)                                      : 0
	NCFs received (retransmit delay)                          : 0
	NCFs received (unknown)                                   : 0
	Loss recovery minimum time                                : -1ms
	Loss recovery mean time                                   : 0ms
	Loss recovery maximum time                                : 0ms
	Minimum transmissions per individual NAK                  : -1
	Mean transmissions per individual NAK                     : 0
	Maximum transmissions per individual NAK                  : 0
	Duplicate LBT-RM datagrams received                       : 0
	LBT-RM datagrams unrecoverable (window advance)           : 0
	LBT-RM datagrams unrecoverable (NAK generation expiration): 0
	LBT-RM LBM messages received                              : 13
	LBT-RM LBM messages received with uninteresting topic     : 0
	LBT-RM LBM requests received                              : 0
	LBT-RM datagrams dropped (size)                           : 0
	LBT-RM datagrams dropped (type)                           : 0
	LBT-RM datagrams dropped (version)                        : 0
	LBT-RM datagrams dropped (header)                         : 0
	LBT-RM datagrams dropped (other)                          : 0
	LBT-RM datagrams received out of order                    : 0

Context statistics received from store_appid_topic1 at 10.29.3.105, process ID=22b4ba, object ID=2316550, context instance=d00c3c82816738ec, domain ID=1, sent Tue Oct 06 15:56:48 CDT 2026
	Topic resolution datagrams sent                    : 0
	Topic resolution datagram bytes sent               : 0
	Topic resolution datagrams received                : 0
	Topic resolution datagram bytes received           : 0
	Topic resolution datagrams dropped version         : 0
	Topic resolution datagrams dropped type            : 0
	Topic resolution datagrams dropped malformed       : 0
	Topic resolution datagrams send failed             : 0
	Topic resolution source topics                     : 0
	Topic resolution receiver topics                   : 1
	Topic resolution unresolved receiver topics        : 0
	LBT-RM unknown datagrams received                  : 0
	LBT-RU unknown datagrams received                  : 0
	LBM send calls which blocked                       : 0
	LBM send calls which returned EWOULDBLOCK          : 0
	LBM response calls which blocked                   : 0
	LBM response calls which returned EWOULDBLOCK      : 0
	Number of duplicate UIM messages dropped           : 0
	Number of UIM messages received without stream info: 0
	Number of data message fragments lost              : 0
	Number of data message fragments unrecoverably lost: 0
	Receiver callbacks min service time (microseconds) : -1
	Receiver callbacks max service time (microseconds) : 0
	Receiver callbacks mean service time (microseconds): 0

Context statistics received from store_appid_topic1 at 10.29.3.105, process ID=22b4ba, object ID=2771320, context instance=5d860c059005990e, domain ID=1, sent Tue Oct 06 15:56:48 CDT 2026
	Topic resolution datagrams sent                    : 0
	Topic resolution datagram bytes sent               : 0
	Topic resolution datagrams received                : 0
	Topic resolution datagram bytes received           : 0
	Topic resolution datagrams dropped version         : 0
	Topic resolution datagrams dropped type            : 0
	Topic resolution datagrams dropped malformed       : 0
	Topic resolution datagrams send failed             : 0
	Topic resolution source topics                     : 0
	Topic resolution receiver topics                   : 0
	Topic resolution unresolved receiver topics        : 0
	LBT-RM unknown datagrams received                  : 0
	LBT-RU unknown datagrams received                  : 0
	LBM send calls which blocked                       : 0
	LBM send calls which returned EWOULDBLOCK          : 0
	LBM response calls which blocked                   : 0
	LBM response calls which returned EWOULDBLOCK      : 0
	Number of duplicate UIM messages dropped           : 0
	Number of UIM messages received without stream info: 0
	Number of data message fragments lost              : 0
	Number of data message fragments unrecoverably lost: 0
	Receiver callbacks min service time (microseconds) : -1
	Receiver callbacks max service time (microseconds) : 0
	Receiver callbacks mean service time (microseconds): 0

SRS statistics received from srs1 at 10.29.4.105, process ID=22b42f, domain ID=0, sent Tue Oct 06 15:56:50 CDT 2026
um_client {
  um_client_info {
    ip: "10.29.4.105"
    port: 49937
    session_id: "0xaae8bdd7"
  }
  client_rtir_received_count: 2
  client_rir_sent_count: 2
  client_dir_sent_count: 1
  client_rtir_sent_count: 2
}

SRS statistics received from srs1 at 10.29.4.105, process ID=22b42f, domain ID=0, sent Tue Oct 06 15:56:50 CDT 2026
um_client {
  um_client_info {
    ip: "10.29.4.105"
    port: 45249
    session_id: "0xbdde2e94"
  }
  client_sir_received_count: 1
  client_active_sir_count: 1
  client_max_concurrent_sir_count: 1
  client_cnqr_received_count: 1
  client_dir_sent_count: 1
  client_rtir_sent_count: 1
  client_cnir_sent_count: 1
}

SRS statistics received from srs1 at 10.29.4.105, process ID=22b42f, domain ID=0, sent Tue Oct 06 15:56:50 CDT 2026
um_client {
  um_client_info {
    ip: "10.29.4.105"
    port: 47705
    session_id: "0x1f614ade"
  }
  client_rir_received_count: 1
  client_sir_sent_count: 1
  client_dir_sent_count: 1
  client_rtir_sent_count: 2
  client_cnir_sent_count: 1
}

SRS statistics received from srs1 at 10.29.4.105, process ID=22b42f, domain ID=0, sent Tue Oct 06 15:56:50 CDT 2026
um_client {
  um_client_info {
    ip: "10.29.4.105"
    port: 46229
    session_id: "0xc0bf9235"
  }
  client_cnir_received_count: 1
  client_dir_sent_count: 1
  client_rtir_sent_count: 2
}

SRS statistics received from srs1 at 10.29.4.105, process ID=22b42f, domain ID=0, sent Tue Oct 06 15:56:50 CDT 2026
um_client {
  um_client_info {
    ip: "10.29.4.105"
    port: 41699
    session_id: "0x85c43d1d"
  }
  client_rir_received_count: 1
  client_sir_sent_count: 1
  client_dir_sent_count: 1
  client_rtir_sent_count: 2
}

SRS statistics received from srs1 at 10.29.4.105, process ID=22b42f, domain ID=0, sent Tue Oct 06 15:56:50 CDT 2026
srs {
  clients_next_client_id: 6
  active_clients_count: 5
  clients_connects_count: 5
  clients_max_concurrent_connections_count: 5
  clients_active_sir_count: 1
  clients_active_rir_count: 2
  clients_active_cnir_count: 1
  clients_active_dir_count: 2
  clients_active_rtir_count: 1
}

SRS statistics received from srs1 at 10.29.4.105, process ID=22b42f, domain ID=0, sent Tue Oct 06 15:56:50 CDT 2026
internal {
  srs_otidmap_shards: "4"
  srs_topicmap_shards: "4"
  srs_routemap_shards: "4"
  srs_namemap_shards: "4"
}

SRS statistics received from srs1 at 10.29.4.105, process ID=22b42f, domain ID=0, sent Tue Oct 06 15:56:50 CDT 2026
version: "1.0"
daemon_log_type: "console"
daemon_log_frequency: "disable"
daemon_log_size: "10"
daemon_log_max_history: "10"
daemon_log_total_size_cap: "1000"
daemon_log_compression: "none"
daemon_pid_file: "srs.pid"
srs_interface: "10.29.4.105"
srs_port: "12601"
srs_source_state_lifetime: "86400"
srs_interest_state_lifetime: "86400"
srs_route_state_lifetime: "30"
srs_context_name_state_lifetime: "86400"
srs_source_leave_backoff: "500"
srs_clientactor_request_stream_max_msg_count: "1000"
srs_clientactor_record_queue_service_interval: "10"
srs_clientactor_batch_frame_max_record_count: "50"
srs_clientactor_batch_frame_max_datagram_size: "8192"
srs_application_id: "srs1"
debug_monitor_interface: "localhost"
debug_monitor_port: "27001"
debug_monitor_enabled: "false"
debug_monitor_ping_interval: "60000"
daemon_monitor_topic: "/29west/statistics"
daemon_monitor_ping_interval: "5000"
daemon_monitor_publishing_interval_default: "5000"
daemon_monitor_publishing_interval_srs_stats: "5000"
daemon_monitor_publishing_interval_um_client_stats: "5000"
daemon_monitor_publishing_interval_connection_events: "5000"
daemon_monitor_publishing_interval_srs_error_stats: "5000"
daemon_monitor_publishing_interval_um_client_error_stats: "5000"
daemon_monitor_publishing_interval_config_opts: "5000"
daemon_monitor_publishing_interval_internal_config_opts: "5000"
daemon_monitor_publish_connection_events_allow: "false"
daemon_monitor_remote_snapshot_request_allow: "false"
daemon_monitor_remote_config_changes_request_allow: "false"
daemon_monitor_monitor_format: "pb"
daemon_monitor_lbm_attributes {
  scope: "context"
  name: "default_interface"
  value: "10.29.3.0/24"
}
daemon_monitor_lbm_attributes {
  scope: "context"
  name: "mim_incoming_address"
  value: "0.0.0.0"
}
daemon_monitor_lbm_attributes {
  scope: "context"
  name: "request_tcp_interface"
  value: "10.29.3.0/24"
}
daemon_monitor_lbm_attributes {
  scope: "context"
  name: "request_tcp_reuseaddr"
  value: "1"
}
daemon_monitor_lbm_attributes {
  scope: "context"
  name: "resolver_disable_udp_topic_resolution"
  value: "0"
}
daemon_monitor_lbm_attributes {
  scope: "context"
  name: "resolver_service"
  value: "0.0.0.0:0"
}
daemon_monitor_lbm_attributes {
  scope: "context"
  name: "resolver_unicast_daemon"
  value: "0.0.0.0:0,10.29.3.105:12801"
}
daemon_monitor_lbm_attributes {
  scope: "context"
  name: "resolver_unicast_port_high"
  value: "12809"
}
daemon_monitor_lbm_attributes {
  scope: "context"
  name: "resolver_unicast_port_low"
  value: "12802"
}
daemon_monitor_lbm_attributes {
  scope: "source"
  name: "transport"
  value: "tcp"
}

SRS statistics received from srs1 at 10.29.4.105, process ID=22b42f, domain ID=0, sent Tue Oct 06 15:56:50 CDT 2026
um_client_error {
  um_client_info {
    ip: "10.29.4.105"
    port: 47705
    session_id: "0x1f614ade"
  }
}

SRS statistics received from srs1 at 10.29.4.105, process ID=22b42f, domain ID=0, sent Tue Oct 06 15:56:50 CDT 2026
um_client_error {
  um_client_info {
    ip: "10.29.4.105"
    port: 46229
    session_id: "0xc0bf9235"
  }
}

SRS statistics received from srs1 at 10.29.4.105, process ID=22b42f, domain ID=0, sent Tue Oct 06 15:56:50 CDT 2026
um_client_error {
  um_client_info {
    ip: "10.29.4.105"
    port: 41699
    session_id: "0x85c43d1d"
  }
}

SRS statistics received from srs1 at 10.29.4.105, process ID=22b42f, domain ID=0, sent Tue Oct 06 15:56:50 CDT 2026
um_client_error {
  um_client_info {
    ip: "10.29.4.105"
    port: 49937
    session_id: "0xaae8bdd7"
  }
}

SRS statistics received from srs1 at 10.29.4.105, process ID=22b42f, domain ID=0, sent Tue Oct 06 15:56:50 CDT 2026
um_client_error {
  um_client_info {
    ip: "10.29.4.105"
    port: 45249
    session_id: "0xbdde2e94"
  }
}

Gateway statistics received from dro1 at 10.29.3.105, process ID=22b49c, object ID=1b54c30, domain ID=0, sent Tue Oct 06 15:56:50 CDT 2026
local {
  gateway_name: "dro1"
  gateway_id: 17080559106476924158
  version: 2
  topology_signature: 4145639977
  recalc_duration_usec: 56
  graph_version: 2
  gateway_count: 1
  trd_count: 2
  malloc_info {
    arena: 37781504
    ordblks: 33
    hblks: 28
    hblkhd: 25034752
    uordblks: 36317536
    fordblks: 1463968
  }
}
portals {
  portal_name: "TRD1"
  cost: 1
  proxy_receivers: 1
  receiver_topics: 1
  recalc_duration_usec: 56
  proxy_rec_recalc_duration_usec: 132
  endpoint {
    receive {
      transport_topic_fragments_rcvd: 13
      transport_topic_fragment_bytes_rcvd: 9256
      transport_topic_control_rcvd: 13
      transport_topic_control_bytes_rcvd: 936
      unicast_data_msgs_rcvd: 4
      unicast_data_msg_bytes_rcvd: 3088
      unicast_cntl_msgs_rcvd: 1
      unicast_cntl_msg_bytes_rcvd: 84
    }
    send {
      unicast_msgs_forwarded: 15
      unicast_msg_bytes_forwarded: 1352
      unicast_msgs_sent: 15
      unicast_msg_bytes_sent: 1352
      data_bytes_enqueued_limit: 1000000
    }
  }
}
portals {
  portal_name: "TRD2"
  portal_index: 1
  cost: 1
  proxy_receivers: 1
  receiver_topics: 1
  proxy_sources: 1
  recalc_duration_usec: 56
  proxy_rec_recalc_duration_usec: 183
  endpoint {
    receive {
      unicast_cntl_msgs_rcvd: 15
      unicast_cntl_msg_bytes_rcvd: 1352
    }
    send {
      transport_topic_fragments_forwarded: 26
      transport_topic_fragment_bytes_forwarded: 10192
      transport_topic_fragments_sent: 26
      transport_topic_fragment_bytes_sent: 10192
      unicast_msgs_forwarded: 5
      unicast_msg_bytes_forwarded: 3172
      unicast_msgs_sent: 5
      unicast_msg_bytes_sent: 3172
      data_bytes_enqueued_limit: 1000000
    }
  }
}

Event Queue statistics received from Gateway_Portal_TRD2_event_queue at 10.29.3.105, process ID=22b49c, object ID=1f5a160, domain ID=0, sent Tue Oct 06 15:56:50 CDT 2026
	Data messages enqueued                                        : 0
	Total data messages enqueued                                  : 0
	Data messages min service time (microseconds)                 : -1
	Data messages mean service time (microseconds)                : 0
	Data messages max service time (microseconds)                 : 0
	Response messages enqueued                                    : 0
	Total response messages enqueued                              : 0
	Response messages min service time (microseconds)             : -1
	Response messages mean service time (microseconds)            : 0
	Response messages max service time (microseconds)             : 0
	Topicless immediate messages enqueued                         : 0
	Total topicless immediate messages enqueued                   : 0
	Topicless immediate messages min service time (microseconds)  : -1
	Topicless immediate messages mean service time (microseconds) : 0
	Topicless immediate messages max service time (microseconds)  : 0
	Wildcard receiver messages enqueued                           : 0
	Total wildcard receiver messages enqueued                     : 0
	Wildcard receiver messages min service time (microseconds)    : -1
	Wildcard receiver messages mean service time (microseconds)   : 0
	Wildcard receiver messages max service time (microseconds)    : 0
	I/O events enqueued                                           : 0
	Total I/O events enqueued                                     : 0
	I/O events min service time (microseconds)                    : -1
	I/O events mean service time (microseconds)                   : 0
	I/O events max service time (microseconds)                    : 0
	Timer events enqueued                                         : 0
	Total timer events enqueued                                   : 0
	Timer events min service time (microseconds)                  : -1
	Timer events mean service time (microseconds)                 : 0
	Timer events max service time (microseconds)                  : 0
	Source events enqueued                                        : 0
	Total source events enqueued                                  : 0
	Source events min service time (microseconds)                 : -1
	Source events mean service time (microseconds)                : 0
	Source events max service time (microseconds)                 : 0
	Unblock events enqueued                                       : 0
	Total unblock events enqueued                                 : 0
	Cancel events enqueued                                        : 0
	Total cancel events enqueued                                  : 0
	Cancel events min service time (microseconds)                 : -1
	Cancel events mean service time (microseconds)                : 0
	Cancel events max service time (microseconds)                 : 0
	Callback events enqueued                                      : 0
	Total callback events enqueued                                : 0
	Callback events min service time (microseconds)               : -1
	Callback events mean service time (microseconds)              : 0
	Callback events max service time (microseconds)               : 0
	Context source events enqueued                                : 0
	Total context source events enqueued                          : 0
	Context source events min service time (microseconds)         : -1
	Context source events mean service time (microseconds)        : 0
	Context source events max service time (microseconds)         : 0
	Events currently enqueued                                     : 0
	Total events enqueued                                         : 0
	Minimum age of events enqueued (microseconds)                 : -1
	Mean age of events enqueued (microseconds)                    : 0
	Max age of events enqueued (microseconds)                     : 0

Event Queue statistics received from Gateway_Portal_TRD1_event_queue at 10.29.3.105, process ID=22b49c, object ID=1e1d3f0, domain ID=0, sent Tue Oct 06 15:56:50 CDT 2026
	Data messages enqueued                                        : 0
	Total data messages enqueued                                  : 0
	Data messages min service time (microseconds)                 : -1
	Data messages mean service time (microseconds)                : 0
	Data messages max service time (microseconds)                 : 0
	Response messages enqueued                                    : 0
	Total response messages enqueued                              : 0
	Response messages min service time (microseconds)             : -1
	Response messages mean service time (microseconds)            : 0
	Response messages max service time (microseconds)             : 0
	Topicless immediate messages enqueued                         : 0
	Total topicless immediate messages enqueued                   : 0
	Topicless immediate messages min service time (microseconds)  : -1
	Topicless immediate messages mean service time (microseconds) : 0
	Topicless immediate messages max service time (microseconds)  : 0
	Wildcard receiver messages enqueued                           : 0
	Total wildcard receiver messages enqueued                     : 0
	Wildcard receiver messages min service time (microseconds)    : -1
	Wildcard receiver messages mean service time (microseconds)   : 0
	Wildcard receiver messages max service time (microseconds)    : 0
	I/O events enqueued                                           : 0
	Total I/O events enqueued                                     : 0
	I/O events min service time (microseconds)                    : -1
	I/O events mean service time (microseconds)                   : 0
	I/O events max service time (microseconds)                    : 0
	Timer events enqueued                                         : 0
	Total timer events enqueued                                   : 0
	Timer events min service time (microseconds)                  : -1
	Timer events mean service time (microseconds)                 : 0
	Timer events max service time (microseconds)                  : 0
	Source events enqueued                                        : 0
	Total source events enqueued                                  : 0
	Source events min service time (microseconds)                 : -1
	Source events mean service time (microseconds)                : 0
	Source events max service time (microseconds)                 : 0
	Unblock events enqueued                                       : 0
	Total unblock events enqueued                                 : 0
	Cancel events enqueued                                        : 0
	Total cancel events enqueued                                  : 0
	Cancel events min service time (microseconds)                 : -1
	Cancel events mean service time (microseconds)                : 0
	Cancel events max service time (microseconds)                 : 0
	Callback events enqueued                                      : 0
	Total callback events enqueued                                : 0
	Callback events min service time (microseconds)               : -1
	Callback events mean service time (microseconds)              : 0
	Callback events max service time (microseconds)               : 0
	Context source events enqueued                                : 0
	Total context source events enqueued                          : 0
	Context source events min service time (microseconds)         : -1
	Context source events mean service time (microseconds)        : 0
	Context source events max service time (microseconds)         : 0
	Events currently enqueued                                     : 0
	Total events enqueued                                         : 0
	Minimum age of events enqueued (microseconds)                 : -1
	Mean age of events enqueued (microseconds)                    : 0
	Max age of events enqueued (microseconds)                     : 0

Source statistics received from Gateway_Portal_TRD2_src_ctx at 10.29.3.105, process ID=22b49c, object ID=1e266e0, context instance=df13daf3f0e6045a, domain ID=2, sent Tue Oct 06 15:56:50 CDT 2026
Source: LBTRM:10.29.4.105:14393:1599718b:239.101.3.3:14400
Transport: LBT-RM
	LBT-RM datagrams sent                                 : 28
	LBT-RM datagram bytes sent                            : 11480
	LBT-RM datagrams in transmission window               : 28
	LBT-RM datagram bytes in transmission window          : 11480
	LBT-RM NAK packets received                           : 0
	LBT-RM NAKs received                                  : 0
	LBT-RM NAKs ignored                                   : 0
	LBT-RM NAKs shed                                      : 0
	LBT-RM NAKs ignored (retransmit delay)                : 0
	LBT-RM retransmission datagrams sent                  : 0
	LBT-RM retransmission datagrams bytes sent            : 0
	LBT-RM datagrams queued by rate control               : 0
	LBT-RM retransmission datagrams queued by rate control: 0

Context statistics received from Gateway_Portal_TRD2_src_ctx at 10.29.3.105, process ID=22b49c, object ID=1e266e0, context instance=df13daf3f0e6045a, domain ID=2, sent Tue Oct 06 15:56:50 CDT 2026
	Topic resolution datagrams sent                    : 93
	Topic resolution datagram bytes sent               : 9561
	Topic resolution datagrams received                : 173
	Topic resolution datagram bytes received           : 13244
	Topic resolution datagrams dropped version         : 0
	Topic resolution datagrams dropped type            : 0
	Topic resolution datagrams dropped malformed       : 0
	Topic resolution datagrams send failed             : 0
	Topic resolution source topics                     : 1
	Topic resolution receiver topics                   : 0
	Topic resolution unresolved receiver topics        : 0
	LBT-RM unknown datagrams received                  : 0
	LBT-RU unknown datagrams received                  : 0
	LBM send calls which blocked                       : 0
	LBM send calls which returned EWOULDBLOCK          : 0
	LBM response calls which blocked                   : 0
	LBM response calls which returned EWOULDBLOCK      : 0
	Number of duplicate UIM messages dropped           : 0
	Number of UIM messages received without stream info: 0
	Number of data message fragments lost              : 0
	Number of data message fragments unrecoverably lost: 0
	Receiver callbacks min service time (microseconds) : -1
	Receiver callbacks max service time (microseconds) : 0
	Receiver callbacks mean service time (microseconds): 0

IM source statistics received from Gateway_Portal_TRD2_src_ctx at 10.29.3.105, process ID=22b49c, object ID=1e266e0, context instance=df13daf3f0e6045a, domain ID=2, sent Tue Oct 06 15:56:50 CDT 2026
Source: LBTRM:10.29.4.105:14391:12265df3:224.10.10.21:14401[4294967295]
Transport: LBT-RM
	LBT-RM datagrams sent                                 : 0
	LBT-RM datagrams bytes sent                           : 0
	LBT-RM datagrams in transmission window               : 0
	LBT-RM datagram bytes in transmission window          : 0
	LBT-RM NAK packets received                           : 0
	LBT-RM NAKs received                                  : 0
	LBT-RM NAKs ignored                                   : 0
	LBT-RM NAKs shed                                      : 0
	LBT-RM NAKs ignored (retransmit delay)                : 0
	LBT-RM retransmission datagrams sent                  : 0
	LBT-RM retransmission datagram bytes sent             : 0
	LBT-RM datagrams queued by rate control               : 0
	LBT-RM retransmission datagrams queued by rate control: 0

Context statistics received from Gateway_Portal_TRD2_rcv_ctx at 10.29.3.105, process ID=22b49c, object ID=1ea7800, context instance=6564a4167c753958, domain ID=2, sent Tue Oct 06 15:56:50 CDT 2026
	Topic resolution datagrams sent                    : 43
	Topic resolution datagram bytes sent               : 1944
	Topic resolution datagrams received                : 173
	Topic resolution datagram bytes received           : 13244
	Topic resolution datagrams dropped version         : 0
	Topic resolution datagrams dropped type            : 0
	Topic resolution datagrams dropped malformed       : 0
	Topic resolution datagrams send failed             : 0
	Topic resolution source topics                     : 0
	Topic resolution receiver topics                   : 1
	Topic resolution unresolved receiver topics        : 1
	LBT-RM unknown datagrams received                  : 0
	LBT-RU unknown datagrams received                  : 0
	LBM send calls which blocked                       : 0
	LBM send calls which returned EWOULDBLOCK          : 0
	LBM response calls which blocked                   : 0
	LBM response calls which returned EWOULDBLOCK      : 0
	Number of duplicate UIM messages dropped           : 0
	Number of UIM messages received without stream info: 0
	Number of data message fragments lost              : 0
	Number of data message fragments unrecoverably lost: 0
	Receiver callbacks min service time (microseconds) : -1
	Receiver callbacks max service time (microseconds) : 0
	Receiver callbacks mean service time (microseconds): 0

Context statistics received from Gateway_Portal_TRD1_src_ctx at 10.29.3.105, process ID=22b49c, object ID=1bfda50, context instance=afc3a72ab4a0190e, domain ID=1, sent Tue Oct 06 15:56:50 CDT 2026
	Topic resolution datagrams sent                    : 0
	Topic resolution datagram bytes sent               : 0
	Topic resolution datagrams received                : 0
	Topic resolution datagram bytes received           : 0
	Topic resolution datagrams dropped version         : 0
	Topic resolution datagrams dropped type            : 0
	Topic resolution datagrams dropped malformed       : 0
	Topic resolution datagrams send failed             : 0
	Topic resolution source topics                     : 0
	Topic resolution receiver topics                   : 0
	Topic resolution unresolved receiver topics        : 0
	LBT-RM unknown datagrams received                  : 0
	LBT-RU unknown datagrams received                  : 0
	LBM send calls which blocked                       : 0
	LBM send calls which returned EWOULDBLOCK          : 0
	LBM response calls which blocked                   : 0
	LBM response calls which returned EWOULDBLOCK      : 0
	Number of duplicate UIM messages dropped           : 0
	Number of UIM messages received without stream info: 0
	Number of data message fragments lost              : 0
	Number of data message fragments unrecoverably lost: 0
	Receiver callbacks min service time (microseconds) : -1
	Receiver callbacks max service time (microseconds) : 0
	Receiver callbacks mean service time (microseconds): 0

IM source statistics received from Gateway_Portal_TRD1_src_ctx at 10.29.3.105, process ID=22b49c, object ID=1bfda50, context instance=afc3a72ab4a0190e, domain ID=1, sent Tue Oct 06 15:56:50 CDT 2026
Source: LBTRM:10.29.4.105:14390:9dd2ec8f:224.10.10.21:14401[4294967295]
Transport: LBT-RM
	LBT-RM datagrams sent                                 : 0
	LBT-RM datagrams bytes sent                           : 0
	LBT-RM datagrams in transmission window               : 0
	LBT-RM datagram bytes in transmission window          : 0
	LBT-RM NAK packets received                           : 0
	LBT-RM NAKs received                                  : 0
	LBT-RM NAKs ignored                                   : 0
	LBT-RM NAKs shed                                      : 0
	LBT-RM NAKs ignored (retransmit delay)                : 0
	LBT-RM retransmission datagrams sent                  : 0
	LBT-RM retransmission datagram bytes sent             : 0
	LBT-RM datagrams queued by rate control               : 0
	LBT-RM retransmission datagrams queued by rate control: 0

Receiver statistics received from Gateway_Portal_TRD1_rcv_ctx at 10.29.3.105, process ID=22b49c, object ID=1cf49c0, context instance=8bee4fdb11d451f2, domain ID=1, sent Tue Oct 06 15:56:50 CDT 2026
Source: LBTRM:10.29.4.105:14392:935982de:239.101.3.2:14400
Transport: LBT-RM
	LBT-RM datagrams received                                 : 28
	LBT-RM datagram bytes received                            : 11480
	LBT-RM NAK packets sent                                   : 0
	LBT-RM NAKs sent                                          : 0
	Lost LBT-RM datagrams detected                            : 0
	NCFs received (ignored)                                   : 0
	NCFs received (shed)                                      : 0
	NCFs received (retransmit delay)                          : 0
	NCFs received (unknown)                                   : 0
	Loss recovery minimum time                                : -1ms
	Loss recovery mean time                                   : 0ms
	Loss recovery maximum time                                : 0ms
	Minimum transmissions per individual NAK                  : -1
	Mean transmissions per individual NAK                     : 0
	Maximum transmissions per individual NAK                  : 0
	Duplicate LBT-RM datagrams received                       : 0
	LBT-RM datagrams unrecoverable (window advance)           : 0
	LBT-RM datagrams unrecoverable (NAK generation expiration): 0
	LBT-RM LBM messages received                              : 14
	LBT-RM LBM messages received with uninteresting topic     : 0
	LBT-RM LBM requests received                              : 0
	LBT-RM datagrams dropped (size)                           : 0
	LBT-RM datagrams dropped (type)                           : 0
	LBT-RM datagrams dropped (version)                        : 0
	LBT-RM datagrams dropped (header)                         : 0
	LBT-RM datagrams dropped (other)                          : 0
	LBT-RM datagrams received out of order                    : 0

Context statistics received from Gateway_Portal_TRD1_rcv_ctx at 10.29.3.105, process ID=22b49c, object ID=1cf49c0, context instance=8bee4fdb11d451f2, domain ID=1, sent Tue Oct 06 15:56:50 CDT 2026
	Topic resolution datagrams sent                    : 0
	Topic resolution datagram bytes sent               : 0
	Topic resolution datagrams received                : 0
	Topic resolution datagram bytes received           : 0
	Topic resolution datagrams dropped version         : 0
	Topic resolution datagrams dropped type            : 0
	Topic resolution datagrams dropped malformed       : 0
	Topic resolution datagrams send failed             : 0
	Topic resolution source topics                     : 0
	Topic resolution receiver topics                   : 1
	Topic resolution unresolved receiver topics        : 0
	LBT-RM unknown datagrams received                  : 0
	LBT-RU unknown datagrams received                  : 0
	LBM send calls which blocked                       : 0
	LBM send calls which returned EWOULDBLOCK          : 0
	LBM response calls which blocked                   : 0
	LBM response calls which returned EWOULDBLOCK      : 0
	Number of duplicate UIM messages dropped           : 0
	Number of UIM messages received without stream info: 0
	Number of data message fragments lost              : 0
	Number of data message fragments unrecoverably lost: 0
	Receiver callbacks min service time (microseconds) : -1
	Receiver callbacks max service time (microseconds) : 0
	Receiver callbacks mean service time (microseconds): 0

Source statistics received from umesrc at 10.29.3.105, process ID=22b4e1, object ID=270ed70, context instance=8d6883de573c3215, domain ID=1, sent Tue Oct 06 15:56:51 CDT 2026
Source: LBTRM:10.29.4.105:14392:935982de:239.101.3.2:14400
Transport: LBT-RM
	LBT-RM datagrams sent                                 : 39
	LBT-RM datagram bytes sent                            : 14996
	LBT-RM datagrams in transmission window               : 39
	LBT-RM datagram bytes in transmission window          : 14996
	LBT-RM NAK packets received                           : 0
	LBT-RM NAKs received                                  : 0
	LBT-RM NAKs ignored                                   : 0
	LBT-RM NAKs shed                                      : 0
	LBT-RM NAKs ignored (retransmit delay)                : 0
	LBT-RM retransmission datagrams sent                  : 0
	LBT-RM retransmission datagrams bytes sent            : 0
	LBT-RM datagrams queued by rate control               : 0
	LBT-RM retransmission datagrams queued by rate control: 0

Context statistics received from umesrc at 10.29.3.105, process ID=22b4e1, object ID=270ed70, context instance=8d6883de573c3215, domain ID=1, sent Tue Oct 06 15:56:51 CDT 2026
	Topic resolution datagrams sent                    : 0
	Topic resolution datagram bytes sent               : 0
	Topic resolution datagrams received                : 0
	Topic resolution datagram bytes received           : 0
	Topic resolution datagrams dropped version         : 0
	Topic resolution datagrams dropped type            : 0
	Topic resolution datagrams dropped malformed       : 0
	Topic resolution datagrams send failed             : 0
	Topic resolution source topics                     : 1
	Topic resolution receiver topics                   : 0
	Topic resolution unresolved receiver topics        : 0
	LBT-RM unknown datagrams received                  : 0
	LBT-RU unknown datagrams received                  : 0
	LBM send calls which blocked                       : 0
	LBM send calls which returned EWOULDBLOCK          : 0
	LBM response calls which blocked                   : 0
	LBM response calls which returned EWOULDBLOCK      : 0
	Number of duplicate UIM messages dropped           : 0
	Number of UIM messages received without stream info: 0
	Number of data message fragments lost              : 0
	Number of data message fragments unrecoverably lost: 0
	Receiver callbacks min service time (microseconds) : -1
	Receiver callbacks max service time (microseconds) : 0
	Receiver callbacks mean service time (microseconds): 0

Event Queue statistics received from umercv at 10.29.3.105, process ID=22b4f6, object ID=1e43c80, domain ID=0, sent Tue Oct 06 15:56:52 CDT 2026
	Data messages enqueued                                        : 0
	Total data messages enqueued                                  : 21
	Data messages min service time (microseconds)                 : -1
	Data messages mean service time (microseconds)                : 0
	Data messages max service time (microseconds)                 : 0
	Response messages enqueued                                    : 0
	Total response messages enqueued                              : 0
	Response messages min service time (microseconds)             : -1
	Response messages mean service time (microseconds)            : 0
	Response messages max service time (microseconds)             : 0
	Topicless immediate messages enqueued                         : 0
	Total topicless immediate messages enqueued                   : 0
	Topicless immediate messages min service time (microseconds)  : -1
	Topicless immediate messages mean service time (microseconds) : 0
	Topicless immediate messages max service time (microseconds)  : 0
	Wildcard receiver messages enqueued                           : 0
	Total wildcard receiver messages enqueued                     : 0
	Wildcard receiver messages min service time (microseconds)    : -1
	Wildcard receiver messages mean service time (microseconds)   : 0
	Wildcard receiver messages max service time (microseconds)    : 0
	I/O events enqueued                                           : 0
	Total I/O events enqueued                                     : 0
	I/O events min service time (microseconds)                    : -1
	I/O events mean service time (microseconds)                   : 0
	I/O events max service time (microseconds)                    : 0
	Timer events enqueued                                         : 0
	Total timer events enqueued                                   : 0
	Timer events min service time (microseconds)                  : -1
	Timer events mean service time (microseconds)                 : 0
	Timer events max service time (microseconds)                  : 0
	Source events enqueued                                        : 0
	Total source events enqueued                                  : 0
	Source events min service time (microseconds)                 : -1
	Source events mean service time (microseconds)                : 0
	Source events max service time (microseconds)                 : 0
	Unblock events enqueued                                       : 0
	Total unblock events enqueued                                 : 0
	Cancel events enqueued                                        : 0
	Total cancel events enqueued                                  : 0
	Cancel events min service time (microseconds)                 : -1
	Cancel events mean service time (microseconds)                : 0
	Cancel events max service time (microseconds)                 : 0
	Callback events enqueued                                      : 0
	Total callback events enqueued                                : 0
	Callback events min service time (microseconds)               : -1
	Callback events mean service time (microseconds)              : 0
	Callback events max service time (microseconds)               : 0
	Context source events enqueued                                : 0
	Total context source events enqueued                          : 0
	Context source events min service time (microseconds)         : -1
	Context source events mean service time (microseconds)        : 0
	Context source events max service time (microseconds)         : 0
	Events currently enqueued                                     : 0
	Total events enqueued                                         : 21
	Minimum age of events enqueued (microseconds)                 : -1
	Mean age of events enqueued (microseconds)                    : 0
	Max age of events enqueued (microseconds)                     : 0

Receiver statistics received from umercv at 10.29.3.105, process ID=22b4f6, object ID=1ed28e0, context instance=8a3b09f8ad01e8cf, domain ID=2, sent Tue Oct 06 15:56:52 CDT 2026
Source: LBTRM:10.29.4.105:14393:1599718b:239.101.3.3:14400
Transport: LBT-RM
	LBT-RM datagrams received                                 : 32
	LBT-RM datagram bytes received                            : 13128
	LBT-RM NAK packets sent                                   : 0
	LBT-RM NAKs sent                                          : 0
	Lost LBT-RM datagrams detected                            : 0
	NCFs received (ignored)                                   : 0
	NCFs received (shed)                                      : 0
	NCFs received (retransmit delay)                          : 0
	NCFs received (unknown)                                   : 0
	Loss recovery minimum time                                : -1ms
	Loss recovery mean time                                   : 0ms
	Loss recovery maximum time                                : 0ms
	Minimum transmissions per individual NAK                  : -1
	Mean transmissions per individual NAK                     : 0
	Maximum transmissions per individual NAK                  : 0
	Duplicate LBT-RM datagrams received                       : 0
	LBT-RM datagrams unrecoverable (window advance)           : 0
	LBT-RM datagrams unrecoverable (NAK generation expiration): 0
	LBT-RM LBM messages received                              : 16
	LBT-RM LBM messages received with uninteresting topic     : 0
	LBT-RM LBM requests received                              : 0
	LBT-RM datagrams dropped (size)                           : 0
	LBT-RM datagrams dropped (type)                           : 0
	LBT-RM datagrams dropped (version)                        : 0
	LBT-RM datagrams dropped (header)                         : 0
	LBT-RM datagrams dropped (other)                          : 0
	LBT-RM datagrams received out of order                    : 0

Context statistics received from umercv at 10.29.3.105, process ID=22b4f6, object ID=1ed28e0, context instance=8a3b09f8ad01e8cf, domain ID=2, sent Tue Oct 06 15:56:52 CDT 2026
	Topic resolution datagrams sent                    : 39
	Topic resolution datagram bytes sent               : 1833
	Topic resolution datagrams received                : 131
	Topic resolution datagram bytes received           : 11386
	Topic resolution datagrams dropped version         : 0
	Topic resolution datagrams dropped type            : 0
	Topic resolution datagrams dropped malformed       : 0
	Topic resolution datagrams send failed             : 0
	Topic resolution source topics                     : 0
	Topic resolution receiver topics                   : 1
	Topic resolution unresolved receiver topics        : 0
	LBT-RM unknown datagrams received                  : 0
	LBT-RU unknown datagrams received                  : 0
	LBM send calls which blocked                       : 0
	LBM send calls which returned EWOULDBLOCK          : 0
	LBM response calls which blocked                   : 0
	LBM response calls which returned EWOULDBLOCK      : 0
	Number of duplicate UIM messages dropped           : 0
	Number of UIM messages received without stream info: 0
	Number of data message fragments lost              : 2
	Number of data message fragments unrecoverably lost: 0
	Receiver callbacks min service time (microseconds) : -1
	Receiver callbacks max service time (microseconds) : 0
	Receiver callbacks mean service time (microseconds): 0

Store statistics received from store_topic1 at 10.29.3.105, process ID=22b4ba, object ID=2316550, context instance=d00c3c82816738ec, domain ID=0, sent Tue Oct 06 15:56:52 CDT 2026
ume_retx_req_rcv_count: 4
ume_retx_req_serviced_count: 4
ume_retx_stat_interval: 25
src_count: 1
smart_heap_stat {
  poolsize: 311404672
  poolcount: 87793
  smallBlockSize: 256
  pageSize: 65504
}
src_repo_stats {
  src_regid: 4228464808
  topic_name: "topic1"
  message_map_sz: 19
  memory_sz: 776
  rpp_memory_sz: 700
  lead_sqn: 18
  sync_sqn: 18
  sync_complete_sqn: 18
  mem_trail_sqn: 18
  contig_sqn: 18
  flags: 2
  rcvr_count: 1
  last_activity_timestamp_sec: 1791320212
  src_disk_stat {
    max_offset: 8589934592
    offset: 14032
  }
  rcv_stats {
    rcv_regid: 4228465808
    high_ack_sqn: 18
    flags: 133
    last_activity_timestamp_sec: 1791320212
  }
}

Receiver statistics received from store_appid_topic1 at 10.29.3.105, process ID=22b4ba, object ID=2316550, context instance=d00c3c82816738ec, domain ID=1, sent Tue Oct 06 15:56:52 CDT 2026
Source: LBTRM:10.29.4.105:14392:935982de:239.101.3.2:14400
Transport: LBT-RM
	LBT-RM datagrams received                                 : 39
	LBT-RM datagram bytes received                            : 14996
	LBT-RM NAK packets sent                                   : 0
	LBT-RM NAKs sent                                          : 0
	Lost LBT-RM datagrams detected                            : 0
	NCFs received (ignored)                                   : 0
	NCFs received (shed)                                      : 0
	NCFs received (retransmit delay)                          : 0
	NCFs received (unknown)                                   : 0
	Loss recovery minimum time                                : -1ms
	Loss recovery mean time                                   : 0ms
	Loss recovery maximum time                                : 0ms
	Minimum transmissions per individual NAK                  : -1
	Mean transmissions per individual NAK                     : 0
	Maximum transmissions per individual NAK                  : 0
	Duplicate LBT-RM datagrams received                       : 0
	LBT-RM datagrams unrecoverable (window advance)           : 0
	LBT-RM datagrams unrecoverable (NAK generation expiration): 0
	LBT-RM LBM messages received                              : 18
	LBT-RM LBM messages received with uninteresting topic     : 0
	LBT-RM LBM requests received                              : 0
	LBT-RM datagrams dropped (size)                           : 0
	LBT-RM datagrams dropped (type)                           : 0
	LBT-RM datagrams dropped (version)                        : 0
	LBT-RM datagrams dropped (header)                         : 0
	LBT-RM datagrams dropped (other)                          : 0
	LBT-RM datagrams received out of order                    : 0

Context statistics received from store_appid_topic1 at 10.29.3.105, process ID=22b4ba, object ID=2316550, context instance=d00c3c82816738ec, domain ID=1, sent Tue Oct 06 15:56:52 CDT 2026
	Topic resolution datagrams sent                    : 0
	Topic resolution datagram bytes sent               : 0
	Topic resolution datagrams received                : 0
	Topic resolution datagram bytes received           : 0
	Topic resolution datagrams dropped version         : 0
	Topic resolution datagrams dropped type            : 0
	Topic resolution datagrams dropped malformed       : 0
	Topic resolution datagrams send failed             : 0
	Topic resolution source topics                     : 0
	Topic resolution receiver topics                   : 1
	Topic resolution unresolved receiver topics        : 0
	LBT-RM unknown datagrams received                  : 0
	LBT-RU unknown datagrams received                  : 0
	LBM send calls which blocked                       : 0
	LBM send calls which returned EWOULDBLOCK          : 0
	LBM response calls which blocked                   : 0
	LBM response calls which returned EWOULDBLOCK      : 0
	Number of duplicate UIM messages dropped           : 0
	Number of UIM messages received without stream info: 0
	Number of data message fragments lost              : 0
	Number of data message fragments unrecoverably lost: 0
	Receiver callbacks min service time (microseconds) : -1
	Receiver callbacks max service time (microseconds) : 0
	Receiver callbacks mean service time (microseconds): 0

Context statistics received from store_appid_topic1 at 10.29.3.105, process ID=22b4ba, object ID=2771320, context instance=5d860c059005990e, domain ID=1, sent Tue Oct 06 15:56:52 CDT 2026
	Topic resolution datagrams sent                    : 0
	Topic resolution datagram bytes sent               : 0
	Topic resolution datagrams received                : 0
	Topic resolution datagram bytes received           : 0
	Topic resolution datagrams dropped version         : 0
	Topic resolution datagrams dropped type            : 0
	Topic resolution datagrams dropped malformed       : 0
	Topic resolution datagrams send failed             : 0
	Topic resolution source topics                     : 0
	Topic resolution receiver topics                   : 0
	Topic resolution unresolved receiver topics        : 0
	LBT-RM unknown datagrams received                  : 0
	LBT-RU unknown datagrams received                  : 0
	LBM send calls which blocked                       : 0
	LBM send calls which returned EWOULDBLOCK          : 0
	LBM response calls which blocked                   : 0
	LBM response calls which returned EWOULDBLOCK      : 0
	Number of duplicate UIM messages dropped           : 0
	Number of UIM messages received without stream info: 0
	Number of data message fragments lost              : 0
	Number of data message fragments unrecoverably lost: 0
	Receiver callbacks min service time (microseconds) : -1
	Receiver callbacks max service time (microseconds) : 0
	Receiver callbacks mean service time (microseconds): 0

SRS statistics received from srs1 at 10.29.4.105, process ID=22b42f, domain ID=0, sent Tue Oct 06 15:56:55 CDT 2026
um_client {
  um_client_info {
    ip: "10.29.4.105"
    port: 49937
    session_id: "0xaae8bdd7"
  }
  client_rtir_received_count: 2
  client_rir_sent_count: 2
  client_dir_sent_count: 1
  client_rtir_sent_count: 2
}

SRS statistics received from srs1 at 10.29.4.105, process ID=22b42f, domain ID=0, sent Tue Oct 06 15:56:55 CDT 2026
um_client {
  um_client_info {
    ip: "10.29.4.105"
    port: 45249
    session_id: "0xbdde2e94"
  }
  client_sir_received_count: 1
  client_active_sir_count: 1
  client_max_concurrent_sir_count: 1
  client_cnqr_received_count: 1
  client_dir_sent_count: 1
  client_rtir_sent_count: 1
  client_cnir_sent_count: 1
}

SRS statistics received from srs1 at 10.29.4.105, process ID=22b42f, domain ID=0, sent Tue Oct 06 15:56:55 CDT 2026
um_client {
  um_client_info {
    ip: "10.29.4.105"
    port: 47705
    session_id: "0x1f614ade"
  }
  client_rir_received_count: 1
  client_sir_sent_count: 1
  client_dir_sent_count: 1
  client_rtir_sent_count: 2
  client_cnir_sent_count: 1
}

SRS statistics received from srs1 at 10.29.4.105, process ID=22b42f, domain ID=0, sent Tue Oct 06 15:56:55 CDT 2026
um_client {
  um_client_info {
    ip: "10.29.4.105"
    port: 46229
    session_id: "0xc0bf9235"
  }
  client_cnir_received_count: 1
  client_dir_sent_count: 1
  client_rtir_sent_count: 2
}

SRS statistics received from srs1 at 10.29.4.105, process ID=22b42f, domain ID=0, sent Tue Oct 06 15:56:55 CDT 2026
um_client {
  um_client_info {
    ip: "10.29.4.105"
    port: 41699
    session_id: "0x85c43d1d"
  }
  client_rir_received_count: 1
  client_sir_sent_count: 1
  client_dir_sent_count: 1
  client_rtir_sent_count: 2
}

SRS statistics received from srs1 at 10.29.4.105, process ID=22b42f, domain ID=0, sent Tue Oct 06 15:56:55 CDT 2026
srs {
  clients_next_client_id: 6
  active_clients_count: 5
  clients_connects_count: 5
  clients_max_concurrent_connections_count: 5
  clients_active_sir_count: 1
  clients_active_rir_count: 2
  clients_active_cnir_count: 1
  clients_active_dir_count: 2
  clients_active_rtir_count: 1
}

SRS statistics received from srs1 at 10.29.4.105, process ID=22b42f, domain ID=0, sent Tue Oct 06 15:56:55 CDT 2026
internal {
  srs_otidmap_shards: "4"
  srs_topicmap_shards: "4"
  srs_routemap_shards: "4"
  srs_namemap_shards: "4"
}

SRS statistics received from srs1 at 10.29.4.105, process ID=22b42f, domain ID=0, sent Tue Oct 06 15:56:55 CDT 2026
um_client_error {
  um_client_info {
    ip: "10.29.4.105"
    port: 47705
    session_id: "0x1f614ade"
  }
}

SRS statistics received from srs1 at 10.29.4.105, process ID=22b42f, domain ID=0, sent Tue Oct 06 15:56:55 CDT 2026
um_client_error {
  um_client_info {
    ip: "10.29.4.105"
    port: 46229
    session_id: "0xc0bf9235"
  }
}

SRS statistics received from srs1 at 10.29.4.105, process ID=22b42f, domain ID=0, sent Tue Oct 06 15:56:55 CDT 2026
um_client_error {
  um_client_info {
    ip: "10.29.4.105"
    port: 41699
    session_id: "0x85c43d1d"
  }
}

SRS statistics received from srs1 at 10.29.4.105, process ID=22b42f, domain ID=0, sent Tue Oct 06 15:56:55 CDT 2026
um_client_error {
  um_client_info {
    ip: "10.29.4.105"
    port: 49937
    session_id: "0xaae8bdd7"
  }
}

SRS statistics received from srs1 at 10.29.4.105, process ID=22b42f, domain ID=0, sent Tue Oct 06 15:56:55 CDT 2026
um_client_error {
  um_client_info {
    ip: "10.29.4.105"
    port: 45249
    session_id: "0xbdde2e94"
  }
}

SRS statistics received from srs1 at 10.29.4.105, process ID=22b42f, domain ID=0, sent Tue Oct 06 15:56:55 CDT 2026
version: "1.0"
daemon_log_type: "console"
daemon_log_frequency: "disable"
daemon_log_size: "10"
daemon_log_max_history: "10"
daemon_log_total_size_cap: "1000"
daemon_log_compression: "none"
daemon_pid_file: "srs.pid"
srs_interface: "10.29.4.105"
srs_port: "12601"
srs_source_state_lifetime: "86400"
srs_interest_state_lifetime: "86400"
srs_route_state_lifetime: "30"
srs_context_name_state_lifetime: "86400"
srs_source_leave_backoff: "500"
srs_clientactor_request_stream_max_msg_count: "1000"
srs_clientactor_record_queue_service_interval: "10"
srs_clientactor_batch_frame_max_record_count: "50"
srs_clientactor_batch_frame_max_datagram_size: "8192"
srs_application_id: "srs1"
debug_monitor_interface: "localhost"
debug_monitor_port: "27001"
debug_monitor_enabled: "false"
debug_monitor_ping_interval: "60000"
daemon_monitor_topic: "/29west/statistics"
daemon_monitor_ping_interval: "5000"
daemon_monitor_publishing_interval_default: "5000"
daemon_monitor_publishing_interval_srs_stats: "5000"
daemon_monitor_publishing_interval_um_client_stats: "5000"
daemon_monitor_publishing_interval_connection_events: "5000"
daemon_monitor_publishing_interval_srs_error_stats: "5000"
daemon_monitor_publishing_interval_um_client_error_stats: "5000"
daemon_monitor_publishing_interval_config_opts: "5000"
daemon_monitor_publishing_interval_internal_config_opts: "5000"
daemon_monitor_publish_connection_events_allow: "false"
daemon_monitor_remote_snapshot_request_allow: "false"
daemon_monitor_remote_config_changes_request_allow: "false"
daemon_monitor_monitor_format: "pb"
daemon_monitor_lbm_attributes {
  scope: "context"
  name: "default_interface"
  value: "10.29.3.0/24"
}
daemon_monitor_lbm_attributes {
  scope: "context"
  name: "mim_incoming_address"
  value: "0.0.0.0"
}
daemon_monitor_lbm_attributes {
  scope: "context"
  name: "request_tcp_interface"
  value: "10.29.3.0/24"
}
daemon_monitor_lbm_attributes {
  scope: "context"
  name: "request_tcp_reuseaddr"
  value: "1"
}
daemon_monitor_lbm_attributes {
  scope: "context"
  name: "resolver_disable_udp_topic_resolution"
  value: "0"
}
daemon_monitor_lbm_attributes {
  scope: "context"
  name: "resolver_service"
  value: "0.0.0.0:0"
}
daemon_monitor_lbm_attributes {
  scope: "context"
  name: "resolver_unicast_daemon"
  value: "0.0.0.0:0,10.29.3.105:12801"
}
daemon_monitor_lbm_attributes {
  scope: "context"
  name: "resolver_unicast_port_high"
  value: "12809"
}
daemon_monitor_lbm_attributes {
  scope: "context"
  name: "resolver_unicast_port_low"
  value: "12802"
}
daemon_monitor_lbm_attributes {
  scope: "source"
  name: "transport"
  value: "tcp"
}

Gateway statistics received from dro1 at 10.29.3.105, process ID=22b49c, object ID=1b54c30, domain ID=0, sent Tue Oct 06 15:56:55 CDT 2026
local {
  gateway_name: "dro1"
  gateway_id: 17080559106476924158
  version: 2
  topology_signature: 4145639977
  recalc_duration_usec: 56
  graph_version: 2
  gateway_count: 1
  trd_count: 2
  malloc_info {
    arena: 37793792
    ordblks: 33
    hblks: 28
    hblkhd: 25034752
    uordblks: 36331696
    fordblks: 1462096
  }
}
portals {
  portal_name: "TRD1"
  cost: 1
  proxy_receivers: 1
  receiver_topics: 1
  recalc_duration_usec: 56
  proxy_rec_recalc_duration_usec: 132
  endpoint {
    receive {
      transport_topic_fragments_rcvd: 19
      transport_topic_fragment_bytes_rcvd: 13528
      transport_topic_control_rcvd: 16
      transport_topic_control_bytes_rcvd: 1152
      unicast_data_msgs_rcvd: 4
      unicast_data_msg_bytes_rcvd: 3088
      unicast_cntl_msgs_rcvd: 1
      unicast_cntl_msg_bytes_rcvd: 84
    }
    send {
      unicast_msgs_forwarded: 20
      unicast_msg_bytes_forwarded: 1792
      unicast_msgs_sent: 20
      unicast_msg_bytes_sent: 1792
      data_bytes_enqueued_limit: 1000000
    }
  }
}
portals {
  portal_name: "TRD2"
  portal_index: 1
  cost: 1
  proxy_receivers: 1
  receiver_topics: 1
  proxy_sources: 1
  recalc_duration_usec: 56
  proxy_rec_recalc_duration_usec: 183
  endpoint {
    receive {
      unicast_cntl_msgs_rcvd: 20
      unicast_cntl_msg_bytes_rcvd: 1792
    }
    send {
      transport_topic_fragments_forwarded: 35
      transport_topic_fragment_bytes_forwarded: 14680
      transport_topic_fragments_sent: 35
      transport_topic_fragment_bytes_sent: 14680
      unicast_msgs_forwarded: 5
      unicast_msg_bytes_forwarded: 3172
      unicast_msgs_sent: 5
      unicast_msg_bytes_sent: 3172
      data_bytes_enqueued_limit: 1000000
    }
  }
}

Event Queue statistics received from Gateway_Portal_TRD1_event_queue at 10.29.3.105, process ID=22b49c, object ID=1e1d3f0, domain ID=0, sent Tue Oct 06 15:56:55 CDT 2026
	Data messages enqueued                                        : 0
	Total data messages enqueued                                  : 0
	Data messages min service time (microseconds)                 : -1
	Data messages mean service time (microseconds)                : 0
	Data messages max service time (microseconds)                 : 0
	Response messages enqueued                                    : 0
	Total response messages enqueued                              : 0
	Response messages min service time (microseconds)             : -1
	Response messages mean service time (microseconds)            : 0
	Response messages max service time (microseconds)             : 0
	Topicless immediate messages enqueued                         : 0
	Total topicless immediate messages enqueued                   : 0
	Topicless immediate messages min service time (microseconds)  : -1
	Topicless immediate messages mean service time (microseconds) : 0
	Topicless immediate messages max service time (microseconds)  : 0
	Wildcard receiver messages enqueued                           : 0
	Total wildcard receiver messages enqueued                     : 0
	Wildcard receiver messages min service time (microseconds)    : -1
	Wildcard receiver messages mean service time (microseconds)   : 0
	Wildcard receiver messages max service time (microseconds)    : 0
	I/O events enqueued                                           : 0
	Total I/O events enqueued                                     : 0
	I/O events min service time (microseconds)                    : -1
	I/O events mean service time (microseconds)                   : 0
	I/O events max service time (microseconds)                    : 0
	Timer events enqueued                                         : 0
	Total timer events enqueued                                   : 0
	Timer events min service time (microseconds)                  : -1
	Timer events mean service time (microseconds)                 : 0
	Timer events max service time (microseconds)                  : 0
	Source events enqueued                                        : 0
	Total source events enqueued                                  : 0
	Source events min service time (microseconds)                 : -1
	Source events mean service time (microseconds)                : 0
	Source events max service time (microseconds)                 : 0
	Unblock events enqueued                                       : 0
	Total unblock events enqueued                                 : 0
	Cancel events enqueued                                        : 0
	Total cancel events enqueued                                  : 0
	Cancel events min service time (microseconds)                 : -1
	Cancel events mean service time (microseconds)                : 0
	Cancel events max service time (microseconds)                 : 0
	Callback events enqueued                                      : 0
	Total callback events enqueued                                : 0
	Callback events min service time (microseconds)               : -1
	Callback events mean service time (microseconds)              : 0
	Callback events max service time (microseconds)               : 0
	Context source events enqueued                                : 0
	Total context source events enqueued                          : 0
	Context source events min service time (microseconds)         : -1
	Context source events mean service time (microseconds)        : 0
	Context source events max service time (microseconds)         : 0
	Events currently enqueued                                     : 0
	Total events enqueued                                         : 0
	Minimum age of events enqueued (microseconds)                 : -1
	Mean age of events enqueued (microseconds)                    : 0
	Max age of events enqueued (microseconds)                     : 0

Event Queue statistics received from Gateway_Portal_TRD2_event_queue at 10.29.3.105, process ID=22b49c, object ID=1f5a160, domain ID=0, sent Tue Oct 06 15:56:55 CDT 2026
	Data messages enqueued                                        : 0
	Total data messages enqueued                                  : 0
	Data messages min service time (microseconds)                 : -1
	Data messages mean service time (microseconds)                : 0
	Data messages max service time (microseconds)                 : 0
	Response messages enqueued                                    : 0
	Total response messages enqueued                              : 0
	Response messages min service time (microseconds)             : -1
	Response messages mean service time (microseconds)            : 0
	Response messages max service time (microseconds)             : 0
	Topicless immediate messages enqueued                         : 0
	Total topicless immediate messages enqueued                   : 0
	Topicless immediate messages min service time (microseconds)  : -1
	Topicless immediate messages mean service time (microseconds) : 0
	Topicless immediate messages max service time (microseconds)  : 0
	Wildcard receiver messages enqueued                           : 0
	Total wildcard receiver messages enqueued                     : 0
	Wildcard receiver messages min service time (microseconds)    : -1
	Wildcard receiver messages mean service time (microseconds)   : 0
	Wildcard receiver messages max service time (microseconds)    : 0
	I/O events enqueued                                           : 0
	Total I/O events enqueued                                     : 0
	I/O events min service time (microseconds)                    : -1
	I/O events mean service time (microseconds)                   : 0
	I/O events max service time (microseconds)                    : 0
	Timer events enqueued                                         : 0
	Total timer events enqueued                                   : 0
	Timer events min service time (microseconds)                  : -1
	Timer events mean service time (microseconds)                 : 0
	Timer events max service time (microseconds)                  : 0
	Source events enqueued                                        : 0
	Total source events enqueued                                  : 0
	Source events min service time (microseconds)                 : -1
	Source events mean service time (microseconds)                : 0
	Source events max service time (microseconds)                 : 0
	Unblock events enqueued                                       : 0
	Total unblock events enqueued                                 : 0
	Cancel events enqueued                                        : 0
	Total cancel events enqueued                                  : 0
	Cancel events min service time (microseconds)                 : -1
	Cancel events mean service time (microseconds)                : 0
	Cancel events max service time (microseconds)                 : 0
	Callback events enqueued                                      : 0
	Total callback events enqueued                                : 0
	Callback events min service time (microseconds)               : -1
	Callback events mean service time (microseconds)              : 0
	Callback events max service time (microseconds)               : 0
	Context source events enqueued                                : 0
	Total context source events enqueued                          : 0
	Context source events min service time (microseconds)         : -1
	Context source events mean service time (microseconds)        : 0
	Context source events max service time (microseconds)         : 0
	Events currently enqueued                                     : 0
	Total events enqueued                                         : 0
	Minimum age of events enqueued (microseconds)                 : -1
	Mean age of events enqueued (microseconds)                    : 0
	Max age of events enqueued (microseconds)                     : 0

Context statistics received from Gateway_Portal_TRD1_src_ctx at 10.29.3.105, process ID=22b49c, object ID=1bfda50, context instance=afc3a72ab4a0190e, domain ID=1, sent Tue Oct 06 15:56:56 CDT 2026
	Topic resolution datagrams sent                    : 0
	Topic resolution datagram bytes sent               : 0
	Topic resolution datagrams received                : 0
	Topic resolution datagram bytes received           : 0
	Topic resolution datagrams dropped version         : 0
	Topic resolution datagrams dropped type            : 0
	Topic resolution datagrams dropped malformed       : 0
	Topic resolution datagrams send failed             : 0
	Topic resolution source topics                     : 0
	Topic resolution receiver topics                   : 0
	Topic resolution unresolved receiver topics        : 0
	LBT-RM unknown datagrams received                  : 0
	LBT-RU unknown datagrams received                  : 0
	LBM send calls which blocked                       : 0
	LBM send calls which returned EWOULDBLOCK          : 0
	LBM response calls which blocked                   : 0
	LBM response calls which returned EWOULDBLOCK      : 0
	Number of duplicate UIM messages dropped           : 0
	Number of UIM messages received without stream info: 0
	Number of data message fragments lost              : 0
	Number of data message fragments unrecoverably lost: 0
	Receiver callbacks min service time (microseconds) : -1
	Receiver callbacks max service time (microseconds) : 0
	Receiver callbacks mean service time (microseconds): 0

IM source statistics received from Gateway_Portal_TRD1_src_ctx at 10.29.3.105, process ID=22b49c, object ID=1bfda50, context instance=afc3a72ab4a0190e, domain ID=1, sent Tue Oct 06 15:56:56 CDT 2026
Source: LBTRM:10.29.4.105:14390:9dd2ec8f:224.10.10.21:14401[4294967295]
Transport: LBT-RM
	LBT-RM datagrams sent                                 : 0
	LBT-RM datagrams bytes sent                           : 0
	LBT-RM datagrams in transmission window               : 0
	LBT-RM datagram bytes in transmission window          : 0
	LBT-RM NAK packets received                           : 0
	LBT-RM NAKs received                                  : 0
	LBT-RM NAKs ignored                                   : 0
	LBT-RM NAKs shed                                      : 0
	LBT-RM NAKs ignored (retransmit delay)                : 0
	LBT-RM retransmission datagrams sent                  : 0
	LBT-RM retransmission datagram bytes sent             : 0
	LBT-RM datagrams queued by rate control               : 0
	LBT-RM retransmission datagrams queued by rate control: 0

Receiver statistics received from Gateway_Portal_TRD1_rcv_ctx at 10.29.3.105, process ID=22b49c, object ID=1cf49c0, context instance=8bee4fdb11d451f2, domain ID=1, sent Tue Oct 06 15:56:56 CDT 2026
Source: LBTRM:10.29.4.105:14392:935982de:239.101.3.2:14400
Transport: LBT-RM
	LBT-RM datagrams received                                 : 36
	LBT-RM datagram bytes received                            : 15416
	LBT-RM NAK packets sent                                   : 0
	LBT-RM NAKs sent                                          : 0
	Lost LBT-RM datagrams detected                            : 0
	NCFs received (ignored)                                   : 0
	NCFs received (shed)                                      : 0
	NCFs received (retransmit delay)                          : 0
	NCFs received (unknown)                                   : 0
	Loss recovery minimum time                                : -1ms
	Loss recovery mean time                                   : 0ms
	Loss recovery maximum time                                : 0ms
	Minimum transmissions per individual NAK                  : -1
	Mean transmissions per individual NAK                     : 0
	Maximum transmissions per individual NAK                  : 0
	Duplicate LBT-RM datagrams received                       : 0
	LBT-RM datagrams unrecoverable (window advance)           : 0
	LBT-RM datagrams unrecoverable (NAK generation expiration): 0
	LBT-RM LBM messages received                              : 19
	LBT-RM LBM messages received with uninteresting topic     : 0
	LBT-RM LBM requests received                              : 0
	LBT-RM datagrams dropped (size)                           : 0
	LBT-RM datagrams dropped (type)                           : 0
	LBT-RM datagrams dropped (version)                        : 0
	LBT-RM datagrams dropped (header)                         : 0
	LBT-RM datagrams dropped (other)                          : 0
	LBT-RM datagrams received out of order                    : 0

Context statistics received from Gateway_Portal_TRD1_rcv_ctx at 10.29.3.105, process ID=22b49c, object ID=1cf49c0, context instance=8bee4fdb11d451f2, domain ID=1, sent Tue Oct 06 15:56:56 CDT 2026
	Topic resolution datagrams sent                    : 0
	Topic resolution datagram bytes sent               : 0
	Topic resolution datagrams received                : 0
	Topic resolution datagram bytes received           : 0
	Topic resolution datagrams dropped version         : 0
	Topic resolution datagrams dropped type            : 0
	Topic resolution datagrams dropped malformed       : 0
	Topic resolution datagrams send failed             : 0
	Topic resolution source topics                     : 0
	Topic resolution receiver topics                   : 1
	Topic resolution unresolved receiver topics        : 0
	LBT-RM unknown datagrams received                  : 0
	LBT-RU unknown datagrams received                  : 0
	LBM send calls which blocked                       : 0
	LBM send calls which returned EWOULDBLOCK          : 0
	LBM response calls which blocked                   : 0
	LBM response calls which returned EWOULDBLOCK      : 0
	Number of duplicate UIM messages dropped           : 0
	Number of UIM messages received without stream info: 0
	Number of data message fragments lost              : 0
	Number of data message fragments unrecoverably lost: 0
	Receiver callbacks min service time (microseconds) : -1
	Receiver callbacks max service time (microseconds) : 0
	Receiver callbacks mean service time (microseconds): 0

Source statistics received from Gateway_Portal_TRD2_src_ctx at 10.29.3.105, process ID=22b49c, object ID=1e266e0, context instance=df13daf3f0e6045a, domain ID=2, sent Tue Oct 06 15:56:56 CDT 2026
Source: LBTRM:10.29.4.105:14393:1599718b:239.101.3.3:14400
Transport: LBT-RM
	LBT-RM datagrams sent                                 : 36
	LBT-RM datagram bytes sent                            : 15416
	LBT-RM datagrams in transmission window               : 36
	LBT-RM datagram bytes in transmission window          : 15416
	LBT-RM NAK packets received                           : 0
	LBT-RM NAKs received                                  : 0
	LBT-RM NAKs ignored                                   : 0
	LBT-RM NAKs shed                                      : 0
	LBT-RM NAKs ignored (retransmit delay)                : 0
	LBT-RM retransmission datagrams sent                  : 0
	LBT-RM retransmission datagrams bytes sent            : 0
	LBT-RM datagrams queued by rate control               : 0
	LBT-RM retransmission datagrams queued by rate control: 0

Context statistics received from Gateway_Portal_TRD2_src_ctx at 10.29.3.105, process ID=22b49c, object ID=1e266e0, context instance=df13daf3f0e6045a, domain ID=2, sent Tue Oct 06 15:56:56 CDT 2026
	Topic resolution datagrams sent                    : 103
	Topic resolution datagram bytes sent               : 10516
	Topic resolution datagrams received                : 189
	Topic resolution datagram bytes received           : 14481
	Topic resolution datagrams dropped version         : 0
	Topic resolution datagrams dropped type            : 0
	Topic resolution datagrams dropped malformed       : 0
	Topic resolution datagrams send failed             : 0
	Topic resolution source topics                     : 1
	Topic resolution receiver topics                   : 0
	Topic resolution unresolved receiver topics        : 0
	LBT-RM unknown datagrams received                  : 0
	LBT-RU unknown datagrams received                  : 0
	LBM send calls which blocked                       : 0
	LBM send calls which returned EWOULDBLOCK          : 0
	LBM response calls which blocked                   : 0
	LBM response calls which returned EWOULDBLOCK      : 0
	Number of duplicate UIM messages dropped           : 0
	Number of UIM messages received without stream info: 0
	Number of data message fragments lost              : 0
	Number of data message fragments unrecoverably lost: 0
	Receiver callbacks min service time (microseconds) : -1
	Receiver callbacks max service time (microseconds) : 0
	Receiver callbacks mean service time (microseconds): 0

IM source statistics received from Gateway_Portal_TRD2_src_ctx at 10.29.3.105, process ID=22b49c, object ID=1e266e0, context instance=df13daf3f0e6045a, domain ID=2, sent Tue Oct 06 15:56:56 CDT 2026
Source: LBTRM:10.29.4.105:14391:12265df3:224.10.10.21:14401[4294967295]
Transport: LBT-RM
	LBT-RM datagrams sent                                 : 0
	LBT-RM datagrams bytes sent                           : 0
	LBT-RM datagrams in transmission window               : 0
	LBT-RM datagram bytes in transmission window          : 0
	LBT-RM NAK packets received                           : 0
	LBT-RM NAKs received                                  : 0
	LBT-RM NAKs ignored                                   : 0
	LBT-RM NAKs shed                                      : 0
	LBT-RM NAKs ignored (retransmit delay)                : 0
	LBT-RM retransmission datagrams sent                  : 0
	LBT-RM retransmission datagram bytes sent             : 0
	LBT-RM datagrams queued by rate control               : 0
	LBT-RM retransmission datagrams queued by rate control: 0

Context statistics received from Gateway_Portal_TRD2_rcv_ctx at 10.29.3.105, process ID=22b49c, object ID=1ea7800, context instance=6564a4167c753958, domain ID=2, sent Tue Oct 06 15:56:56 CDT 2026
	Topic resolution datagrams sent                    : 44
	Topic resolution datagram bytes sent               : 1991
	Topic resolution datagrams received                : 189
	Topic resolution datagram bytes received           : 14481
	Topic resolution datagrams dropped version         : 0
	Topic resolution datagrams dropped type            : 0
	Topic resolution datagrams dropped malformed       : 0
	Topic resolution datagrams send failed             : 0
	Topic resolution source topics                     : 0
	Topic resolution receiver topics                   : 1
	Topic resolution unresolved receiver topics        : 1
	LBT-RM unknown datagrams received                  : 0
	LBT-RU unknown datagrams received                  : 0
	LBM send calls which blocked                       : 0
	LBM send calls which returned EWOULDBLOCK          : 0
	LBM response calls which blocked                   : 0
	LBM response calls which returned EWOULDBLOCK      : 0
	Number of duplicate UIM messages dropped           : 0
	Number of UIM messages received without stream info: 0
	Number of data message fragments lost              : 0
	Number of data message fragments unrecoverably lost: 0
	Receiver callbacks min service time (microseconds) : -1
	Receiver callbacks max service time (microseconds) : 0
	Receiver callbacks mean service time (microseconds): 0

Source statistics received from umesrc at 10.29.3.105, process ID=22b4e1, object ID=270ed70, context instance=8d6883de573c3215, domain ID=1, sent Tue Oct 06 15:56:56 CDT 2026
Source: LBTRM:10.29.4.105:14392:935982de:239.101.3.2:14400
Transport: LBT-RM
	LBT-RM datagrams sent                                 : 46
	LBT-RM datagram bytes sent                            : 18840
	LBT-RM datagrams in transmission window               : 46
	LBT-RM datagram bytes in transmission window          : 18840
	LBT-RM NAK packets received                           : 0
	LBT-RM NAKs received                                  : 0
	LBT-RM NAKs ignored                                   : 0
	LBT-RM NAKs shed                                      : 0
	LBT-RM NAKs ignored (retransmit delay)                : 0
	LBT-RM retransmission datagrams sent                  : 0
	LBT-RM retransmission datagrams bytes sent            : 0
	LBT-RM datagrams queued by rate control               : 0
	LBT-RM retransmission datagrams queued by rate control: 0

Context statistics received from umesrc at 10.29.3.105, process ID=22b4e1, object ID=270ed70, context instance=8d6883de573c3215, domain ID=1, sent Tue Oct 06 15:56:56 CDT 2026
	Topic resolution datagrams sent                    : 0
	Topic resolution datagram bytes sent               : 0
	Topic resolution datagrams received                : 0
	Topic resolution datagram bytes received           : 0
	Topic resolution datagrams dropped version         : 0
	Topic resolution datagrams dropped type            : 0
	Topic resolution datagrams dropped malformed       : 0
	Topic resolution datagrams send failed             : 0
	Topic resolution source topics                     : 1
	Topic resolution receiver topics                   : 0
	Topic resolution unresolved receiver topics        : 0
	LBT-RM unknown datagrams received                  : 0
	LBT-RU unknown datagrams received                  : 0
	LBM send calls which blocked                       : 0
	LBM send calls which returned EWOULDBLOCK          : 0
	LBM response calls which blocked                   : 0
	LBM response calls which returned EWOULDBLOCK      : 0
	Number of duplicate UIM messages dropped           : 0
	Number of UIM messages received without stream info: 0
	Number of data message fragments lost              : 0
	Number of data message fragments unrecoverably lost: 0
	Receiver callbacks min service time (microseconds) : -1
	Receiver callbacks max service time (microseconds) : 0
	Receiver callbacks mean service time (microseconds): 0

Event Queue statistics received from umercv at 10.29.3.105, process ID=22b4f6, object ID=1e43c80, domain ID=0, sent Tue Oct 06 15:56:57 CDT 2026
	Data messages enqueued                                        : 0
	Total data messages enqueued                                  : 27
	Data messages min service time (microseconds)                 : -1
	Data messages mean service time (microseconds)                : 0
	Data messages max service time (microseconds)                 : 0
	Response messages enqueued                                    : 0
	Total response messages enqueued                              : 0
	Response messages min service time (microseconds)             : -1
	Response messages mean service time (microseconds)            : 0
	Response messages max service time (microseconds)             : 0
	Topicless immediate messages enqueued                         : 0
	Total topicless immediate messages enqueued                   : 0
	Topicless immediate messages min service time (microseconds)  : -1
	Topicless immediate messages mean service time (microseconds) : 0
	Topicless immediate messages max service time (microseconds)  : 0
	Wildcard receiver messages enqueued                           : 0
	Total wildcard receiver messages enqueued                     : 0
	Wildcard receiver messages min service time (microseconds)    : -1
	Wildcard receiver messages mean service time (microseconds)   : 0
	Wildcard receiver messages max service time (microseconds)    : 0
	I/O events enqueued                                           : 0
	Total I/O events enqueued                                     : 0
	I/O events min service time (microseconds)                    : -1
	I/O events mean service time (microseconds)                   : 0
	I/O events max service time (microseconds)                    : 0
	Timer events enqueued                                         : 0
	Total timer events enqueued                                   : 0
	Timer events min service time (microseconds)                  : -1
	Timer events mean service time (microseconds)                 : 0
	Timer events max service time (microseconds)                  : 0
	Source events enqueued                                        : 0
	Total source events enqueued                                  : 0
	Source events min service time (microseconds)                 : -1
	Source events mean service time (microseconds)                : 0
	Source events max service time (microseconds)                 : 0
	Unblock events enqueued                                       : 0
	Total unblock events enqueued                                 : 0
	Cancel events enqueued                                        : 0
	Total cancel events enqueued                                  : 0
	Cancel events min service time (microseconds)                 : -1
	Cancel events mean service time (microseconds)                : 0
	Cancel events max service time (microseconds)                 : 0
	Callback events enqueued                                      : 0
	Total callback events enqueued                                : 0
	Callback events min service time (microseconds)               : -1
	Callback events mean service time (microseconds)              : 0
	Callback events max service time (microseconds)               : 0
	Context source events enqueued                                : 0
	Total context source events enqueued                          : 0
	Context source events min service time (microseconds)         : -1
	Context source events mean service time (microseconds)        : 0
	Context source events max service time (microseconds)         : 0
	Events currently enqueued                                     : 0
	Total events enqueued                                         : 27
	Minimum age of events enqueued (microseconds)                 : -1
	Mean age of events enqueued (microseconds)                    : 0
	Max age of events enqueued (microseconds)                     : 0

Store statistics received from store_topic1 at 10.29.3.105, process ID=22b4ba, object ID=2316550, context instance=d00c3c82816738ec, domain ID=0, sent Tue Oct 06 15:56:57 CDT 2026
ume_retx_req_rcv_count: 4
ume_retx_req_serviced_count: 4
ume_retx_stat_interval: 30
src_count: 1
smart_heap_stat {
  poolsize: 311404672
  poolcount: 87779
  smallBlockSize: 256
  pageSize: 65504
}
src_repo_stats {
  src_regid: 4228464808
  topic_name: "topic1"
  message_map_sz: 24
  memory_sz: 776
  rpp_memory_sz: 700
  lead_sqn: 23
  sync_sqn: 23
  sync_complete_sqn: 23
  mem_trail_sqn: 23
  contig_sqn: 23
  flags: 2
  rcvr_count: 1
  last_activity_timestamp_sec: 1791320217
  src_disk_stat {
    max_offset: 8589934592
    offset: 17712
  }
  rcv_stats {
    rcv_regid: 4228465808
    high_ack_sqn: 22
    flags: 133
    last_activity_timestamp_sec: 1791320216
  }
}

Receiver statistics received from umercv at 10.29.3.105, process ID=22b4f6, object ID=1ed28e0, context instance=8a3b09f8ad01e8cf, domain ID=2, sent Tue Oct 06 15:56:57 CDT 2026
Source: LBTRM:10.29.4.105:14393:1599718b:239.101.3.3:14400
Transport: LBT-RM
	LBT-RM datagrams received                                 : 38
	LBT-RM datagram bytes received                            : 16880
	LBT-RM NAK packets sent                                   : 0
	LBT-RM NAKs sent                                          : 0
	Lost LBT-RM datagrams detected                            : 0
	NCFs received (ignored)                                   : 0
	NCFs received (shed)                                      : 0
	NCFs received (retransmit delay)                          : 0
	NCFs received (unknown)                                   : 0
	Loss recovery minimum time                                : -1ms
	Loss recovery mean time                                   : 0ms
	Loss recovery maximum time                                : 0ms
	Minimum transmissions per individual NAK                  : -1
	Mean transmissions per individual NAK                     : 0
	Maximum transmissions per individual NAK                  : 0
	Duplicate LBT-RM datagrams received                       : 0
	LBT-RM datagrams unrecoverable (window advance)           : 0
	LBT-RM datagrams unrecoverable (NAK generation expiration): 0
	LBT-RM LBM messages received                              : 21
	LBT-RM LBM messages received with uninteresting topic     : 0
	LBT-RM LBM requests received                              : 0
	LBT-RM datagrams dropped (size)                           : 0
	LBT-RM datagrams dropped (type)                           : 0
	LBT-RM datagrams dropped (version)                        : 0
	LBT-RM datagrams dropped (header)                         : 0
	LBT-RM datagrams dropped (other)                          : 0
	LBT-RM datagrams received out of order                    : 0

Context statistics received from umercv at 10.29.3.105, process ID=22b4f6, object ID=1ed28e0, context instance=8a3b09f8ad01e8cf, domain ID=2, sent Tue Oct 06 15:56:57 CDT 2026
	Topic resolution datagrams sent                    : 44
	Topic resolution datagram bytes sent               : 2068
	Topic resolution datagrams received                : 147
	Topic resolution datagram bytes received           : 12623
	Topic resolution datagrams dropped version         : 0
	Topic resolution datagrams dropped type            : 0
	Topic resolution datagrams dropped malformed       : 0
	Topic resolution datagrams send failed             : 0
	Topic resolution source topics                     : 0
	Topic resolution receiver topics                   : 1
	Topic resolution unresolved receiver topics        : 0
	LBT-RM unknown datagrams received                  : 0
	LBT-RU unknown datagrams received                  : 0
	LBM send calls which blocked                       : 0
	LBM send calls which returned EWOULDBLOCK          : 0
	LBM response calls which blocked                   : 0
	LBM response calls which returned EWOULDBLOCK      : 0
	Number of duplicate UIM messages dropped           : 0
	Number of UIM messages received without stream info: 0
	Number of data message fragments lost              : 2
	Number of data message fragments unrecoverably lost: 0
	Receiver callbacks min service time (microseconds) : -1
	Receiver callbacks max service time (microseconds) : 0
	Receiver callbacks mean service time (microseconds): 0

Receiver statistics received from store_appid_topic1 at 10.29.3.105, process ID=22b4ba, object ID=2316550, context instance=d00c3c82816738ec, domain ID=1, sent Tue Oct 06 15:56:58 CDT 2026
Source: LBTRM:10.29.4.105:14392:935982de:239.101.3.2:14400
Transport: LBT-RM
	LBT-RM datagrams received                                 : 45
	LBT-RM datagram bytes received                            : 18748
	LBT-RM NAK packets sent                                   : 0
	LBT-RM NAKs sent                                          : 0
	Lost LBT-RM datagrams detected                            : 0
	NCFs received (ignored)                                   : 0
	NCFs received (shed)                                      : 0
	NCFs received (retransmit delay)                          : 0
	NCFs received (unknown)                                   : 0
	Loss recovery minimum time                                : -1ms
	Loss recovery mean time                                   : 0ms
	Loss recovery maximum time                                : 0ms
	Minimum transmissions per individual NAK                  : -1
	Mean transmissions per individual NAK                     : 0
	Maximum transmissions per individual NAK                  : 0
	Duplicate LBT-RM datagrams received                       : 0
	LBT-RM datagrams unrecoverable (window advance)           : 0
	LBT-RM datagrams unrecoverable (NAK generation expiration): 0
	LBT-RM LBM messages received                              : 23
	LBT-RM LBM messages received with uninteresting topic     : 0
	LBT-RM LBM requests received                              : 0
	LBT-RM datagrams dropped (size)                           : 0
	LBT-RM datagrams dropped (type)                           : 0
	LBT-RM datagrams dropped (version)                        : 0
	LBT-RM datagrams dropped (header)                         : 0
	LBT-RM datagrams dropped (other)                          : 0
	LBT-RM datagrams received out of order                    : 0

Context statistics received from store_appid_topic1 at 10.29.3.105, process ID=22b4ba, object ID=2316550, context instance=d00c3c82816738ec, domain ID=1, sent Tue Oct 06 15:56:58 CDT 2026
	Topic resolution datagrams sent                    : 0
	Topic resolution datagram bytes sent               : 0
	Topic resolution datagrams received                : 0
	Topic resolution datagram bytes received           : 0
	Topic resolution datagrams dropped version         : 0
	Topic resolution datagrams dropped type            : 0
	Topic resolution datagrams dropped malformed       : 0
	Topic resolution datagrams send failed             : 0
	Topic resolution source topics                     : 0
	Topic resolution receiver topics                   : 1
	Topic resolution unresolved receiver topics        : 0
	LBT-RM unknown datagrams received                  : 0
	LBT-RU unknown datagrams received                  : 0
	LBM send calls which blocked                       : 0
	LBM send calls which returned EWOULDBLOCK          : 0
	LBM response calls which blocked                   : 0
	LBM response calls which returned EWOULDBLOCK      : 0
	Number of duplicate UIM messages dropped           : 0
	Number of UIM messages received without stream info: 0
	Number of data message fragments lost              : 0
	Number of data message fragments unrecoverably lost: 0
	Receiver callbacks min service time (microseconds) : -1
	Receiver callbacks max service time (microseconds) : 0
	Receiver callbacks mean service time (microseconds): 0

Context statistics received from store_appid_topic1 at 10.29.3.105, process ID=22b4ba, object ID=2771320, context instance=5d860c059005990e, domain ID=1, sent Tue Oct 06 15:56:58 CDT 2026
	Topic resolution datagrams sent                    : 0
	Topic resolution datagram bytes sent               : 0
	Topic resolution datagrams received                : 0
	Topic resolution datagram bytes received           : 0
	Topic resolution datagrams dropped version         : 0
	Topic resolution datagrams dropped type            : 0
	Topic resolution datagrams dropped malformed       : 0
	Topic resolution datagrams send failed             : 0
	Topic resolution source topics                     : 0
	Topic resolution receiver topics                   : 0
	Topic resolution unresolved receiver topics        : 0
	LBT-RM unknown datagrams received                  : 0
	LBT-RU unknown datagrams received                  : 0
	LBM send calls which blocked                       : 0
	LBM send calls which returned EWOULDBLOCK          : 0
	LBM response calls which blocked                   : 0
	LBM response calls which returned EWOULDBLOCK      : 0
	Number of duplicate UIM messages dropped           : 0
	Number of UIM messages received without stream info: 0
	Number of data message fragments lost              : 0
	Number of data message fragments unrecoverably lost: 0
	Receiver callbacks min service time (microseconds) : -1
	Receiver callbacks max service time (microseconds) : 0
	Receiver callbacks mean service time (microseconds): 0

SRS statistics received from srs1 at 10.29.4.105, process ID=22b42f, domain ID=0, sent Tue Oct 06 15:57:00 CDT 2026
um_client {
  um_client_info {
    ip: "10.29.4.105"
    port: 49937
    session_id: "0xaae8bdd7"
  }
  client_rtir_received_count: 2
  client_rir_sent_count: 2
  client_dir_sent_count: 1
  client_rtir_sent_count: 2
}

SRS statistics received from srs1 at 10.29.4.105, process ID=22b42f, domain ID=0, sent Tue Oct 06 15:57:00 CDT 2026
um_client {
  um_client_info {
    ip: "10.29.4.105"
    port: 45249
    session_id: "0xbdde2e94"
  }
  client_sir_received_count: 1
  client_active_sir_count: 1
  client_max_concurrent_sir_count: 1
  client_cnqr_received_count: 1
  client_dir_sent_count: 1
  client_rtir_sent_count: 1
  client_cnir_sent_count: 1
}

SRS statistics received from srs1 at 10.29.4.105, process ID=22b42f, domain ID=0, sent Tue Oct 06 15:57:00 CDT 2026
um_client {
  um_client_info {
    ip: "10.29.4.105"
    port: 47705
    session_id: "0x1f614ade"
  }
  client_rir_received_count: 1
  client_sir_sent_count: 1
  client_dir_sent_count: 1
  client_rtir_sent_count: 2
  client_cnir_sent_count: 1
}

SRS statistics received from srs1 at 10.29.4.105, process ID=22b42f, domain ID=0, sent Tue Oct 06 15:57:00 CDT 2026
um_client {
  um_client_info {
    ip: "10.29.4.105"
    port: 46229
    session_id: "0xc0bf9235"
  }
  client_cnir_received_count: 1
  client_dir_sent_count: 1
  client_rtir_sent_count: 2
}

SRS statistics received from srs1 at 10.29.4.105, process ID=22b42f, domain ID=0, sent Tue Oct 06 15:57:00 CDT 2026
um_client {
  um_client_info {
    ip: "10.29.4.105"
    port: 41699
    session_id: "0x85c43d1d"
  }
  client_rir_received_count: 1
  client_sir_sent_count: 1
  client_dir_sent_count: 1
  client_rtir_sent_count: 2
}

SRS statistics received from srs1 at 10.29.4.105, process ID=22b42f, domain ID=0, sent Tue Oct 06 15:57:00 CDT 2026
srs {
  clients_next_client_id: 6
  active_clients_count: 5
  clients_connects_count: 5
  clients_max_concurrent_connections_count: 5
  clients_active_sir_count: 1
  clients_active_rir_count: 2
  clients_active_cnir_count: 1
  clients_active_dir_count: 2
  clients_active_rtir_count: 1
}

SRS statistics received from srs1 at 10.29.4.105, process ID=22b42f, domain ID=0, sent Tue Oct 06 15:57:00 CDT 2026
internal {
  srs_otidmap_shards: "4"
  srs_topicmap_shards: "4"
  srs_routemap_shards: "4"
  srs_namemap_shards: "4"
}

SRS statistics received from srs1 at 10.29.4.105, process ID=22b42f, domain ID=0, sent Tue Oct 06 15:57:00 CDT 2026
um_client_error {
  um_client_info {
    ip: "10.29.4.105"
    port: 47705
    session_id: "0x1f614ade"
  }
}

SRS statistics received from srs1 at 10.29.4.105, process ID=22b42f, domain ID=0, sent Tue Oct 06 15:57:00 CDT 2026
um_client_error {
  um_client_info {
    ip: "10.29.4.105"
    port: 46229
    session_id: "0xc0bf9235"
  }
}

SRS statistics received from srs1 at 10.29.4.105, process ID=22b42f, domain ID=0, sent Tue Oct 06 15:57:00 CDT 2026
um_client_error {
  um_client_info {
    ip: "10.29.4.105"
    port: 41699
    session_id: "0x85c43d1d"
  }
}

SRS statistics received from srs1 at 10.29.4.105, process ID=22b42f, domain ID=0, sent Tue Oct 06 15:57:00 CDT 2026
um_client_error {
  um_client_info {
    ip: "10.29.4.105"
    port: 49937
    session_id: "0xaae8bdd7"
  }
}

SRS statistics received from srs1 at 10.29.4.105, process ID=22b42f, domain ID=0, sent Tue Oct 06 15:57:00 CDT 2026
um_client_error {
  um_client_info {
    ip: "10.29.4.105"
    port: 45249
    session_id: "0xbdde2e94"
  }
}

SRS statistics received from srs1 at 10.29.4.105, process ID=22b42f, domain ID=0, sent Tue Oct 06 15:57:00 CDT 2026
version: "1.0"
daemon_log_type: "console"
daemon_log_frequency: "disable"
daemon_log_size: "10"
daemon_log_max_history: "10"
daemon_log_total_size_cap: "1000"
daemon_log_compression: "none"
daemon_pid_file: "srs.pid"
srs_interface: "10.29.4.105"
srs_port: "12601"
srs_source_state_lifetime: "86400"
srs_interest_state_lifetime: "86400"
srs_route_state_lifetime: "30"
srs_context_name_state_lifetime: "86400"
srs_source_leave_backoff: "500"
srs_clientactor_request_stream_max_msg_count: "1000"
srs_clientactor_record_queue_service_interval: "10"
srs_clientactor_batch_frame_max_record_count: "50"
srs_clientactor_batch_frame_max_datagram_size: "8192"
srs_application_id: "srs1"
debug_monitor_interface: "localhost"
debug_monitor_port: "27001"
debug_monitor_enabled: "false"
debug_monitor_ping_interval: "60000"
daemon_monitor_topic: "/29west/statistics"
daemon_monitor_ping_interval: "5000"
daemon_monitor_publishing_interval_default: "5000"
daemon_monitor_publishing_interval_srs_stats: "5000"
daemon_monitor_publishing_interval_um_client_stats: "5000"
daemon_monitor_publishing_interval_connection_events: "5000"
daemon_monitor_publishing_interval_srs_error_stats: "5000"
daemon_monitor_publishing_interval_um_client_error_stats: "5000"
daemon_monitor_publishing_interval_config_opts: "5000"
daemon_monitor_publishing_interval_internal_config_opts: "5000"
daemon_monitor_publish_connection_events_allow: "false"
daemon_monitor_remote_snapshot_request_allow: "false"
daemon_monitor_remote_config_changes_request_allow: "false"
daemon_monitor_monitor_format: "pb"
daemon_monitor_lbm_attributes {
  scope: "context"
  name: "default_interface"
  value: "10.29.3.0/24"
}
daemon_monitor_lbm_attributes {
  scope: "context"
  name: "mim_incoming_address"
  value: "0.0.0.0"
}
daemon_monitor_lbm_attributes {
  scope: "context"
  name: "request_tcp_interface"
  value: "10.29.3.0/24"
}
daemon_monitor_lbm_attributes {
  scope: "context"
  name: "request_tcp_reuseaddr"
  value: "1"
}
daemon_monitor_lbm_attributes {
  scope: "context"
  name: "resolver_disable_udp_topic_resolution"
  value: "0"
}
daemon_monitor_lbm_attributes {
  scope: "context"
  name: "resolver_service"
  value: "0.0.0.0:0"
}
daemon_monitor_lbm_attributes {
  scope: "context"
  name: "resolver_unicast_daemon"
  value: "0.0.0.0:0,10.29.3.105:12801"
}
daemon_monitor_lbm_attributes {
  scope: "context"
  name: "resolver_unicast_port_high"
  value: "12809"
}
daemon_monitor_lbm_attributes {
  scope: "context"
  name: "resolver_unicast_port_low"
  value: "12802"
}
daemon_monitor_lbm_attributes {
  scope: "source"
  name: "transport"
  value: "tcp"
}

Gateway statistics received from dro1 at 10.29.3.105, process ID=22b49c, object ID=1b54c30, domain ID=0, sent Tue Oct 06 15:57:00 CDT 2026
local {
  gateway_name: "dro1"
  gateway_id: 17080559106476924158
  version: 2
  topology_signature: 4145639977
  recalc_duration_usec: 56
  graph_version: 2
  gateway_count: 1
  trd_count: 2
  malloc_info {
    arena: 37806080
    ordblks: 37
    hblks: 28
    hblkhd: 25034752
    uordblks: 36307088
    fordblks: 1498992
  }
}
portals {
  portal_name: "TRD1"
  cost: 1
  proxy_receivers: 1
  receiver_topics: 1
  recalc_duration_usec: 56
  proxy_rec_recalc_duration_usec: 132
  endpoint {
    receive {
      transport_topic_fragments_rcvd: 23
      transport_topic_fragment_bytes_rcvd: 16376
      transport_topic_control_rcvd: 16
      transport_topic_control_bytes_rcvd: 1152
      unicast_data_msgs_rcvd: 4
      unicast_data_msg_bytes_rcvd: 3088
      unicast_cntl_msgs_rcvd: 1
      unicast_cntl_msg_bytes_rcvd: 84
    }
    send {
      unicast_msgs_forwarded: 25
      unicast_msg_bytes_forwarded: 2232
      unicast_msgs_sent: 25
      unicast_msg_bytes_sent: 2232
      data_bytes_enqueued_limit: 1000000
    }
  }
}
portals {
  portal_name: "TRD2"
  portal_index: 1
  cost: 1
  proxy_receivers: 1
  receiver_topics: 1
  proxy_sources: 1
  recalc_duration_usec: 56
  proxy_rec_recalc_duration_usec: 183
  endpoint {
    receive {
      unicast_cntl_msgs_rcvd: 25
      unicast_cntl_msg_bytes_rcvd: 2232
    }
    send {
      transport_topic_fragments_forwarded: 39
      transport_topic_fragment_bytes_forwarded: 17528
      transport_topic_fragments_sent: 39
      transport_topic_fragment_bytes_sent: 17528
      unicast_msgs_forwarded: 5
      unicast_msg_bytes_forwarded: 3172
      unicast_msgs_sent: 5
      unicast_msg_bytes_sent: 3172
      data_bytes_enqueued_limit: 1000000
    }
  }
}

Event Queue statistics received from Gateway_Portal_TRD2_event_queue at 10.29.3.105, process ID=22b49c, object ID=1f5a160, domain ID=0, sent Tue Oct 06 15:57:00 CDT 2026
	Data messages enqueued                                        : 0
	Total data messages enqueued                                  : 0
	Data messages min service time (microseconds)                 : -1
	Data messages mean service time (microseconds)                : 0
	Data messages max service time (microseconds)                 : 0
	Response messages enqueued                                    : 0
	Total response messages enqueued                              : 0
	Response messages min service time (microseconds)             : -1
	Response messages mean service time (microseconds)            : 0
	Response messages max service time (microseconds)             : 0
	Topicless immediate messages enqueued                         : 0
	Total topicless immediate messages enqueued                   : 0
	Topicless immediate messages min service time (microseconds)  : -1
	Topicless immediate messages mean service time (microseconds) : 0
	Topicless immediate messages max service time (microseconds)  : 0
	Wildcard receiver messages enqueued                           : 0
	Total wildcard receiver messages enqueued                     : 0
	Wildcard receiver messages min service time (microseconds)    : -1
	Wildcard receiver messages mean service time (microseconds)   : 0
	Wildcard receiver messages max service time (microseconds)    : 0
	I/O events enqueued                                           : 0
	Total I/O events enqueued                                     : 0
	I/O events min service time (microseconds)                    : -1
	I/O events mean service time (microseconds)                   : 0
	I/O events max service time (microseconds)                    : 0
	Timer events enqueued                                         : 0
	Total timer events enqueued                                   : 0
	Timer events min service time (microseconds)                  : -1
	Timer events mean service time (microseconds)                 : 0
	Timer events max service time (microseconds)                  : 0
	Source events enqueued                                        : 0
	Total source events enqueued                                  : 0
	Source events min service time (microseconds)                 : -1
	Source events mean service time (microseconds)                : 0
	Source events max service time (microseconds)                 : 0
	Unblock events enqueued                                       : 0
	Total unblock events enqueued                                 : 0
	Cancel events enqueued                                        : 0
	Total cancel events enqueued                                  : 0
	Cancel events min service time (microseconds)                 : -1
	Cancel events mean service time (microseconds)                : 0
	Cancel events max service time (microseconds)                 : 0
	Callback events enqueued                                      : 0
	Total callback events enqueued                                : 0
	Callback events min service time (microseconds)               : -1
	Callback events mean service time (microseconds)              : 0
	Callback events max service time (microseconds)               : 0
	Context source events enqueued                                : 0
	Total context source events enqueued                          : 0
	Context source events min service time (microseconds)         : -1
	Context source events mean service time (microseconds)        : 0
	Context source events max service time (microseconds)         : 0
	Events currently enqueued                                     : 0
	Total events enqueued                                         : 0
	Minimum age of events enqueued (microseconds)                 : -1
	Mean age of events enqueued (microseconds)                    : 0
	Max age of events enqueued (microseconds)                     : 0

Event Queue statistics received from Gateway_Portal_TRD1_event_queue at 10.29.3.105, process ID=22b49c, object ID=1e1d3f0, domain ID=0, sent Tue Oct 06 15:57:00 CDT 2026
	Data messages enqueued                                        : 0
	Total data messages enqueued                                  : 0
	Data messages min service time (microseconds)                 : -1
	Data messages mean service time (microseconds)                : 0
	Data messages max service time (microseconds)                 : 0
	Response messages enqueued                                    : 0
	Total response messages enqueued                              : 0
	Response messages min service time (microseconds)             : -1
	Response messages mean service time (microseconds)            : 0
	Response messages max service time (microseconds)             : 0
	Topicless immediate messages enqueued                         : 0
	Total topicless immediate messages enqueued                   : 0
	Topicless immediate messages min service time (microseconds)  : -1
	Topicless immediate messages mean service time (microseconds) : 0
	Topicless immediate messages max service time (microseconds)  : 0
	Wildcard receiver messages enqueued                           : 0
	Total wildcard receiver messages enqueued                     : 0
	Wildcard receiver messages min service time (microseconds)    : -1
	Wildcard receiver messages mean service time (microseconds)   : 0
	Wildcard receiver messages max service time (microseconds)    : 0
	I/O events enqueued                                           : 0
	Total I/O events enqueued                                     : 0
	I/O events min service time (microseconds)                    : -1
	I/O events mean service time (microseconds)                   : 0
	I/O events max service time (microseconds)                    : 0
	Timer events enqueued                                         : 0
	Total timer events enqueued                                   : 0
	Timer events min service time (microseconds)                  : -1
	Timer events mean service time (microseconds)                 : 0
	Timer events max service time (microseconds)                  : 0
	Source events enqueued                                        : 0
	Total source events enqueued                                  : 0
	Source events min service time (microseconds)                 : -1
	Source events mean service time (microseconds)                : 0
	Source events max service time (microseconds)                 : 0
	Unblock events enqueued                                       : 0
	Total unblock events enqueued                                 : 0
	Cancel events enqueued                                        : 0
	Total cancel events enqueued                                  : 0
	Cancel events min service time (microseconds)                 : -1
	Cancel events mean service time (microseconds)                : 0
	Cancel events max service time (microseconds)                 : 0
	Callback events enqueued                                      : 0
	Total callback events enqueued                                : 0
	Callback events min service time (microseconds)               : -1
	Callback events mean service time (microseconds)              : 0
	Callback events max service time (microseconds)               : 0
	Context source events enqueued                                : 0
	Total context source events enqueued                          : 0
	Context source events min service time (microseconds)         : -1
	Context source events mean service time (microseconds)        : 0
	Context source events max service time (microseconds)         : 0
	Events currently enqueued                                     : 0
	Total events enqueued                                         : 0
	Minimum age of events enqueued (microseconds)                 : -1
	Mean age of events enqueued (microseconds)                    : 0
	Max age of events enqueued (microseconds)                     : 0

Source statistics received from Gateway_Portal_TRD2_src_ctx at 10.29.3.105, process ID=22b49c, object ID=1e266e0, context instance=df13daf3f0e6045a, domain ID=2, sent Tue Oct 06 15:57:00 CDT 2026
Source: LBTRM:10.29.4.105:14393:1599718b:239.101.3.3:14400
Transport: LBT-RM
	LBT-RM datagrams sent                                 : 41
	LBT-RM datagram bytes sent                            : 19076
	LBT-RM datagrams in transmission window               : 41
	LBT-RM datagram bytes in transmission window          : 19076
	LBT-RM NAK packets received                           : 0
	LBT-RM NAKs received                                  : 0
	LBT-RM NAKs ignored                                   : 0
	LBT-RM NAKs shed                                      : 0
	LBT-RM NAKs ignored (retransmit delay)                : 0
	LBT-RM retransmission datagrams sent                  : 0
	LBT-RM retransmission datagrams bytes sent            : 0
	LBT-RM datagrams queued by rate control               : 0
	LBT-RM retransmission datagrams queued by rate control: 0

Context statistics received from Gateway_Portal_TRD2_src_ctx at 10.29.3.105, process ID=22b49c, object ID=1e266e0, context instance=df13daf3f0e6045a, domain ID=2, sent Tue Oct 06 15:57:00 CDT 2026
	Topic resolution datagrams sent                    : 114
	Topic resolution datagram bytes sent               : 11606
	Topic resolution datagrams received                : 205
	Topic resolution datagram bytes received           : 15806
	Topic resolution datagrams dropped version         : 0
	Topic resolution datagrams dropped type            : 0
	Topic resolution datagrams dropped malformed       : 0
	Topic resolution datagrams send failed             : 0
	Topic resolution source topics                     : 1
	Topic resolution receiver topics                   : 0
	Topic resolution unresolved receiver topics        : 0
	LBT-RM unknown datagrams received                  : 0
	LBT-RU unknown datagrams received                  : 0
	LBM send calls which blocked                       : 0
	LBM send calls which returned EWOULDBLOCK          : 0
	LBM response calls which blocked                   : 0
	LBM response calls which returned EWOULDBLOCK      : 0
	Number of duplicate UIM messages dropped           : 0
	Number of UIM messages received without stream info: 0
	Number of data message fragments lost              : 0
	Number of data message fragments unrecoverably lost: 0
	Receiver callbacks min service time (microseconds) : -1
	Receiver callbacks max service time (microseconds) : 0
	Receiver callbacks mean service time (microseconds): 0

IM source statistics received from Gateway_Portal_TRD2_src_ctx at 10.29.3.105, process ID=22b49c, object ID=1e266e0, context instance=df13daf3f0e6045a, domain ID=2, sent Tue Oct 06 15:57:00 CDT 2026
Source: LBTRM:10.29.4.105:14391:12265df3:224.10.10.21:14401[4294967295]
Transport: LBT-RM
	LBT-RM datagrams sent                                 : 0
	LBT-RM datagrams bytes sent                           : 0
	LBT-RM datagrams in transmission window               : 0
	LBT-RM datagram bytes in transmission window          : 0
	LBT-RM NAK packets received                           : 0
	LBT-RM NAKs received                                  : 0
	LBT-RM NAKs ignored                                   : 0
	LBT-RM NAKs shed                                      : 0
	LBT-RM NAKs ignored (retransmit delay)                : 0
	LBT-RM retransmission datagrams sent                  : 0
	LBT-RM retransmission datagram bytes sent             : 0
	LBT-RM datagrams queued by rate control               : 0
	LBT-RM retransmission datagrams queued by rate control: 0

Context statistics received from Gateway_Portal_TRD2_rcv_ctx at 10.29.3.105, process ID=22b49c, object ID=1ea7800, context instance=6564a4167c753958, domain ID=2, sent Tue Oct 06 15:57:00 CDT 2026
	Topic resolution datagrams sent                    : 44
	Topic resolution datagram bytes sent               : 1991
	Topic resolution datagrams received                : 205
	Topic resolution datagram bytes received           : 15806
	Topic resolution datagrams dropped version         : 0
	Topic resolution datagrams dropped type            : 0
	Topic resolution datagrams dropped malformed       : 0
	Topic resolution datagrams send failed             : 0
	Topic resolution source topics                     : 0
	Topic resolution receiver topics                   : 1
	Topic resolution unresolved receiver topics        : 1
	LBT-RM unknown datagrams received                  : 0
	LBT-RU unknown datagrams received                  : 0
	LBM send calls which blocked                       : 0
	LBM send calls which returned EWOULDBLOCK          : 0
	LBM response calls which blocked                   : 0
	LBM response calls which returned EWOULDBLOCK      : 0
	Number of duplicate UIM messages dropped           : 0
	Number of UIM messages received without stream info: 0
	Number of data message fragments lost              : 0
	Number of data message fragments unrecoverably lost: 0
	Receiver callbacks min service time (microseconds) : -1
	Receiver callbacks max service time (microseconds) : 0
	Receiver callbacks mean service time (microseconds): 0

Context statistics received from Gateway_Portal_TRD1_src_ctx at 10.29.3.105, process ID=22b49c, object ID=1bfda50, context instance=afc3a72ab4a0190e, domain ID=1, sent Tue Oct 06 15:57:00 CDT 2026
	Topic resolution datagrams sent                    : 0
	Topic resolution datagram bytes sent               : 0
	Topic resolution datagrams received                : 0
	Topic resolution datagram bytes received           : 0
	Topic resolution datagrams dropped version         : 0
	Topic resolution datagrams dropped type            : 0
	Topic resolution datagrams dropped malformed       : 0
	Topic resolution datagrams send failed             : 0
	Topic resolution source topics                     : 0
	Topic resolution receiver topics                   : 0
	Topic resolution unresolved receiver topics        : 0
	LBT-RM unknown datagrams received                  : 0
	LBT-RU unknown datagrams received                  : 0
	LBM send calls which blocked                       : 0
	LBM send calls which returned EWOULDBLOCK          : 0
	LBM response calls which blocked                   : 0
	LBM response calls which returned EWOULDBLOCK      : 0
	Number of duplicate UIM messages dropped           : 0
	Number of UIM messages received without stream info: 0
	Number of data message fragments lost              : 0
	Number of data message fragments unrecoverably lost: 0
	Receiver callbacks min service time (microseconds) : -1
	Receiver callbacks max service time (microseconds) : 0
	Receiver callbacks mean service time (microseconds): 0

IM source statistics received from Gateway_Portal_TRD1_src_ctx at 10.29.3.105, process ID=22b49c, object ID=1bfda50, context instance=afc3a72ab4a0190e, domain ID=1, sent Tue Oct 06 15:57:00 CDT 2026
Source: LBTRM:10.29.4.105:14390:9dd2ec8f:224.10.10.21:14401[4294967295]
Transport: LBT-RM
	LBT-RM datagrams sent                                 : 0
	LBT-RM datagrams bytes sent                           : 0
	LBT-RM datagrams in transmission window               : 0
	LBT-RM datagram bytes in transmission window          : 0
	LBT-RM NAK packets received                           : 0
	LBT-RM NAKs received                                  : 0
	LBT-RM NAKs ignored                                   : 0
	LBT-RM NAKs shed                                      : 0
	LBT-RM NAKs ignored (retransmit delay)                : 0
	LBT-RM retransmission datagrams sent                  : 0
	LBT-RM retransmission datagram bytes sent             : 0
	LBT-RM datagrams queued by rate control               : 0
	LBT-RM retransmission datagrams queued by rate control: 0

Receiver statistics received from Gateway_Portal_TRD1_rcv_ctx at 10.29.3.105, process ID=22b49c, object ID=1cf49c0, context instance=8bee4fdb11d451f2, domain ID=1, sent Tue Oct 06 15:57:00 CDT 2026
Source: LBTRM:10.29.4.105:14392:935982de:239.101.3.2:14400
Transport: LBT-RM
	LBT-RM datagrams received                                 : 41
	LBT-RM datagram bytes received                            : 19076
	LBT-RM NAK packets sent                                   : 0
	LBT-RM NAKs sent                                          : 0
	Lost LBT-RM datagrams detected                            : 0
	NCFs received (ignored)                                   : 0
	NCFs received (shed)                                      : 0
	NCFs received (retransmit delay)                          : 0
	NCFs received (unknown)                                   : 0
	Loss recovery minimum time                                : -1ms
	Loss recovery mean time                                   : 0ms
	Loss recovery maximum time                                : 0ms
	Minimum transmissions per individual NAK                  : -1
	Mean transmissions per individual NAK                     : 0
	Maximum transmissions per individual NAK                  : 0
	Duplicate LBT-RM datagrams received                       : 0
	LBT-RM datagrams unrecoverable (window advance)           : 0
	LBT-RM datagrams unrecoverable (NAK generation expiration): 0
	LBT-RM LBM messages received                              : 24
	LBT-RM LBM messages received with uninteresting topic     : 0
	LBT-RM LBM requests received                              : 0
	LBT-RM datagrams dropped (size)                           : 0
	LBT-RM datagrams dropped (type)                           : 0
	LBT-RM datagrams dropped (version)                        : 0
	LBT-RM datagrams dropped (header)                         : 0
	LBT-RM datagrams dropped (other)                          : 0
	LBT-RM datagrams received out of order                    : 0

Context statistics received from Gateway_Portal_TRD1_rcv_ctx at 10.29.3.105, process ID=22b49c, object ID=1cf49c0, context instance=8bee4fdb11d451f2, domain ID=1, sent Tue Oct 06 15:57:00 CDT 2026
	Topic resolution datagrams sent                    : 0
	Topic resolution datagram bytes sent               : 0
	Topic resolution datagrams received                : 0
	Topic resolution datagram bytes received           : 0
	Topic resolution datagrams dropped version         : 0
	Topic resolution datagrams dropped type            : 0
	Topic resolution datagrams dropped malformed       : 0
	Topic resolution datagrams send failed             : 0
	Topic resolution source topics                     : 0
	Topic resolution receiver topics                   : 1
	Topic resolution unresolved receiver topics        : 0
	LBT-RM unknown datagrams received                  : 0
	LBT-RU unknown datagrams received                  : 0
	LBM send calls which blocked                       : 0
	LBM send calls which returned EWOULDBLOCK          : 0
	LBM response calls which blocked                   : 0
	LBM response calls which returned EWOULDBLOCK      : 0
	Number of duplicate UIM messages dropped           : 0
	Number of UIM messages received without stream info: 0
	Number of data message fragments lost              : 0
	Number of data message fragments unrecoverably lost: 0
	Receiver callbacks min service time (microseconds) : -1
	Receiver callbacks max service time (microseconds) : 0
	Receiver callbacks mean service time (microseconds): 0

Source statistics received from umesrc at 10.29.3.105, process ID=22b4e1, object ID=270ed70, context instance=8d6883de573c3215, domain ID=1, sent Tue Oct 06 15:57:02 CDT 2026
Source: LBTRM:10.29.4.105:14392:935982de:239.101.3.2:14400
Transport: LBT-RM
	LBT-RM datagrams sent                                 : 51
	LBT-RM datagram bytes sent                            : 22500
	LBT-RM datagrams in transmission window               : 51
	LBT-RM datagram bytes in transmission window          : 22500
	LBT-RM NAK packets received                           : 0
	LBT-RM NAKs received                                  : 0
	LBT-RM NAKs ignored                                   : 0
	LBT-RM NAKs shed                                      : 0
	LBT-RM NAKs ignored (retransmit delay)                : 0
	LBT-RM retransmission datagrams sent                  : 0
	LBT-RM retransmission datagrams bytes sent            : 0
	LBT-RM datagrams queued by rate control               : 0
	LBT-RM retransmission datagrams queued by rate control: 0

Context statistics received from umesrc at 10.29.3.105, process ID=22b4e1, object ID=270ed70, context instance=8d6883de573c3215, domain ID=1, sent Tue Oct 06 15:57:02 CDT 2026
	Topic resolution datagrams sent                    : 0
	Topic resolution datagram bytes sent               : 0
	Topic resolution datagrams received                : 0
	Topic resolution datagram bytes received           : 0
	Topic resolution datagrams dropped version         : 0
	Topic resolution datagrams dropped type            : 0
	Topic resolution datagrams dropped malformed       : 0
	Topic resolution datagrams send failed             : 0
	Topic resolution source topics                     : 1
	Topic resolution receiver topics                   : 0
	Topic resolution unresolved receiver topics        : 0
	LBT-RM unknown datagrams received                  : 0
	LBT-RU unknown datagrams received                  : 0
	LBM send calls which blocked                       : 0
	LBM send calls which returned EWOULDBLOCK          : 0
	LBM response calls which blocked                   : 0
	LBM response calls which returned EWOULDBLOCK      : 0
	Number of duplicate UIM messages dropped           : 0
	Number of UIM messages received without stream info: 0
	Number of data message fragments lost              : 0
	Number of data message fragments unrecoverably lost: 0
	Receiver callbacks min service time (microseconds) : -1
	Receiver callbacks max service time (microseconds) : 0
	Receiver callbacks mean service time (microseconds): 0

Event Queue statistics received from umercv at 10.29.3.105, process ID=22b4f6, object ID=1e43c80, domain ID=0, sent Tue Oct 06 15:57:02 CDT 2026
	Data messages enqueued                                        : 0
	Total data messages enqueued                                  : 31
	Data messages min service time (microseconds)                 : -1
	Data messages mean service time (microseconds)                : 0
	Data messages max service time (microseconds)                 : 0
	Response messages enqueued                                    : 0
	Total response messages enqueued                              : 0
	Response messages min service time (microseconds)             : -1
	Response messages mean service time (microseconds)            : 0
	Response messages max service time (microseconds)             : 0
	Topicless immediate messages enqueued                         : 0
	Total topicless immediate messages enqueued                   : 0
	Topicless immediate messages min service time (microseconds)  : -1
	Topicless immediate messages mean service time (microseconds) : 0
	Topicless immediate messages max service time (microseconds)  : 0
	Wildcard receiver messages enqueued                           : 0
	Total wildcard receiver messages enqueued                     : 0
	Wildcard receiver messages min service time (microseconds)    : -1
	Wildcard receiver messages mean service time (microseconds)   : 0
	Wildcard receiver messages max service time (microseconds)    : 0
	I/O events enqueued                                           : 0
	Total I/O events enqueued                                     : 0
	I/O events min service time (microseconds)                    : -1
	I/O events mean service time (microseconds)                   : 0
	I/O events max service time (microseconds)                    : 0
	Timer events enqueued                                         : 0
	Total timer events enqueued                                   : 0
	Timer events min service time (microseconds)                  : -1
	Timer events mean service time (microseconds)                 : 0
	Timer events max service time (microseconds)                  : 0
	Source events enqueued                                        : 0
	Total source events enqueued                                  : 0
	Source events min service time (microseconds)                 : -1
	Source events mean service time (microseconds)                : 0
	Source events max service time (microseconds)                 : 0
	Unblock events enqueued                                       : 0
	Total unblock events enqueued                                 : 0
	Cancel events enqueued                                        : 0
	Total cancel events enqueued                                  : 0
	Cancel events min service time (microseconds)                 : -1
	Cancel events mean service time (microseconds)                : 0
	Cancel events max service time (microseconds)                 : 0
	Callback events enqueued                                      : 0
	Total callback events enqueued                                : 0
	Callback events min service time (microseconds)               : -1
	Callback events mean service time (microseconds)              : 0
	Callback events max service time (microseconds)               : 0
	Context source events enqueued                                : 0
	Total context source events enqueued                          : 0
	Context source events min service time (microseconds)         : -1
	Context source events mean service time (microseconds)        : 0
	Context source events max service time (microseconds)         : 0
	Events currently enqueued                                     : 0
	Total events enqueued                                         : 31
	Minimum age of events enqueued (microseconds)                 : -1
	Mean age of events enqueued (microseconds)                    : 0
	Max age of events enqueued (microseconds)                     : 0

Receiver statistics received from umercv at 10.29.3.105, process ID=22b4f6, object ID=1ed28e0, context instance=8a3b09f8ad01e8cf, domain ID=2, sent Tue Oct 06 15:57:02 CDT 2026
Source: LBTRM:10.29.4.105:14393:1599718b:239.101.3.3:14400
Transport: LBT-RM
	LBT-RM datagrams received                                 : 43
	LBT-RM datagram bytes received                            : 20540
	LBT-RM NAK packets sent                                   : 0
	LBT-RM NAKs sent                                          : 0
	Lost LBT-RM datagrams detected                            : 0
	NCFs received (ignored)                                   : 0
	NCFs received (shed)                                      : 0
	NCFs received (retransmit delay)                          : 0
	NCFs received (unknown)                                   : 0
	Loss recovery minimum time                                : -1ms
	Loss recovery mean time                                   : 0ms
	Loss recovery maximum time                                : 0ms
	Minimum transmissions per individual NAK                  : -1
	Mean transmissions per individual NAK                     : 0
	Maximum transmissions per individual NAK                  : 0
	Duplicate LBT-RM datagrams received                       : 0
	LBT-RM datagrams unrecoverable (window advance)           : 0
	LBT-RM datagrams unrecoverable (NAK generation expiration): 0
	LBT-RM LBM messages received                              : 26
	LBT-RM LBM messages received with uninteresting topic     : 0
	LBT-RM LBM requests received                              : 0
	LBT-RM datagrams dropped (size)                           : 0
	LBT-RM datagrams dropped (type)                           : 0
	LBT-RM datagrams dropped (version)                        : 0
	LBT-RM datagrams dropped (header)                         : 0
	LBT-RM datagrams dropped (other)                          : 0
	LBT-RM datagrams received out of order                    : 0

Context statistics received from umercv at 10.29.3.105, process ID=22b4f6, object ID=1ed28e0, context instance=8a3b09f8ad01e8cf, domain ID=2, sent Tue Oct 06 15:57:02 CDT 2026
	Topic resolution datagrams sent                    : 49
	Topic resolution datagram bytes sent               : 2303
	Topic resolution datagrams received                : 164
	Topic resolution datagram bytes received           : 14083
	Topic resolution datagrams dropped version         : 0
	Topic resolution datagrams dropped type            : 0
	Topic resolution datagrams dropped malformed       : 0
	Topic resolution datagrams send failed             : 0
	Topic resolution source topics                     : 0
	Topic resolution receiver topics                   : 1
	Topic resolution unresolved receiver topics        : 0
	LBT-RM unknown datagrams received                  : 0
	LBT-RU unknown datagrams received                  : 0
	LBM send calls which blocked                       : 0
	LBM send calls which returned EWOULDBLOCK          : 0
	LBM response calls which blocked                   : 0
	LBM response calls which returned EWOULDBLOCK      : 0
	Number of duplicate UIM messages dropped           : 0
	Number of UIM messages received without stream info: 0
	Number of data message fragments lost              : 2
	Number of data message fragments unrecoverably lost: 0
	Receiver callbacks min service time (microseconds) : -1
	Receiver callbacks max service time (microseconds) : 0
	Receiver callbacks mean service time (microseconds): 0

Store statistics received from store_topic1 at 10.29.3.105, process ID=22b4ba, object ID=2316550, context instance=d00c3c82816738ec, domain ID=0, sent Tue Oct 06 15:57:02 CDT 2026
ume_retx_req_rcv_count: 4
ume_retx_req_serviced_count: 4
ume_retx_stat_interval: 35
src_count: 1
smart_heap_stat {
  poolsize: 311404672
  poolcount: 87753
  smallBlockSize: 256
  pageSize: 65504
}
src_repo_stats {
  src_regid: 4228464808
  topic_name: "topic1"
  message_map_sz: 29
  memory_sz: 776
  rpp_memory_sz: 700
  lead_sqn: 28
  sync_sqn: 28
  sync_complete_sqn: 28
  mem_trail_sqn: 28
  contig_sqn: 28
  flags: 2
  rcvr_count: 1
  last_activity_timestamp_sec: 1791320222
  src_disk_stat {
    max_offset: 8589934592
    offset: 21392
  }
  rcv_stats {
    rcv_regid: 4228465808
    high_ack_sqn: 28
    flags: 133
    last_activity_timestamp_sec: 1791320222
  }
}

Receiver statistics received from store_appid_topic1 at 10.29.3.105, process ID=22b4ba, object ID=2316550, context instance=d00c3c82816738ec, domain ID=1, sent Tue Oct 06 15:57:02 CDT 2026
Source: LBTRM:10.29.4.105:14392:935982de:239.101.3.2:14400
Transport: LBT-RM
	LBT-RM datagrams received                                 : 50
	LBT-RM datagram bytes received                            : 22408
	LBT-RM NAK packets sent                                   : 0
	LBT-RM NAKs sent                                          : 0
	Lost LBT-RM datagrams detected                            : 0
	NCFs received (ignored)                                   : 0
	NCFs received (shed)                                      : 0
	NCFs received (retransmit delay)                          : 0
	NCFs received (unknown)                                   : 0
	Loss recovery minimum time                                : -1ms
	Loss recovery mean time                                   : 0ms
	Loss recovery maximum time                                : 0ms
	Minimum transmissions per individual NAK                  : -1
	Mean transmissions per individual NAK                     : 0
	Maximum transmissions per individual NAK                  : 0
	Duplicate LBT-RM datagrams received                       : 0
	LBT-RM datagrams unrecoverable (window advance)           : 0
	LBT-RM datagrams unrecoverable (NAK generation expiration): 0
	LBT-RM LBM messages received                              : 28
	LBT-RM LBM messages received with uninteresting topic     : 0
	LBT-RM LBM requests received                              : 0
	LBT-RM datagrams dropped (size)                           : 0
	LBT-RM datagrams dropped (type)                           : 0
	LBT-RM datagrams dropped (version)                        : 0
	LBT-RM datagrams dropped (header)                         : 0
	LBT-RM datagrams dropped (other)                          : 0
	LBT-RM datagrams received out of order                    : 0

Context statistics received from store_appid_topic1 at 10.29.3.105, process ID=22b4ba, object ID=2316550, context instance=d00c3c82816738ec, domain ID=1, sent Tue Oct 06 15:57:02 CDT 2026
	Topic resolution datagrams sent                    : 0
	Topic resolution datagram bytes sent               : 0
	Topic resolution datagrams received                : 0
	Topic resolution datagram bytes received           : 0
	Topic resolution datagrams dropped version         : 0
	Topic resolution datagrams dropped type            : 0
	Topic resolution datagrams dropped malformed       : 0
	Topic resolution datagrams send failed             : 0
	Topic resolution source topics                     : 0
	Topic resolution receiver topics                   : 1
	Topic resolution unresolved receiver topics        : 0
	LBT-RM unknown datagrams received                  : 0
	LBT-RU unknown datagrams received                  : 0
	LBM send calls which blocked                       : 0
	LBM send calls which returned EWOULDBLOCK          : 0
	LBM response calls which blocked                   : 0
	LBM response calls which returned EWOULDBLOCK      : 0
	Number of duplicate UIM messages dropped           : 0
	Number of UIM messages received without stream info: 0
	Number of data message fragments lost              : 0
	Number of data message fragments unrecoverably lost: 0
	Receiver callbacks min service time (microseconds) : -1
	Receiver callbacks max service time (microseconds) : 0
	Receiver callbacks mean service time (microseconds): 0

Context statistics received from store_appid_topic1 at 10.29.3.105, process ID=22b4ba, object ID=2771320, context instance=5d860c059005990e, domain ID=1, sent Tue Oct 06 15:57:02 CDT 2026
	Topic resolution datagrams sent                    : 0
	Topic resolution datagram bytes sent               : 0
	Topic resolution datagrams received                : 0
	Topic resolution datagram bytes received           : 0
	Topic resolution datagrams dropped version         : 0
	Topic resolution datagrams dropped type            : 0
	Topic resolution datagrams dropped malformed       : 0
	Topic resolution datagrams send failed             : 0
	Topic resolution source topics                     : 0
	Topic resolution receiver topics                   : 0
	Topic resolution unresolved receiver topics        : 0
	LBT-RM unknown datagrams received                  : 0
	LBT-RU unknown datagrams received                  : 0
	LBM send calls which blocked                       : 0
	LBM send calls which returned EWOULDBLOCK          : 0
	LBM response calls which blocked                   : 0
	LBM response calls which returned EWOULDBLOCK      : 0
	Number of duplicate UIM messages dropped           : 0
	Number of UIM messages received without stream info: 0
	Number of data message fragments lost              : 0
	Number of data message fragments unrecoverably lost: 0
	Receiver callbacks min service time (microseconds) : -1
	Receiver callbacks max service time (microseconds) : 0
	Receiver callbacks mean service time (microseconds): 0

SRS statistics received from srs1 at 10.29.4.105, process ID=22b42f, domain ID=0, sent Tue Oct 06 15:57:05 CDT 2026
um_client {
  um_client_info {
    ip: "10.29.4.105"
    port: 49937
    session_id: "0xaae8bdd7"
  }
  client_rtir_received_count: 2
  client_rir_sent_count: 2
  client_dir_sent_count: 1
  client_rtir_sent_count: 2
}

SRS statistics received from srs1 at 10.29.4.105, process ID=22b42f, domain ID=0, sent Tue Oct 06 15:57:05 CDT 2026
um_client {
  um_client_info {
    ip: "10.29.4.105"
    port: 45249
    session_id: "0xbdde2e94"
  }
  client_sir_received_count: 1
  client_active_sir_count: 1
  client_max_concurrent_sir_count: 1
  client_cnqr_received_count: 1
  client_dir_sent_count: 1
  client_rtir_sent_count: 1
  client_cnir_sent_count: 1
}

SRS statistics received from srs1 at 10.29.4.105, process ID=22b42f, domain ID=0, sent Tue Oct 06 15:57:05 CDT 2026
um_client {
  um_client_info {
    ip: "10.29.4.105"
    port: 47705
    session_id: "0x1f614ade"
  }
  client_rir_received_count: 1
  client_sir_sent_count: 1
  client_dir_sent_count: 1
  client_rtir_sent_count: 2
  client_cnir_sent_count: 1
}

SRS statistics received from srs1 at 10.29.4.105, process ID=22b42f, domain ID=0, sent Tue Oct 06 15:57:05 CDT 2026
um_client {
  um_client_info {
    ip: "10.29.4.105"
    port: 46229
    session_id: "0xc0bf9235"
  }
  client_cnir_received_count: 1
  client_dir_sent_count: 1
  client_rtir_sent_count: 2
}

SRS statistics received from srs1 at 10.29.4.105, process ID=22b42f, domain ID=0, sent Tue Oct 06 15:57:05 CDT 2026
um_client {
  um_client_info {
    ip: "10.29.4.105"
    port: 41699
    session_id: "0x85c43d1d"
  }
  client_rir_received_count: 1
  client_sir_sent_count: 1
  client_dir_sent_count: 1
  client_rtir_sent_count: 2
}

SRS statistics received from srs1 at 10.29.4.105, process ID=22b42f, domain ID=0, sent Tue Oct 06 15:57:05 CDT 2026
srs {
  clients_next_client_id: 6
  active_clients_count: 5
  clients_connects_count: 5
  clients_max_concurrent_connections_count: 5
  clients_active_sir_count: 1
  clients_active_rir_count: 2
  clients_active_cnir_count: 1
  clients_active_dir_count: 2
  clients_active_rtir_count: 1
}

SRS statistics received from srs1 at 10.29.4.105, process ID=22b42f, domain ID=0, sent Tue Oct 06 15:57:05 CDT 2026
um_client_error {
  um_client_info {
    ip: "10.29.4.105"
    port: 47705
    session_id: "0x1f614ade"
  }
}

SRS statistics received from srs1 at 10.29.4.105, process ID=22b42f, domain ID=0, sent Tue Oct 06 15:57:05 CDT 2026
internal {
  srs_otidmap_shards: "4"
  srs_topicmap_shards: "4"
  srs_routemap_shards: "4"
  srs_namemap_shards: "4"
}

SRS statistics received from srs1 at 10.29.4.105, process ID=22b42f, domain ID=0, sent Tue Oct 06 15:57:05 CDT 2026
um_client_error {
  um_client_info {
    ip: "10.29.4.105"
    port: 46229
    session_id: "0xc0bf9235"
  }
}

SRS statistics received from srs1 at 10.29.4.105, process ID=22b42f, domain ID=0, sent Tue Oct 06 15:57:05 CDT 2026
um_client_error {
  um_client_info {
    ip: "10.29.4.105"
    port: 41699
    session_id: "0x85c43d1d"
  }
}

SRS statistics received from srs1 at 10.29.4.105, process ID=22b42f, domain ID=0, sent Tue Oct 06 15:57:05 CDT 2026
um_client_error {
  um_client_info {
    ip: "10.29.4.105"
    port: 49937
    session_id: "0xaae8bdd7"
  }
}

SRS statistics received from srs1 at 10.29.4.105, process ID=22b42f, domain ID=0, sent Tue Oct 06 15:57:05 CDT 2026
um_client_error {
  um_client_info {
    ip: "10.29.4.105"
    port: 45249
    session_id: "0xbdde2e94"
  }
}

SRS statistics received from srs1 at 10.29.4.105, process ID=22b42f, domain ID=0, sent Tue Oct 06 15:57:05 CDT 2026
version: "1.0"
daemon_log_type: "console"
daemon_log_frequency: "disable"
daemon_log_size: "10"
daemon_log_max_history: "10"
daemon_log_total_size_cap: "1000"
daemon_log_compression: "none"
daemon_pid_file: "srs.pid"
srs_interface: "10.29.4.105"
srs_port: "12601"
srs_source_state_lifetime: "86400"
srs_interest_state_lifetime: "86400"
srs_route_state_lifetime: "30"
srs_context_name_state_lifetime: "86400"
srs_source_leave_backoff: "500"
srs_clientactor_request_stream_max_msg_count: "1000"
srs_clientactor_record_queue_service_interval: "10"
srs_clientactor_batch_frame_max_record_count: "50"
srs_clientactor_batch_frame_max_datagram_size: "8192"
srs_application_id: "srs1"
debug_monitor_interface: "localhost"
debug_monitor_port: "27001"
debug_monitor_enabled: "false"
debug_monitor_ping_interval: "60000"
daemon_monitor_topic: "/29west/statistics"
daemon_monitor_ping_interval: "5000"
daemon_monitor_publishing_interval_default: "5000"
daemon_monitor_publishing_interval_srs_stats: "5000"
daemon_monitor_publishing_interval_um_client_stats: "5000"
daemon_monitor_publishing_interval_connection_events: "5000"
daemon_monitor_publishing_interval_srs_error_stats: "5000"
daemon_monitor_publishing_interval_um_client_error_stats: "5000"
daemon_monitor_publishing_interval_config_opts: "5000"
daemon_monitor_publishing_interval_internal_config_opts: "5000"
daemon_monitor_publish_connection_events_allow: "false"
daemon_monitor_remote_snapshot_request_allow: "false"
daemon_monitor_remote_config_changes_request_allow: "false"
daemon_monitor_monitor_format: "pb"
daemon_monitor_lbm_attributes {
  scope: "context"
  name: "default_interface"
  value: "10.29.3.0/24"
}
daemon_monitor_lbm_attributes {
  scope: "context"
  name: "mim_incoming_address"
  value: "0.0.0.0"
}
daemon_monitor_lbm_attributes {
  scope: "context"
  name: "request_tcp_interface"
  value: "10.29.3.0/24"
}
daemon_monitor_lbm_attributes {
  scope: "context"
  name: "request_tcp_reuseaddr"
  value: "1"
}
daemon_monitor_lbm_attributes {
  scope: "context"
  name: "resolver_disable_udp_topic_resolution"
  value: "0"
}
daemon_monitor_lbm_attributes {
  scope: "context"
  name: "resolver_service"
  value: "0.0.0.0:0"
}
daemon_monitor_lbm_attributes {
  scope: "context"
  name: "resolver_unicast_daemon"
  value: "0.0.0.0:0,10.29.3.105:12801"
}
daemon_monitor_lbm_attributes {
  scope: "context"
  name: "resolver_unicast_port_high"
  value: "12809"
}
daemon_monitor_lbm_attributes {
  scope: "context"
  name: "resolver_unicast_port_low"
  value: "12802"
}
daemon_monitor_lbm_attributes {
  scope: "source"
  name: "transport"
  value: "tcp"
}

Gateway statistics received from dro1 at 10.29.3.105, process ID=22b49c, object ID=1b54c30, domain ID=0, sent Tue Oct 06 15:57:05 CDT 2026
local {
  gateway_name: "dro1"
  gateway_id: 17080559106476924158
  version: 2
  topology_signature: 4145639977
  recalc_duration_usec: 56
  graph_version: 2
  gateway_count: 1
  trd_count: 2
  malloc_info {
    arena: 37806080
    ordblks: 41
    hblks: 28
    hblkhd: 25034752
    uordblks: 36312352
    fordblks: 1493728
  }
}
portals {
  portal_name: "TRD1"
  cost: 1
  proxy_receivers: 1
  receiver_topics: 1
  recalc_duration_usec: 56
  proxy_rec_recalc_duration_usec: 132
  endpoint {
    receive {
      transport_topic_fragments_rcvd: 27
      transport_topic_fragment_bytes_rcvd: 19224
      transport_topic_control_rcvd: 16
      transport_topic_control_bytes_rcvd: 1152
      unicast_data_msgs_rcvd: 4
      unicast_data_msg_bytes_rcvd: 3088
      unicast_cntl_msgs_rcvd: 1
      unicast_cntl_msg_bytes_rcvd: 84
    }
    send {
      unicast_msgs_forwarded: 29
      unicast_msg_bytes_forwarded: 2584
      unicast_msgs_sent: 29
      unicast_msg_bytes_sent: 2584
      data_bytes_enqueued_limit: 1000000
    }
  }
}
portals {
  portal_name: "TRD2"
  portal_index: 1
  cost: 1
  proxy_receivers: 1
  receiver_topics: 1
  proxy_sources: 1
  recalc_duration_usec: 56
  proxy_rec_recalc_duration_usec: 183
  endpoint {
    receive {
      unicast_cntl_msgs_rcvd: 29
      unicast_cntl_msg_bytes_rcvd: 2584
    }
    send {
      transport_topic_fragments_forwarded: 43
      transport_topic_fragment_bytes_forwarded: 20376
      transport_topic_fragments_sent: 43
      transport_topic_fragment_bytes_sent: 20376
      unicast_msgs_forwarded: 5
      unicast_msg_bytes_forwarded: 3172
      unicast_msgs_sent: 5
      unicast_msg_bytes_sent: 3172
      data_bytes_enqueued_limit: 1000000
    }
  }
}

Event Queue statistics received from Gateway_Portal_TRD1_event_queue at 10.29.3.105, process ID=22b49c, object ID=1e1d3f0, domain ID=0, sent Tue Oct 06 15:57:05 CDT 2026
	Data messages enqueued                                        : 0
	Total data messages enqueued                                  : 0
	Data messages min service time (microseconds)                 : -1
	Data messages mean service time (microseconds)                : 0
	Data messages max service time (microseconds)                 : 0
	Response messages enqueued                                    : 0
	Total response messages enqueued                              : 0
	Response messages min service time (microseconds)             : -1
	Response messages mean service time (microseconds)            : 0
	Response messages max service time (microseconds)             : 0
	Topicless immediate messages enqueued                         : 0
	Total topicless immediate messages enqueued                   : 0
	Topicless immediate messages min service time (microseconds)  : -1
	Topicless immediate messages mean service time (microseconds) : 0
	Topicless immediate messages max service time (microseconds)  : 0
	Wildcard receiver messages enqueued                           : 0
	Total wildcard receiver messages enqueued                     : 0
	Wildcard receiver messages min service time (microseconds)    : -1
	Wildcard receiver messages mean service time (microseconds)   : 0
	Wildcard receiver messages max service time (microseconds)    : 0
	I/O events enqueued                                           : 0
	Total I/O events enqueued                                     : 0
	I/O events min service time (microseconds)                    : -1
	I/O events mean service time (microseconds)                   : 0
	I/O events max service time (microseconds)                    : 0
	Timer events enqueued                                         : 0
	Total timer events enqueued                                   : 0
	Timer events min service time (microseconds)                  : -1
	Timer events mean service time (microseconds)                 : 0
	Timer events max service time (microseconds)                  : 0
	Source events enqueued                                        : 0
	Total source events enqueued                                  : 0
	Source events min service time (microseconds)                 : -1
	Source events mean service time (microseconds)                : 0
	Source events max service time (microseconds)                 : 0
	Unblock events enqueued                                       : 0
	Total unblock events enqueued                                 : 0
	Cancel events enqueued                                        : 0
	Total cancel events enqueued                                  : 0
	Cancel events min service time (microseconds)                 : -1
	Cancel events mean service time (microseconds)                : 0
	Cancel events max service time (microseconds)                 : 0
	Callback events enqueued                                      : 0
	Total callback events enqueued                                : 0
	Callback events min service time (microseconds)               : -1
	Callback events mean service time (microseconds)              : 0
	Callback events max service time (microseconds)               : 0
	Context source events enqueued                                : 0
	Total context source events enqueued                          : 0
	Context source events min service time (microseconds)         : -1
	Context source events mean service time (microseconds)        : 0
	Context source events max service time (microseconds)         : 0
	Events currently enqueued                                     : 0
	Total events enqueued                                         : 0
	Minimum age of events enqueued (microseconds)                 : -1
	Mean age of events enqueued (microseconds)                    : 0
	Max age of events enqueued (microseconds)                     : 0

Event Queue statistics received from Gateway_Portal_TRD2_event_queue at 10.29.3.105, process ID=22b49c, object ID=1f5a160, domain ID=0, sent Tue Oct 06 15:57:05 CDT 2026
	Data messages enqueued                                        : 0
	Total data messages enqueued                                  : 0
	Data messages min service time (microseconds)                 : -1
	Data messages mean service time (microseconds)                : 0
	Data messages max service time (microseconds)                 : 0
	Response messages enqueued                                    : 0
	Total response messages enqueued                              : 0
	Response messages min service time (microseconds)             : -1
	Response messages mean service time (microseconds)            : 0
	Response messages max service time (microseconds)             : 0
	Topicless immediate messages enqueued                         : 0
	Total topicless immediate messages enqueued                   : 0
	Topicless immediate messages min service time (microseconds)  : -1
	Topicless immediate messages mean service time (microseconds) : 0
	Topicless immediate messages max service time (microseconds)  : 0
	Wildcard receiver messages enqueued                           : 0
	Total wildcard receiver messages enqueued                     : 0
	Wildcard receiver messages min service time (microseconds)    : -1
	Wildcard receiver messages mean service time (microseconds)   : 0
	Wildcard receiver messages max service time (microseconds)    : 0
	I/O events enqueued                                           : 0
	Total I/O events enqueued                                     : 0
	I/O events min service time (microseconds)                    : -1
	I/O events mean service time (microseconds)                   : 0
	I/O events max service time (microseconds)                    : 0
	Timer events enqueued                                         : 0
	Total timer events enqueued                                   : 0
	Timer events min service time (microseconds)                  : -1
	Timer events mean service time (microseconds)                 : 0
	Timer events max service time (microseconds)                  : 0
	Source events enqueued                                        : 0
	Total source events enqueued                                  : 0
	Source events min service time (microseconds)                 : -1
	Source events mean service time (microseconds)                : 0
	Source events max service time (microseconds)                 : 0
	Unblock events enqueued                                       : 0
	Total unblock events enqueued                                 : 0
	Cancel events enqueued                                        : 0
	Total cancel events enqueued                                  : 0
	Cancel events min service time (microseconds)                 : -1
	Cancel events mean service time (microseconds)                : 0
	Cancel events max service time (microseconds)                 : 0
	Callback events enqueued                                      : 0
	Total callback events enqueued                                : 0
	Callback events min service time (microseconds)               : -1
	Callback events mean service time (microseconds)              : 0
	Callback events max service time (microseconds)               : 0
	Context source events enqueued                                : 0
	Total context source events enqueued                          : 0
	Context source events min service time (microseconds)         : -1
	Context source events mean service time (microseconds)        : 0
	Context source events max service time (microseconds)         : 0
	Events currently enqueued                                     : 0
	Total events enqueued                                         : 0
	Minimum age of events enqueued (microseconds)                 : -1
	Mean age of events enqueued (microseconds)                    : 0
	Max age of events enqueued (microseconds)                     : 0

Context statistics received from Gateway_Portal_TRD1_src_ctx at 10.29.3.105, process ID=22b49c, object ID=1bfda50, context instance=afc3a72ab4a0190e, domain ID=1, sent Tue Oct 06 15:57:06 CDT 2026
	Topic resolution datagrams sent                    : 0
	Topic resolution datagram bytes sent               : 0
	Topic resolution datagrams received                : 0
	Topic resolution datagram bytes received           : 0
	Topic resolution datagrams dropped version         : 0
	Topic resolution datagrams dropped type            : 0
	Topic resolution datagrams dropped malformed       : 0
	Topic resolution datagrams send failed             : 0
	Topic resolution source topics                     : 0
	Topic resolution receiver topics                   : 0
	Topic resolution unresolved receiver topics        : 0
	LBT-RM unknown datagrams received                  : 0
	LBT-RU unknown datagrams received                  : 0
	LBM send calls which blocked                       : 0
	LBM send calls which returned EWOULDBLOCK          : 0
	LBM response calls which blocked                   : 0
	LBM response calls which returned EWOULDBLOCK      : 0
	Number of duplicate UIM messages dropped           : 0
	Number of UIM messages received without stream info: 0
	Number of data message fragments lost              : 0
	Number of data message fragments unrecoverably lost: 0
	Receiver callbacks min service time (microseconds) : -1
	Receiver callbacks max service time (microseconds) : 0
	Receiver callbacks mean service time (microseconds): 0

IM source statistics received from Gateway_Portal_TRD1_src_ctx at 10.29.3.105, process ID=22b49c, object ID=1bfda50, context instance=afc3a72ab4a0190e, domain ID=1, sent Tue Oct 06 15:57:06 CDT 2026
Source: LBTRM:10.29.4.105:14390:9dd2ec8f:224.10.10.21:14401[4294967295]
Transport: LBT-RM
	LBT-RM datagrams sent                                 : 0
	LBT-RM datagrams bytes sent                           : 0
	LBT-RM datagrams in transmission window               : 0
	LBT-RM datagram bytes in transmission window          : 0
	LBT-RM NAK packets received                           : 0
	LBT-RM NAKs received                                  : 0
	LBT-RM NAKs ignored                                   : 0
	LBT-RM NAKs shed                                      : 0
	LBT-RM NAKs ignored (retransmit delay)                : 0
	LBT-RM retransmission datagrams sent                  : 0
	LBT-RM retransmission datagram bytes sent             : 0
	LBT-RM datagrams queued by rate control               : 0
	LBT-RM retransmission datagrams queued by rate control: 0

Receiver statistics received from Gateway_Portal_TRD1_rcv_ctx at 10.29.3.105, process ID=22b49c, object ID=1cf49c0, context instance=8bee4fdb11d451f2, domain ID=1, sent Tue Oct 06 15:57:06 CDT 2026
Source: LBTRM:10.29.4.105:14392:935982de:239.101.3.2:14400
Transport: LBT-RM
	LBT-RM datagrams received                                 : 44
	LBT-RM datagram bytes received                            : 21272
	LBT-RM NAK packets sent                                   : 0
	LBT-RM NAKs sent                                          : 0
	Lost LBT-RM datagrams detected                            : 0
	NCFs received (ignored)                                   : 0
	NCFs received (shed)                                      : 0
	NCFs received (retransmit delay)                          : 0
	NCFs received (unknown)                                   : 0
	Loss recovery minimum time                                : -1ms
	Loss recovery mean time                                   : 0ms
	Loss recovery maximum time                                : 0ms
	Minimum transmissions per individual NAK                  : -1
	Mean transmissions per individual NAK                     : 0
	Maximum transmissions per individual NAK                  : 0
	Duplicate LBT-RM datagrams received                       : 0
	LBT-RM datagrams unrecoverable (window advance)           : 0
	LBT-RM datagrams unrecoverable (NAK generation expiration): 0
	LBT-RM LBM messages received                              : 27
	LBT-RM LBM messages received with uninteresting topic     : 0
	LBT-RM LBM requests received                              : 0
	LBT-RM datagrams dropped (size)                           : 0
	LBT-RM datagrams dropped (type)                           : 0
	LBT-RM datagrams dropped (version)                        : 0
	LBT-RM datagrams dropped (header)                         : 0
	LBT-RM datagrams dropped (other)                          : 0
	LBT-RM datagrams received out of order                    : 0

Context statistics received from Gateway_Portal_TRD1_rcv_ctx at 10.29.3.105, process ID=22b49c, object ID=1cf49c0, context instance=8bee4fdb11d451f2, domain ID=1, sent Tue Oct 06 15:57:06 CDT 2026
	Topic resolution datagrams sent                    : 0
	Topic resolution datagram bytes sent               : 0
	Topic resolution datagrams received                : 0
	Topic resolution datagram bytes received           : 0
	Topic resolution datagrams dropped version         : 0
	Topic resolution datagrams dropped type            : 0
	Topic resolution datagrams dropped malformed       : 0
	Topic resolution datagrams send failed             : 0
	Topic resolution source topics                     : 0
	Topic resolution receiver topics                   : 1
	Topic resolution unresolved receiver topics        : 0
	LBT-RM unknown datagrams received                  : 0
	LBT-RU unknown datagrams received                  : 0
	LBM send calls which blocked                       : 0
	LBM send calls which returned EWOULDBLOCK          : 0
	LBM response calls which blocked                   : 0
	LBM response calls which returned EWOULDBLOCK      : 0
	Number of duplicate UIM messages dropped           : 0
	Number of UIM messages received without stream info: 0
	Number of data message fragments lost              : 0
	Number of data message fragments unrecoverably lost: 0
	Receiver callbacks min service time (microseconds) : -1
	Receiver callbacks max service time (microseconds) : 0
	Receiver callbacks mean service time (microseconds): 0

Source statistics received from Gateway_Portal_TRD2_src_ctx at 10.29.3.105, process ID=22b49c, object ID=1e266e0, context instance=df13daf3f0e6045a, domain ID=2, sent Tue Oct 06 15:57:06 CDT 2026
Source: LBTRM:10.29.4.105:14393:1599718b:239.101.3.3:14400
Transport: LBT-RM
	LBT-RM datagrams sent                                 : 44
	LBT-RM datagram bytes sent                            : 21272
	LBT-RM datagrams in transmission window               : 44
	LBT-RM datagram bytes in transmission window          : 21272
	LBT-RM NAK packets received                           : 0
	LBT-RM NAKs received                                  : 0
	LBT-RM NAKs ignored                                   : 0
	LBT-RM NAKs shed                                      : 0
	LBT-RM NAKs ignored (retransmit delay)                : 0
	LBT-RM retransmission datagrams sent                  : 0
	LBT-RM retransmission datagrams bytes sent            : 0
	LBT-RM datagrams queued by rate control               : 0
	LBT-RM retransmission datagrams queued by rate control: 0

Context statistics received from Gateway_Portal_TRD2_src_ctx at 10.29.3.105, process ID=22b49c, object ID=1e266e0, context instance=df13daf3f0e6045a, domain ID=2, sent Tue Oct 06 15:57:06 CDT 2026
	Topic resolution datagrams sent                    : 126
	Topic resolution datagram bytes sent               : 12760
	Topic resolution datagrams received                : 224
	Topic resolution datagram bytes received           : 17289
	Topic resolution datagrams dropped version         : 0
	Topic resolution datagrams dropped type            : 0
	Topic resolution datagrams dropped malformed       : 0
	Topic resolution datagrams send failed             : 0
	Topic resolution source topics                     : 1
	Topic resolution receiver topics                   : 0
	Topic resolution unresolved receiver topics        : 0
	LBT-RM unknown datagrams received                  : 0
	LBT-RU unknown datagrams received                  : 0
	LBM send calls which blocked                       : 0
	LBM send calls which returned EWOULDBLOCK          : 0
	LBM response calls which blocked                   : 0
	LBM response calls which returned EWOULDBLOCK      : 0
	Number of duplicate UIM messages dropped           : 0
	Number of UIM messages received without stream info: 0
	Number of data message fragments lost              : 0
	Number of data message fragments unrecoverably lost: 0
	Receiver callbacks min service time (microseconds) : -1
	Receiver callbacks max service time (microseconds) : 0
	Receiver callbacks mean service time (microseconds): 0

IM source statistics received from Gateway_Portal_TRD2_src_ctx at 10.29.3.105, process ID=22b49c, object ID=1e266e0, context instance=df13daf3f0e6045a, domain ID=2, sent Tue Oct 06 15:57:06 CDT 2026
Source: LBTRM:10.29.4.105:14391:12265df3:224.10.10.21:14401[4294967295]
Transport: LBT-RM
	LBT-RM datagrams sent                                 : 0
	LBT-RM datagrams bytes sent                           : 0
	LBT-RM datagrams in transmission window               : 0
	LBT-RM datagram bytes in transmission window          : 0
	LBT-RM NAK packets received                           : 0
	LBT-RM NAKs received                                  : 0
	LBT-RM NAKs ignored                                   : 0
	LBT-RM NAKs shed                                      : 0
	LBT-RM NAKs ignored (retransmit delay)                : 0
	LBT-RM retransmission datagrams sent                  : 0
	LBT-RM retransmission datagram bytes sent             : 0
	LBT-RM datagrams queued by rate control               : 0
	LBT-RM retransmission datagrams queued by rate control: 0

Context statistics received from Gateway_Portal_TRD2_rcv_ctx at 10.29.3.105, process ID=22b49c, object ID=1ea7800, context instance=6564a4167c753958, domain ID=2, sent Tue Oct 06 15:57:06 CDT 2026
	Topic resolution datagrams sent                    : 46
	Topic resolution datagram bytes sent               : 2085
	Topic resolution datagrams received                : 224
	Topic resolution datagram bytes received           : 17289
	Topic resolution datagrams dropped version         : 0
	Topic resolution datagrams dropped type            : 0
	Topic resolution datagrams dropped malformed       : 0
	Topic resolution datagrams send failed             : 0
	Topic resolution source topics                     : 0
	Topic resolution receiver topics                   : 1
	Topic resolution unresolved receiver topics        : 1
	LBT-RM unknown datagrams received                  : 0
	LBT-RU unknown datagrams received                  : 0
	LBM send calls which blocked                       : 0
	LBM send calls which returned EWOULDBLOCK          : 0
	LBM response calls which blocked                   : 0
	LBM response calls which returned EWOULDBLOCK      : 0
	Number of duplicate UIM messages dropped           : 0
	Number of UIM messages received without stream info: 0
	Number of data message fragments lost              : 0
	Number of data message fragments unrecoverably lost: 0
	Receiver callbacks min service time (microseconds) : -1
	Receiver callbacks max service time (microseconds) : 0
	Receiver callbacks mean service time (microseconds): 0

Source statistics received from umesrc at 10.29.3.105, process ID=22b4e1, object ID=270ed70, context instance=8d6883de573c3215, domain ID=1, sent Tue Oct 06 15:57:06 CDT 2026
Source: LBTRM:10.29.4.105:14392:935982de:239.101.3.2:14400
Transport: LBT-RM
	LBT-RM datagrams sent                                 : 53
	LBT-RM datagram bytes sent                            : 23964
	LBT-RM datagrams in transmission window               : 53
	LBT-RM datagram bytes in transmission window          : 23964
	LBT-RM NAK packets received                           : 0
	LBT-RM NAKs received                                  : 0
	LBT-RM NAKs ignored                                   : 0
	LBT-RM NAKs shed                                      : 0
	LBT-RM NAKs ignored (retransmit delay)                : 0
	LBT-RM retransmission datagrams sent                  : 0
	LBT-RM retransmission datagrams bytes sent            : 0
	LBT-RM datagrams queued by rate control               : 0
	LBT-RM retransmission datagrams queued by rate control: 0

Context statistics received from umesrc at 10.29.3.105, process ID=22b4e1, object ID=270ed70, context instance=8d6883de573c3215, domain ID=1, sent Tue Oct 06 15:57:06 CDT 2026
	Topic resolution datagrams sent                    : 0
	Topic resolution datagram bytes sent               : 0
	Topic resolution datagrams received                : 0
	Topic resolution datagram bytes received           : 0
	Topic resolution datagrams dropped version         : 0
	Topic resolution datagrams dropped type            : 0
	Topic resolution datagrams dropped malformed       : 0
	Topic resolution datagrams send failed             : 0
	Topic resolution source topics                     : 1
	Topic resolution receiver topics                   : 0
	Topic resolution unresolved receiver topics        : 0
	LBT-RM unknown datagrams received                  : 0
	LBT-RU unknown datagrams received                  : 0
	LBM send calls which blocked                       : 0
	LBM send calls which returned EWOULDBLOCK          : 0
	LBM response calls which blocked                   : 0
	LBM response calls which returned EWOULDBLOCK      : 0
	Number of duplicate UIM messages dropped           : 0
	Number of UIM messages received without stream info: 0
	Number of data message fragments lost              : 0
	Number of data message fragments unrecoverably lost: 0
	Receiver callbacks min service time (microseconds) : -1
	Receiver callbacks max service time (microseconds) : 0
	Receiver callbacks mean service time (microseconds): 0

Event Queue statistics received from umercv at 10.29.3.105, process ID=22b4f6, object ID=1e43c80, domain ID=0, sent Tue Oct 06 15:57:07 CDT 2026
	Data messages enqueued                                        : 0
	Total data messages enqueued                                  : 33
	Data messages min service time (microseconds)                 : -1
	Data messages mean service time (microseconds)                : 0
	Data messages max service time (microseconds)                 : 0
	Response messages enqueued                                    : 0
	Total response messages enqueued                              : 0
	Response messages min service time (microseconds)             : -1
	Response messages mean service time (microseconds)            : 0
	Response messages max service time (microseconds)             : 0
	Topicless immediate messages enqueued                         : 0
	Total topicless immediate messages enqueued                   : 0
	Topicless immediate messages min service time (microseconds)  : -1
	Topicless immediate messages mean service time (microseconds) : 0
	Topicless immediate messages max service time (microseconds)  : 0
	Wildcard receiver messages enqueued                           : 0
	Total wildcard receiver messages enqueued                     : 0
	Wildcard receiver messages min service time (microseconds)    : -1
	Wildcard receiver messages mean service time (microseconds)   : 0
	Wildcard receiver messages max service time (microseconds)    : 0
	I/O events enqueued                                           : 0
	Total I/O events enqueued                                     : 0
	I/O events min service time (microseconds)                    : -1
	I/O events mean service time (microseconds)                   : 0
	I/O events max service time (microseconds)                    : 0
	Timer events enqueued                                         : 0
	Total timer events enqueued                                   : 0
	Timer events min service time (microseconds)                  : -1
	Timer events mean service time (microseconds)                 : 0
	Timer events max service time (microseconds)                  : 0
	Source events enqueued                                        : 0
	Total source events enqueued                                  : 0
	Source events min service time (microseconds)                 : -1
	Source events mean service time (microseconds)                : 0
	Source events max service time (microseconds)                 : 0
	Unblock events enqueued                                       : 0
	Total unblock events enqueued                                 : 0
	Cancel events enqueued                                        : 0
	Total cancel events enqueued                                  : 0
	Cancel events min service time (microseconds)                 : -1
	Cancel events mean service time (microseconds)                : 0
	Cancel events max service time (microseconds)                 : 0
	Callback events enqueued                                      : 0
	Total callback events enqueued                                : 0
	Callback events min service time (microseconds)               : -1
	Callback events mean service time (microseconds)              : 0
	Callback events max service time (microseconds)               : 0
	Context source events enqueued                                : 0
	Total context source events enqueued                          : 0
	Context source events min service time (microseconds)         : -1
	Context source events mean service time (microseconds)        : 0
	Context source events max service time (microseconds)         : 0
	Events currently enqueued                                     : 0
	Total events enqueued                                         : 33
	Minimum age of events enqueued (microseconds)                 : -1
	Mean age of events enqueued (microseconds)                    : 0
	Max age of events enqueued (microseconds)                     : 0

Store statistics received from store_topic1 at 10.29.3.105, process ID=22b4ba, object ID=2316550, context instance=d00c3c82816738ec, domain ID=0, sent Tue Oct 06 15:57:07 CDT 2026
ume_retx_req_rcv_count: 4
ume_retx_req_serviced_count: 4
ume_retx_stat_interval: 40
src_count: 1
smart_heap_stat {
  poolsize: 311404672
  poolcount: 87763
  smallBlockSize: 256
  pageSize: 65504
}
src_repo_stats {
  src_regid: 4228464808
  topic_name: "topic1"
  message_map_sz: 30
  memory_sz: 776
  rpp_memory_sz: 700
  lead_sqn: 29
  sync_sqn: 29
  sync_complete_sqn: 29
  mem_trail_sqn: 29
  contig_sqn: 29
  flags: 2
  rcvr_count: 1
  last_activity_timestamp_sec: 1791320226
  src_disk_stat {
    max_offset: 8589934592
    offset: 22128
  }
  rcv_stats {
    rcv_regid: 4228465808
    high_ack_sqn: 29
    flags: 133
    last_activity_timestamp_sec: 1791320226
  }
}

Receiver statistics received from umercv at 10.29.3.105, process ID=22b4f6, object ID=1ed28e0, context instance=8a3b09f8ad01e8cf, domain ID=2, sent Tue Oct 06 15:57:08 CDT 2026
Source: LBTRM:10.29.4.105:14393:1599718b:239.101.3.3:14400
Transport: LBT-RM
	LBT-RM datagrams received                                 : 44
	LBT-RM datagram bytes received                            : 21272
	LBT-RM NAK packets sent                                   : 0
	LBT-RM NAKs sent                                          : 0
	Lost LBT-RM datagrams detected                            : 0
	NCFs received (ignored)                                   : 0
	NCFs received (shed)                                      : 0
	NCFs received (retransmit delay)                          : 0
	NCFs received (unknown)                                   : 0
	Loss recovery minimum time                                : -1ms
	Loss recovery mean time                                   : 0ms
	Loss recovery maximum time                                : 0ms
	Minimum transmissions per individual NAK                  : -1
	Mean transmissions per individual NAK                     : 0
	Maximum transmissions per individual NAK                  : 0
	Duplicate LBT-RM datagrams received                       : 0
	LBT-RM datagrams unrecoverable (window advance)           : 0
	LBT-RM datagrams unrecoverable (NAK generation expiration): 0
	LBT-RM LBM messages received                              : 27
	LBT-RM LBM messages received with uninteresting topic     : 0
	LBT-RM LBM requests received                              : 0
	LBT-RM datagrams dropped (size)                           : 0
	LBT-RM datagrams dropped (type)                           : 0
	LBT-RM datagrams dropped (version)                        : 0
	LBT-RM datagrams dropped (header)                         : 0
	LBT-RM datagrams dropped (other)                          : 0
	LBT-RM datagrams received out of order                    : 0

Context statistics received from umercv at 10.29.3.105, process ID=22b4f6, object ID=1ed28e0, context instance=8a3b09f8ad01e8cf, domain ID=2, sent Tue Oct 06 15:57:08 CDT 2026
	Topic resolution datagrams sent                    : 54
	Topic resolution datagram bytes sent               : 2538
	Topic resolution datagrams received                : 185
	Topic resolution datagram bytes received           : 15660
	Topic resolution datagrams dropped version         : 0
	Topic resolution datagrams dropped type            : 0
	Topic resolution datagrams dropped malformed       : 0
	Topic resolution datagrams send failed             : 0
	Topic resolution source topics                     : 0
	Topic resolution receiver topics                   : 1
	Topic resolution unresolved receiver topics        : 0
	LBT-RM unknown datagrams received                  : 0
	LBT-RU unknown datagrams received                  : 0
	LBM send calls which blocked                       : 0
	LBM send calls which returned EWOULDBLOCK          : 0
	LBM response calls which blocked                   : 0
	LBM response calls which returned EWOULDBLOCK      : 0
	Number of duplicate UIM messages dropped           : 0
	Number of UIM messages received without stream info: 0
	Number of data message fragments lost              : 2
	Number of data message fragments unrecoverably lost: 0
	Receiver callbacks min service time (microseconds) : -1
	Receiver callbacks max service time (microseconds) : 0
	Receiver callbacks mean service time (microseconds): 0

Receiver statistics received from store_appid_topic1 at 10.29.3.105, process ID=22b4ba, object ID=2316550, context instance=d00c3c82816738ec, domain ID=1, sent Tue Oct 06 15:57:08 CDT 2026
Source: LBTRM:10.29.4.105:14392:935982de:239.101.3.2:14400
Transport: LBT-RM
	LBT-RM datagrams received                                 : 51
	LBT-RM datagram bytes received                            : 23140
	LBT-RM NAK packets sent                                   : 0
	LBT-RM NAKs sent                                          : 0
	Lost LBT-RM datagrams detected                            : 0
	NCFs received (ignored)                                   : 0
	NCFs received (shed)                                      : 0
	NCFs received (retransmit delay)                          : 0
	NCFs received (unknown)                                   : 0
	Loss recovery minimum time                                : -1ms
	Loss recovery mean time                                   : 0ms
	Loss recovery maximum time                                : 0ms
	Minimum transmissions per individual NAK                  : -1
	Mean transmissions per individual NAK                     : 0
	Maximum transmissions per individual NAK                  : 0
	Duplicate LBT-RM datagrams received                       : 0
	LBT-RM datagrams unrecoverable (window advance)           : 0
	LBT-RM datagrams unrecoverable (NAK generation expiration): 0
	LBT-RM LBM messages received                              : 29
	LBT-RM LBM messages received with uninteresting topic     : 0
	LBT-RM LBM requests received                              : 0
	LBT-RM datagrams dropped (size)                           : 0
	LBT-RM datagrams dropped (type)                           : 0
	LBT-RM datagrams dropped (version)                        : 0
	LBT-RM datagrams dropped (header)                         : 0
	LBT-RM datagrams dropped (other)                          : 0
	LBT-RM datagrams received out of order                    : 0

Context statistics received from store_appid_topic1 at 10.29.3.105, process ID=22b4ba, object ID=2316550, context instance=d00c3c82816738ec, domain ID=1, sent Tue Oct 06 15:57:08 CDT 2026
	Topic resolution datagrams sent                    : 0
	Topic resolution datagram bytes sent               : 0
	Topic resolution datagrams received                : 0
	Topic resolution datagram bytes received           : 0
	Topic resolution datagrams dropped version         : 0
	Topic resolution datagrams dropped type            : 0
	Topic resolution datagrams dropped malformed       : 0
	Topic resolution datagrams send failed             : 0
	Topic resolution source topics                     : 0
	Topic resolution receiver topics                   : 1
	Topic resolution unresolved receiver topics        : 0
	LBT-RM unknown datagrams received                  : 0
	LBT-RU unknown datagrams received                  : 0
	LBM send calls which blocked                       : 0
	LBM send calls which returned EWOULDBLOCK          : 0
	LBM response calls which blocked                   : 0
	LBM response calls which returned EWOULDBLOCK      : 0
	Number of duplicate UIM messages dropped           : 0
	Number of UIM messages received without stream info: 0
	Number of data message fragments lost              : 0
	Number of data message fragments unrecoverably lost: 0
	Receiver callbacks min service time (microseconds) : -1
	Receiver callbacks max service time (microseconds) : 0
	Receiver callbacks mean service time (microseconds): 0

Context statistics received from store_appid_topic1 at 10.29.3.105, process ID=22b4ba, object ID=2771320, context instance=5d860c059005990e, domain ID=1, sent Tue Oct 06 15:57:08 CDT 2026
	Topic resolution datagrams sent                    : 0
	Topic resolution datagram bytes sent               : 0
	Topic resolution datagrams received                : 0
	Topic resolution datagram bytes received           : 0
	Topic resolution datagrams dropped version         : 0
	Topic resolution datagrams dropped type            : 0
	Topic resolution datagrams dropped malformed       : 0
	Topic resolution datagrams send failed             : 0
	Topic resolution source topics                     : 0
	Topic resolution receiver topics                   : 0
	Topic resolution unresolved receiver topics        : 0
	LBT-RM unknown datagrams received                  : 0
	LBT-RU unknown datagrams received                  : 0
	LBM send calls which blocked                       : 0
	LBM send calls which returned EWOULDBLOCK          : 0
	LBM response calls which blocked                   : 0
	LBM response calls which returned EWOULDBLOCK      : 0
	Number of duplicate UIM messages dropped           : 0
	Number of UIM messages received without stream info: 0
	Number of data message fragments lost              : 0
	Number of data message fragments unrecoverably lost: 0
	Receiver callbacks min service time (microseconds) : -1
	Receiver callbacks max service time (microseconds) : 0
	Receiver callbacks mean service time (microseconds): 0

SRS statistics received from srs1 at 10.29.4.105, process ID=22b42f, domain ID=0, sent Tue Oct 06 15:57:10 CDT 2026
um_client {
  um_client_info {
    ip: "10.29.4.105"
    port: 49937
    session_id: "0xaae8bdd7"
  }
  client_rtir_received_count: 2
  client_rir_sent_count: 2
  client_dir_sent_count: 1
  client_rtir_sent_count: 2
}

SRS statistics received from srs1 at 10.29.4.105, process ID=22b42f, domain ID=0, sent Tue Oct 06 15:57:10 CDT 2026
um_client {
  um_client_info {
    ip: "10.29.4.105"
    port: 45249
    session_id: "0xbdde2e94"
  }
  client_sir_received_count: 1
  client_active_sir_count: 1
  client_max_concurrent_sir_count: 1
  client_cnqr_received_count: 1
  client_dir_sent_count: 1
  client_rtir_sent_count: 1
  client_cnir_sent_count: 1
}

SRS statistics received from srs1 at 10.29.4.105, process ID=22b42f, domain ID=0, sent Tue Oct 06 15:57:10 CDT 2026
um_client {
  um_client_info {
    ip: "10.29.4.105"
    port: 47705
    session_id: "0x1f614ade"
  }
  client_rir_received_count: 1
  client_sir_sent_count: 1
  client_dir_sent_count: 1
  client_rtir_sent_count: 2
  client_cnir_sent_count: 1
}

SRS statistics received from srs1 at 10.29.4.105, process ID=22b42f, domain ID=0, sent Tue Oct 06 15:57:10 CDT 2026
um_client {
  um_client_info {
    ip: "10.29.4.105"
    port: 46229
    session_id: "0xc0bf9235"
  }
  client_cnir_received_count: 1
  client_dir_sent_count: 1
  client_rtir_sent_count: 2
}

SRS statistics received from srs1 at 10.29.4.105, process ID=22b42f, domain ID=0, sent Tue Oct 06 15:57:10 CDT 2026
um_client {
  um_client_info {
    ip: "10.29.4.105"
    port: 41699
    session_id: "0x85c43d1d"
  }
  client_rir_received_count: 1
  client_sir_sent_count: 1
  client_dir_sent_count: 1
  client_rtir_sent_count: 2
}

SRS statistics received from srs1 at 10.29.4.105, process ID=22b42f, domain ID=0, sent Tue Oct 06 15:57:10 CDT 2026
srs {
  clients_next_client_id: 6
  active_clients_count: 5
  clients_connects_count: 5
  clients_max_concurrent_connections_count: 5
  clients_active_sir_count: 1
  clients_active_rir_count: 2
  clients_active_cnir_count: 1
  clients_active_dir_count: 2
  clients_active_rtir_count: 1
}

SRS statistics received from srs1 at 10.29.4.105, process ID=22b42f, domain ID=0, sent Tue Oct 06 15:57:10 CDT 2026
internal {
  srs_otidmap_shards: "4"
  srs_topicmap_shards: "4"
  srs_routemap_shards: "4"
  srs_namemap_shards: "4"
}

SRS statistics received from srs1 at 10.29.4.105, process ID=22b42f, domain ID=0, sent Tue Oct 06 15:57:10 CDT 2026
um_client_error {
  um_client_info {
    ip: "10.29.4.105"
    port: 47705
    session_id: "0x1f614ade"
  }
}

SRS statistics received from srs1 at 10.29.4.105, process ID=22b42f, domain ID=0, sent Tue Oct 06 15:57:10 CDT 2026
um_client_error {
  um_client_info {
    ip: "10.29.4.105"
    port: 46229
    session_id: "0xc0bf9235"
  }
}

SRS statistics received from srs1 at 10.29.4.105, process ID=22b42f, domain ID=0, sent Tue Oct 06 15:57:10 CDT 2026
um_client_error {
  um_client_info {
    ip: "10.29.4.105"
    port: 41699
    session_id: "0x85c43d1d"
  }
}

SRS statistics received from srs1 at 10.29.4.105, process ID=22b42f, domain ID=0, sent Tue Oct 06 15:57:10 CDT 2026
um_client_error {
  um_client_info {
    ip: "10.29.4.105"
    port: 49937
    session_id: "0xaae8bdd7"
  }
}

SRS statistics received from srs1 at 10.29.4.105, process ID=22b42f, domain ID=0, sent Tue Oct 06 15:57:10 CDT 2026
um_client_error {
  um_client_info {
    ip: "10.29.4.105"
    port: 45249
    session_id: "0xbdde2e94"
  }
}

SRS statistics received from srs1 at 10.29.4.105, process ID=22b42f, domain ID=0, sent Tue Oct 06 15:57:10 CDT 2026
version: "1.0"
daemon_log_type: "console"
daemon_log_frequency: "disable"
daemon_log_size: "10"
daemon_log_max_history: "10"
daemon_log_total_size_cap: "1000"
daemon_log_compression: "none"
daemon_pid_file: "srs.pid"
srs_interface: "10.29.4.105"
srs_port: "12601"
srs_source_state_lifetime: "86400"
srs_interest_state_lifetime: "86400"
srs_route_state_lifetime: "30"
srs_context_name_state_lifetime: "86400"
srs_source_leave_backoff: "500"
srs_clientactor_request_stream_max_msg_count: "1000"
srs_clientactor_record_queue_service_interval: "10"
srs_clientactor_batch_frame_max_record_count: "50"
srs_clientactor_batch_frame_max_datagram_size: "8192"
srs_application_id: "srs1"
debug_monitor_interface: "localhost"
debug_monitor_port: "27001"
debug_monitor_enabled: "false"
debug_monitor_ping_interval: "60000"
daemon_monitor_topic: "/29west/statistics"
daemon_monitor_ping_interval: "5000"
daemon_monitor_publishing_interval_default: "5000"
daemon_monitor_publishing_interval_srs_stats: "5000"
daemon_monitor_publishing_interval_um_client_stats: "5000"
daemon_monitor_publishing_interval_connection_events: "5000"
daemon_monitor_publishing_interval_srs_error_stats: "5000"
daemon_monitor_publishing_interval_um_client_error_stats: "5000"
daemon_monitor_publishing_interval_config_opts: "5000"
daemon_monitor_publishing_interval_internal_config_opts: "5000"
daemon_monitor_publish_connection_events_allow: "false"
daemon_monitor_remote_snapshot_request_allow: "false"
daemon_monitor_remote_config_changes_request_allow: "false"
daemon_monitor_monitor_format: "pb"
daemon_monitor_lbm_attributes {
  scope: "context"
  name: "default_interface"
  value: "10.29.3.0/24"
}
daemon_monitor_lbm_attributes {
  scope: "context"
  name: "mim_incoming_address"
  value: "0.0.0.0"
}
daemon_monitor_lbm_attributes {
  scope: "context"
  name: "request_tcp_interface"
  value: "10.29.3.0/24"
}
daemon_monitor_lbm_attributes {
  scope: "context"
  name: "request_tcp_reuseaddr"
  value: "1"
}
daemon_monitor_lbm_attributes {
  scope: "context"
  name: "resolver_disable_udp_topic_resolution"
  value: "0"
}
daemon_monitor_lbm_attributes {
  scope: "context"
  name: "resolver_service"
  value: "0.0.0.0:0"
}
daemon_monitor_lbm_attributes {
  scope: "context"
  name: "resolver_unicast_daemon"
  value: "0.0.0.0:0,10.29.3.105:12801"
}
daemon_monitor_lbm_attributes {
  scope: "context"
  name: "resolver_unicast_port_high"
  value: "12809"
}
daemon_monitor_lbm_attributes {
  scope: "context"
  name: "resolver_unicast_port_low"
  value: "12802"
}
daemon_monitor_lbm_attributes {
  scope: "source"
  name: "transport"
  value: "tcp"
}

Core-10995-141: [LBMMON] Topic[/29west/statistics] Source[TCP:10.29.3.105:14379:3b62b021[1452537270]], End of Transport Session
Gateway statistics received from dro1 at 10.29.3.105, process ID=22b49c, object ID=1b54c30, domain ID=0, sent Tue Oct 06 15:57:10 CDT 2026
local {
  gateway_name: "dro1"
  gateway_id: 17080559106476924158
  version: 2
  topology_signature: 4145639977
  recalc_duration_usec: 56
  graph_version: 2
  gateway_count: 1
  trd_count: 2
  malloc_info {
    arena: 37806080
    ordblks: 53
    hblks: 28
    hblkhd: 25034752
    uordblks: 35856480
    fordblks: 1949600
  }
}
portals {
  portal_name: "TRD1"
  cost: 1
  proxy_receivers: 1
  receiver_topics: 1
  recalc_duration_usec: 56
  proxy_rec_recalc_duration_usec: 132
  endpoint {
    receive {
      transport_topic_fragments_rcvd: 27
      transport_topic_fragment_bytes_rcvd: 19224
      transport_topic_control_rcvd: 16
      transport_topic_control_bytes_rcvd: 1152
      unicast_data_msgs_rcvd: 4
      unicast_data_msg_bytes_rcvd: 3088
      unicast_cntl_msgs_rcvd: 1
      unicast_cntl_msg_bytes_rcvd: 84
    }
    send {
      unicast_msgs_forwarded: 31
      unicast_msg_bytes_forwarded: 2744
      unicast_msgs_sent: 31
      unicast_msg_bytes_sent: 2744
      data_bytes_enqueued_limit: 1000000
    }
  }
}
portals {
  portal_name: "TRD2"
  portal_index: 1
  cost: 1
  proxy_receivers: 1
  receiver_topics: 1
  proxy_sources: 1
  recalc_duration_usec: 56
  proxy_rec_recalc_duration_usec: 183
  endpoint {
    receive {
      unicast_cntl_msgs_rcvd: 31
      unicast_cntl_msg_bytes_rcvd: 2744
    }
    send {
      transport_topic_fragments_forwarded: 43
      transport_topic_fragment_bytes_forwarded: 20376
      transport_topic_fragments_sent: 43
      transport_topic_fragment_bytes_sent: 20376
      unicast_msgs_forwarded: 5
      unicast_msg_bytes_forwarded: 3172
      unicast_msgs_sent: 5
      unicast_msg_bytes_sent: 3172
      data_bytes_enqueued_limit: 1000000
    }
  }
}

Event Queue statistics received from Gateway_Portal_TRD2_event_queue at 10.29.3.105, process ID=22b49c, object ID=1f5a160, domain ID=0, sent Tue Oct 06 15:57:10 CDT 2026
	Data messages enqueued                                        : 0
	Total data messages enqueued                                  : 0
	Data messages min service time (microseconds)                 : -1
	Data messages mean service time (microseconds)                : 0
	Data messages max service time (microseconds)                 : 0
	Response messages enqueued                                    : 0
	Total response messages enqueued                              : 0
	Response messages min service time (microseconds)             : -1
	Response messages mean service time (microseconds)            : 0
	Response messages max service time (microseconds)             : 0
	Topicless immediate messages enqueued                         : 0
	Total topicless immediate messages enqueued                   : 0
	Topicless immediate messages min service time (microseconds)  : -1
	Topicless immediate messages mean service time (microseconds) : 0
	Topicless immediate messages max service time (microseconds)  : 0
	Wildcard receiver messages enqueued                           : 0
	Total wildcard receiver messages enqueued                     : 0
	Wildcard receiver messages min service time (microseconds)    : -1
	Wildcard receiver messages mean service time (microseconds)   : 0
	Wildcard receiver messages max service time (microseconds)    : 0
	I/O events enqueued                                           : 0
	Total I/O events enqueued                                     : 0
	I/O events min service time (microseconds)                    : -1
	I/O events mean service time (microseconds)                   : 0
	I/O events max service time (microseconds)                    : 0
	Timer events enqueued                                         : 0
	Total timer events enqueued                                   : 0
	Timer events min service time (microseconds)                  : -1
	Timer events mean service time (microseconds)                 : 0
	Timer events max service time (microseconds)                  : 0
	Source events enqueued                                        : 0
	Total source events enqueued                                  : 0
	Source events min service time (microseconds)                 : -1
	Source events mean service time (microseconds)                : 0
	Source events max service time (microseconds)                 : 0
	Unblock events enqueued                                       : 0
	Total unblock events enqueued                                 : 0
	Cancel events enqueued                                        : 0
	Total cancel events enqueued                                  : 0
	Cancel events min service time (microseconds)                 : -1
	Cancel events mean service time (microseconds)                : 0
	Cancel events max service time (microseconds)                 : 0
	Callback events enqueued                                      : 0
	Total callback events enqueued                                : 0
	Callback events min service time (microseconds)               : -1
	Callback events mean service time (microseconds)              : 0
	Callback events max service time (microseconds)               : 0
	Context source events enqueued                                : 0
	Total context source events enqueued                          : 0
	Context source events min service time (microseconds)         : -1
	Context source events mean service time (microseconds)        : 0
	Context source events max service time (microseconds)         : 0
	Events currently enqueued                                     : 0
	Total events enqueued                                         : 0
	Minimum age of events enqueued (microseconds)                 : -1
	Mean age of events enqueued (microseconds)                    : 0
	Max age of events enqueued (microseconds)                     : 0

Event Queue statistics received from Gateway_Portal_TRD1_event_queue at 10.29.3.105, process ID=22b49c, object ID=1e1d3f0, domain ID=0, sent Tue Oct 06 15:57:10 CDT 2026
	Data messages enqueued                                        : 0
	Total data messages enqueued                                  : 0
	Data messages min service time (microseconds)                 : -1
	Data messages mean service time (microseconds)                : 0
	Data messages max service time (microseconds)                 : 0
	Response messages enqueued                                    : 0
	Total response messages enqueued                              : 0
	Response messages min service time (microseconds)             : -1
	Response messages mean service time (microseconds)            : 0
	Response messages max service time (microseconds)             : 0
	Topicless immediate messages enqueued                         : 0
	Total topicless immediate messages enqueued                   : 0
	Topicless immediate messages min service time (microseconds)  : -1
	Topicless immediate messages mean service time (microseconds) : 0
	Topicless immediate messages max service time (microseconds)  : 0
	Wildcard receiver messages enqueued                           : 0
	Total wildcard receiver messages enqueued                     : 0
	Wildcard receiver messages min service time (microseconds)    : -1
	Wildcard receiver messages mean service time (microseconds)   : 0
	Wildcard receiver messages max service time (microseconds)    : 0
	I/O events enqueued                                           : 0
	Total I/O events enqueued                                     : 0
	I/O events min service time (microseconds)                    : -1
	I/O events mean service time (microseconds)                   : 0
	I/O events max service time (microseconds)                    : 0
	Timer events enqueued                                         : 0
	Total timer events enqueued                                   : 0
	Timer events min service time (microseconds)                  : -1
	Timer events mean service time (microseconds)                 : 0
	Timer events max service time (microseconds)                  : 0
	Source events enqueued                                        : 0
	Total source events enqueued                                  : 0
	Source events min service time (microseconds)                 : -1
	Source events mean service time (microseconds)                : 0
	Source events max service time (microseconds)                 : 0
	Unblock events enqueued                                       : 0
	Total unblock events enqueued                                 : 0
	Cancel events enqueued                                        : 0
	Total cancel events enqueued                                  : 0
	Cancel events min service time (microseconds)                 : -1
	Cancel events mean service time (microseconds)                : 0
	Cancel events max service time (microseconds)                 : 0
	Callback events enqueued                                      : 0
	Total callback events enqueued                                : 0
	Callback events min service time (microseconds)               : -1
	Callback events mean service time (microseconds)              : 0
	Callback events max service time (microseconds)               : 0
	Context source events enqueued                                : 0
	Total context source events enqueued                          : 0
	Context source events min service time (microseconds)         : -1
	Context source events mean service time (microseconds)        : 0
	Context source events max service time (microseconds)         : 0
	Events currently enqueued                                     : 0
	Total events enqueued                                         : 0
	Minimum age of events enqueued (microseconds)                 : -1
	Mean age of events enqueued (microseconds)                    : 0
	Max age of events enqueued (microseconds)                     : 0

Source statistics received from Gateway_Portal_TRD2_src_ctx at 10.29.3.105, process ID=22b49c, object ID=1e266e0, context instance=df13daf3f0e6045a, domain ID=2, sent Tue Oct 06 15:57:10 CDT 2026
Source: LBTRM:10.29.4.105:14393:1599718b:239.101.3.3:14400
Transport: LBT-RM
	LBT-RM datagrams sent                                 : 44
	LBT-RM datagram bytes sent                            : 21272
	LBT-RM datagrams in transmission window               : 44
	LBT-RM datagram bytes in transmission window          : 21272
	LBT-RM NAK packets received                           : 0
	LBT-RM NAKs received                                  : 0
	LBT-RM NAKs ignored                                   : 0
	LBT-RM NAKs shed                                      : 0
	LBT-RM NAKs ignored (retransmit delay)                : 0
	LBT-RM retransmission datagrams sent                  : 0
	LBT-RM retransmission datagrams bytes sent            : 0
	LBT-RM datagrams queued by rate control               : 0
	LBT-RM retransmission datagrams queued by rate control: 0

Context statistics received from Gateway_Portal_TRD2_src_ctx at 10.29.3.105, process ID=22b49c, object ID=1e266e0, context instance=df13daf3f0e6045a, domain ID=2, sent Tue Oct 06 15:57:10 CDT 2026
	Topic resolution datagrams sent                    : 136
	Topic resolution datagram bytes sent               : 13715
	Topic resolution datagrams received                : 242
	Topic resolution datagram bytes received           : 18620
	Topic resolution datagrams dropped version         : 0
	Topic resolution datagrams dropped type            : 0
	Topic resolution datagrams dropped malformed       : 0
	Topic resolution datagrams send failed             : 0
	Topic resolution source topics                     : 1
	Topic resolution receiver topics                   : 0
	Topic resolution unresolved receiver topics        : 0
	LBT-RM unknown datagrams received                  : 0
	LBT-RU unknown datagrams received                  : 0
	LBM send calls which blocked                       : 0
	LBM send calls which returned EWOULDBLOCK          : 0
	LBM response calls which blocked                   : 0
	LBM response calls which returned EWOULDBLOCK      : 0
	Number of duplicate UIM messages dropped           : 0
	Number of UIM messages received without stream info: 0
	Number of data message fragments lost              : 0
	Number of data message fragments unrecoverably lost: 0
	Receiver callbacks min service time (microseconds) : -1
	Receiver callbacks max service time (microseconds) : 0
	Receiver callbacks mean service time (microseconds): 0

IM source statistics received from Gateway_Portal_TRD2_src_ctx at 10.29.3.105, process ID=22b49c, object ID=1e266e0, context instance=df13daf3f0e6045a, domain ID=2, sent Tue Oct 06 15:57:10 CDT 2026
Source: LBTRM:10.29.4.105:14391:12265df3:224.10.10.21:14401[4294967295]
Transport: LBT-RM
	LBT-RM datagrams sent                                 : 0
	LBT-RM datagrams bytes sent                           : 0
	LBT-RM datagrams in transmission window               : 0
	LBT-RM datagram bytes in transmission window          : 0
	LBT-RM NAK packets received                           : 0
	LBT-RM NAKs received                                  : 0
	LBT-RM NAKs ignored                                   : 0
	LBT-RM NAKs shed                                      : 0
	LBT-RM NAKs ignored (retransmit delay)                : 0
	LBT-RM retransmission datagrams sent                  : 0
	LBT-RM retransmission datagram bytes sent             : 0
	LBT-RM datagrams queued by rate control               : 0
	LBT-RM retransmission datagrams queued by rate control: 0

Context statistics received from Gateway_Portal_TRD2_rcv_ctx at 10.29.3.105, process ID=22b49c, object ID=1ea7800, context instance=6564a4167c753958, domain ID=2, sent Tue Oct 06 15:57:10 CDT 2026
	Topic resolution datagrams sent                    : 50
	Topic resolution datagram bytes sent               : 2273
	Topic resolution datagrams received                : 242
	Topic resolution datagram bytes received           : 18620
	Topic resolution datagrams dropped version         : 0
	Topic resolution datagrams dropped type            : 0
	Topic resolution datagrams dropped malformed       : 0
	Topic resolution datagrams send failed             : 0
	Topic resolution source topics                     : 0
	Topic resolution receiver topics                   : 1
	Topic resolution unresolved receiver topics        : 1
	LBT-RM unknown datagrams received                  : 0
	LBT-RU unknown datagrams received                  : 0
	LBM send calls which blocked                       : 0
	LBM send calls which returned EWOULDBLOCK          : 0
	LBM response calls which blocked                   : 0
	LBM response calls which returned EWOULDBLOCK      : 0
	Number of duplicate UIM messages dropped           : 0
	Number of UIM messages received without stream info: 0
	Number of data message fragments lost              : 0
	Number of data message fragments unrecoverably lost: 0
	Receiver callbacks min service time (microseconds) : -1
	Receiver callbacks max service time (microseconds) : 0
	Receiver callbacks mean service time (microseconds): 0

Context statistics received from Gateway_Portal_TRD1_src_ctx at 10.29.3.105, process ID=22b49c, object ID=1bfda50, context instance=afc3a72ab4a0190e, domain ID=1, sent Tue Oct 06 15:57:10 CDT 2026
	Topic resolution datagrams sent                    : 0
	Topic resolution datagram bytes sent               : 0
	Topic resolution datagrams received                : 0
	Topic resolution datagram bytes received           : 0
	Topic resolution datagrams dropped version         : 0
	Topic resolution datagrams dropped type            : 0
	Topic resolution datagrams dropped malformed       : 0
	Topic resolution datagrams send failed             : 0
	Topic resolution source topics                     : 0
	Topic resolution receiver topics                   : 0
	Topic resolution unresolved receiver topics        : 0
	LBT-RM unknown datagrams received                  : 0
	LBT-RU unknown datagrams received                  : 0
	LBM send calls which blocked                       : 0
	LBM send calls which returned EWOULDBLOCK          : 0
	LBM response calls which blocked                   : 0
	LBM response calls which returned EWOULDBLOCK      : 0
	Number of duplicate UIM messages dropped           : 0
	Number of UIM messages received without stream info: 0
	Number of data message fragments lost              : 0
	Number of data message fragments unrecoverably lost: 0
	Receiver callbacks min service time (microseconds) : -1
	Receiver callbacks max service time (microseconds) : 0
	Receiver callbacks mean service time (microseconds): 0

IM source statistics received from Gateway_Portal_TRD1_src_ctx at 10.29.3.105, process ID=22b49c, object ID=1bfda50, context instance=afc3a72ab4a0190e, domain ID=1, sent Tue Oct 06 15:57:10 CDT 2026
Source: LBTRM:10.29.4.105:14390:9dd2ec8f:224.10.10.21:14401[4294967295]
Transport: LBT-RM
	LBT-RM datagrams sent                                 : 0
	LBT-RM datagrams bytes sent                           : 0
	LBT-RM datagrams in transmission window               : 0
	LBT-RM datagram bytes in transmission window          : 0
	LBT-RM NAK packets received                           : 0
	LBT-RM NAKs received                                  : 0
	LBT-RM NAKs ignored                                   : 0
	LBT-RM NAKs shed                                      : 0
	LBT-RM NAKs ignored (retransmit delay)                : 0
	LBT-RM retransmission datagrams sent                  : 0
	LBT-RM retransmission datagram bytes sent             : 0
	LBT-RM datagrams queued by rate control               : 0
	LBT-RM retransmission datagrams queued by rate control: 0

Context statistics received from Gateway_Portal_TRD1_rcv_ctx at 10.29.3.105, process ID=22b49c, object ID=1cf49c0, context instance=8bee4fdb11d451f2, domain ID=1, sent Tue Oct 06 15:57:10 CDT 2026
	Topic resolution datagrams sent                    : 0
	Topic resolution datagram bytes sent               : 0
	Topic resolution datagrams received                : 0
	Topic resolution datagram bytes received           : 0
	Topic resolution datagrams dropped version         : 0
	Topic resolution datagrams dropped type            : 0
	Topic resolution datagrams dropped malformed       : 0
	Topic resolution datagrams send failed             : 0
	Topic resolution source topics                     : 0
	Topic resolution receiver topics                   : 1
	Topic resolution unresolved receiver topics        : 1
	LBT-RM unknown datagrams received                  : 0
	LBT-RU unknown datagrams received                  : 0
	LBM send calls which blocked                       : 0
	LBM send calls which returned EWOULDBLOCK          : 0
	LBM response calls which blocked                   : 0
	LBM response calls which returned EWOULDBLOCK      : 0
	Number of duplicate UIM messages dropped           : 0
	Number of UIM messages received without stream info: 0
	Number of data message fragments lost              : 0
	Number of data message fragments unrecoverably lost: 0
	Receiver callbacks min service time (microseconds) : -1
	Receiver callbacks max service time (microseconds) : 0
	Receiver callbacks mean service time (microseconds): 0

Event Queue statistics received from umercv at 10.29.3.105, process ID=22b4f6, object ID=1e43c80, domain ID=0, sent Tue Oct 06 15:57:12 CDT 2026
	Data messages enqueued                                        : 0
	Total data messages enqueued                                  : 34
	Data messages min service time (microseconds)                 : -1
	Data messages mean service time (microseconds)                : 0
	Data messages max service time (microseconds)                 : 0
	Response messages enqueued                                    : 0
	Total response messages enqueued                              : 0
	Response messages min service time (microseconds)             : -1
	Response messages mean service time (microseconds)            : 0
	Response messages max service time (microseconds)             : 0
	Topicless immediate messages enqueued                         : 0
	Total topicless immediate messages enqueued                   : 0
	Topicless immediate messages min service time (microseconds)  : -1
	Topicless immediate messages mean service time (microseconds) : 0
	Topicless immediate messages max service time (microseconds)  : 0
	Wildcard receiver messages enqueued                           : 0
	Total wildcard receiver messages enqueued                     : 0
	Wildcard receiver messages min service time (microseconds)    : -1
	Wildcard receiver messages mean service time (microseconds)   : 0
	Wildcard receiver messages max service time (microseconds)    : 0
	I/O events enqueued                                           : 0
	Total I/O events enqueued                                     : 0
	I/O events min service time (microseconds)                    : -1
	I/O events mean service time (microseconds)                   : 0
	I/O events max service time (microseconds)                    : 0
	Timer events enqueued                                         : 0
	Total timer events enqueued                                   : 0
	Timer events min service time (microseconds)                  : -1
	Timer events mean service time (microseconds)                 : 0
	Timer events max service time (microseconds)                  : 0
	Source events enqueued                                        : 0
	Total source events enqueued                                  : 0
	Source events min service time (microseconds)                 : -1
	Source events mean service time (microseconds)                : 0
	Source events max service time (microseconds)                 : 0
	Unblock events enqueued                                       : 0
	Total unblock events enqueued                                 : 1
	Cancel events enqueued                                        : 0
	Total cancel events enqueued                                  : 0
	Cancel events min service time (microseconds)                 : -1
	Cancel events mean service time (microseconds)                : 0
	Cancel events max service time (microseconds)                 : 0
	Callback events enqueued                                      : 0
	Total callback events enqueued                                : 0
	Callback events min service time (microseconds)               : -1
	Callback events mean service time (microseconds)              : 0
	Callback events max service time (microseconds)               : 0
	Context source events enqueued                                : 0
	Total context source events enqueued                          : 0
	Context source events min service time (microseconds)         : -1
	Context source events mean service time (microseconds)        : 0
	Context source events max service time (microseconds)         : 0
	Events currently enqueued                                     : 0
	Total events enqueued                                         : 35
	Minimum age of events enqueued (microseconds)                 : -1
	Mean age of events enqueued (microseconds)                    : 0
	Max age of events enqueued (microseconds)                     : 0

Context statistics received from umercv at 10.29.3.105, process ID=22b4f6, object ID=1ed28e0, context instance=8a3b09f8ad01e8cf, domain ID=2, sent Tue Oct 06 15:57:13 CDT 2026
	Topic resolution datagrams sent                    : 59
	Topic resolution datagram bytes sent               : 2773
	Topic resolution datagrams received                : 204
	Topic resolution datagram bytes received           : 17142
	Topic resolution datagrams dropped version         : 0
	Topic resolution datagrams dropped type            : 0
	Topic resolution datagrams dropped malformed       : 0
	Topic resolution datagrams send failed             : 0
	Topic resolution source topics                     : 0
	Topic resolution receiver topics                   : 1
	Topic resolution unresolved receiver topics        : 1
	LBT-RM unknown datagrams received                  : 0
	LBT-RU unknown datagrams received                  : 0
	LBM send calls which blocked                       : 0
	LBM send calls which returned EWOULDBLOCK          : 0
	LBM response calls which blocked                   : 0
	LBM response calls which returned EWOULDBLOCK      : 0
	Number of duplicate UIM messages dropped           : 0
	Number of UIM messages received without stream info: 0
	Number of data message fragments lost              : 2
	Number of data message fragments unrecoverably lost: 0
	Receiver callbacks min service time (microseconds) : -1
	Receiver callbacks max service time (microseconds) : 0
	Receiver callbacks mean service time (microseconds): 0

Store statistics received from store_topic1 at 10.29.3.105, process ID=22b4ba, object ID=2316550, context instance=d00c3c82816738ec, domain ID=0, sent Tue Oct 06 15:57:12 CDT 2026
ume_retx_req_rcv_count: 4
ume_retx_req_serviced_count: 4
ume_retx_stat_interval: 45
smart_heap_stat {
  poolsize: 311212224
  poolcount: 87568
  smallBlockSize: 256
  pageSize: 65504
}

Context statistics received from store_appid_topic1 at 10.29.3.105, process ID=22b4ba, object ID=2316550, context instance=d00c3c82816738ec, domain ID=1, sent Tue Oct 06 15:57:12 CDT 2026
	Topic resolution datagrams sent                    : 0
	Topic resolution datagram bytes sent               : 0
	Topic resolution datagrams received                : 0
	Topic resolution datagram bytes received           : 0
	Topic resolution datagrams dropped version         : 0
	Topic resolution datagrams dropped type            : 0
	Topic resolution datagrams dropped malformed       : 0
	Topic resolution datagrams send failed             : 0
	Topic resolution source topics                     : 0
	Topic resolution receiver topics                   : 1
	Topic resolution unresolved receiver topics        : 1
	LBT-RM unknown datagrams received                  : 0
	LBT-RU unknown datagrams received                  : 0
	LBM send calls which blocked                       : 0
	LBM send calls which returned EWOULDBLOCK          : 0
	LBM response calls which blocked                   : 0
	LBM response calls which returned EWOULDBLOCK      : 0
	Number of duplicate UIM messages dropped           : 0
	Number of UIM messages received without stream info: 0
	Number of data message fragments lost              : 0
	Number of data message fragments unrecoverably lost: 0
	Receiver callbacks min service time (microseconds) : -1
	Receiver callbacks max service time (microseconds) : 0
	Receiver callbacks mean service time (microseconds): 0

Context statistics received from store_appid_topic1 at 10.29.3.105, process ID=22b4ba, object ID=2771320, context instance=5d860c059005990e, domain ID=1, sent Tue Oct 06 15:57:12 CDT 2026
	Topic resolution datagrams sent                    : 0
	Topic resolution datagram bytes sent               : 0
	Topic resolution datagrams received                : 0
	Topic resolution datagram bytes received           : 0
	Topic resolution datagrams dropped version         : 0
	Topic resolution datagrams dropped type            : 0
	Topic resolution datagrams dropped malformed       : 0
	Topic resolution datagrams send failed             : 0
	Topic resolution source topics                     : 0
	Topic resolution receiver topics                   : 0
	Topic resolution unresolved receiver topics        : 0
	LBT-RM unknown datagrams received                  : 0
	LBT-RU unknown datagrams received                  : 0
	LBM send calls which blocked                       : 0
	LBM send calls which returned EWOULDBLOCK          : 0
	LBM response calls which blocked                   : 0
	LBM response calls which returned EWOULDBLOCK      : 0
	Number of duplicate UIM messages dropped           : 0
	Number of UIM messages received without stream info: 0
	Number of data message fragments lost              : 0
	Number of data message fragments unrecoverably lost: 0
	Receiver callbacks min service time (microseconds) : -1
	Receiver callbacks max service time (microseconds) : 0
	Receiver callbacks mean service time (microseconds): 0

SRS statistics received from srs1 at 10.29.4.105, process ID=22b42f, domain ID=0, sent Tue Oct 06 15:57:15 CDT 2026
um_client {
  um_client_info {
    ip: "10.29.4.105"
    port: 49937
    session_id: "0xaae8bdd7"
  }
  client_rtir_received_count: 2
  client_rir_sent_count: 2
  client_dir_sent_count: 1
  client_rtir_sent_count: 2
}

SRS statistics received from srs1 at 10.29.4.105, process ID=22b42f, domain ID=0, sent Tue Oct 06 15:57:15 CDT 2026
um_client {
  um_client_info {
    ip: "10.29.4.105"
    port: 47705
    session_id: "0x1f614ade"
  }
  client_rir_received_count: 1
  client_sir_sent_count: 1
  client_ser_sent_count: 1
  client_dir_sent_count: 1
  client_rtir_sent_count: 2
  client_cnir_sent_count: 1
}

SRS statistics received from srs1 at 10.29.4.105, process ID=22b42f, domain ID=0, sent Tue Oct 06 15:57:15 CDT 2026
um_client {
  um_client_info {
    ip: "10.29.4.105"
    port: 46229
    session_id: "0xc0bf9235"
  }
  client_cnir_received_count: 1
  client_dir_sent_count: 1
  client_rtir_sent_count: 2
}

SRS statistics received from srs1 at 10.29.4.105, process ID=22b42f, domain ID=0, sent Tue Oct 06 15:57:15 CDT 2026
um_client {
  um_client_info {
    ip: "10.29.4.105"
    port: 41699
    session_id: "0x85c43d1d"
  }
  client_rir_received_count: 1
  client_sir_sent_count: 1
  client_ser_sent_count: 1
  client_dir_sent_count: 1
  client_rtir_sent_count: 2
}

SRS statistics received from srs1 at 10.29.4.105, process ID=22b42f, domain ID=0, sent Tue Oct 06 15:57:15 CDT 2026
srs {
  clients_next_client_id: 6
  active_clients_count: 5
  clients_connects_count: 5
  clients_max_concurrent_connections_count: 5
  clients_active_sir_count: 1
  clients_active_rir_count: 2
  clients_active_cnir_count: 1
  clients_active_dir_count: 2
  clients_active_rtir_count: 1
}

SRS statistics received from srs1 at 10.29.4.105, process ID=22b42f, domain ID=0, sent Tue Oct 06 15:57:15 CDT 2026
internal {
  srs_otidmap_shards: "4"
  srs_topicmap_shards: "4"
  srs_routemap_shards: "4"
  srs_namemap_shards: "4"
}

SRS statistics received from srs1 at 10.29.4.105, process ID=22b42f, domain ID=0, sent Tue Oct 06 15:57:15 CDT 2026
um_client_error {
  um_client_info {
    ip: "10.29.4.105"
    port: 49937
    session_id: "0xaae8bdd7"
  }
}

SRS statistics received from srs1 at 10.29.4.105, process ID=22b42f, domain ID=0, sent Tue Oct 06 15:57:15 CDT 2026
um_client_error {
  um_client_info {
    ip: "10.29.4.105"
    port: 47705
    session_id: "0x1f614ade"
  }
}

SRS statistics received from srs1 at 10.29.4.105, process ID=22b42f, domain ID=0, sent Tue Oct 06 15:57:15 CDT 2026
version: "1.0"
daemon_log_type: "console"
daemon_log_frequency: "disable"
daemon_log_size: "10"
daemon_log_max_history: "10"
daemon_log_total_size_cap: "1000"
daemon_log_compression: "none"
daemon_pid_file: "srs.pid"
srs_interface: "10.29.4.105"
srs_port: "12601"
srs_source_state_lifetime: "86400"
srs_interest_state_lifetime: "86400"
srs_route_state_lifetime: "30"
srs_context_name_state_lifetime: "86400"
srs_source_leave_backoff: "500"
srs_clientactor_request_stream_max_msg_count: "1000"
srs_clientactor_record_queue_service_interval: "10"
srs_clientactor_batch_frame_max_record_count: "50"
srs_clientactor_batch_frame_max_datagram_size: "8192"
srs_application_id: "srs1"
debug_monitor_interface: "localhost"
debug_monitor_port: "27001"
debug_monitor_enabled: "false"
debug_monitor_ping_interval: "60000"
daemon_monitor_topic: "/29west/statistics"
daemon_monitor_ping_interval: "5000"
daemon_monitor_publishing_interval_default: "5000"
daemon_monitor_publishing_interval_srs_stats: "5000"
daemon_monitor_publishing_interval_um_client_stats: "5000"
daemon_monitor_publishing_interval_connection_events: "5000"
daemon_monitor_publishing_interval_srs_error_stats: "5000"
daemon_monitor_publishing_interval_um_client_error_stats: "5000"
daemon_monitor_publishing_interval_config_opts: "5000"
daemon_monitor_publishing_interval_internal_config_opts: "5000"
daemon_monitor_publish_connection_events_allow: "false"
daemon_monitor_remote_snapshot_request_allow: "false"
daemon_monitor_remote_config_changes_request_allow: "false"
daemon_monitor_monitor_format: "pb"
daemon_monitor_lbm_attributes {
  scope: "context"
  name: "default_interface"
  value: "10.29.3.0/24"
}
daemon_monitor_lbm_attributes {
  scope: "context"
  name: "mim_incoming_address"
  value: "0.0.0.0"
}
daemon_monitor_lbm_attributes {
  scope: "context"
  name: "request_tcp_interface"
  value: "10.29.3.0/24"
}
daemon_monitor_lbm_attributes {
  scope: "context"
  name: "request_tcp_reuseaddr"
  value: "1"
}
daemon_monitor_lbm_attributes {
  scope: "context"
  name: "resolver_disable_udp_topic_resolution"
  value: "0"
}
daemon_monitor_lbm_attributes {
  scope: "context"
  name: "resolver_service"
  value: "0.0.0.0:0"
}
daemon_monitor_lbm_attributes {
  scope: "context"
  name: "resolver_unicast_daemon"
  value: "0.0.0.0:0,10.29.3.105:12801"
}
daemon_monitor_lbm_attributes {
  scope: "context"
  name: "resolver_unicast_port_high"
  value: "12809"
}
daemon_monitor_lbm_attributes {
  scope: "context"
  name: "resolver_unicast_port_low"
  value: "12802"
}
daemon_monitor_lbm_attributes {
  scope: "source"
  name: "transport"
  value: "tcp"
}

SRS statistics received from srs1 at 10.29.4.105, process ID=22b42f, domain ID=0, sent Tue Oct 06 15:57:15 CDT 2026
um_client_error {
  um_client_info {
    ip: "10.29.4.105"
    port: 46229
    session_id: "0xc0bf9235"
  }
}

SRS statistics received from srs1 at 10.29.4.105, process ID=22b42f, domain ID=0, sent Tue Oct 06 15:57:15 CDT 2026
um_client_error {
  um_client_info {
    ip: "10.29.4.105"
    port: 41699
    session_id: "0x85c43d1d"
  }
}

Gateway statistics received from dro1 at 10.29.3.105, process ID=22b49c, object ID=1b54c30, domain ID=0, sent Tue Oct 06 15:57:15 CDT 2026
local {
  gateway_name: "dro1"
  gateway_id: 17080559106476924158
  version: 2
  topology_signature: 4145639977
  recalc_duration_usec: 56
  graph_version: 2
  gateway_count: 1
  trd_count: 2
  malloc_info {
    arena: 37806080
    ordblks: 106
    hblks: 27
    hblkhd: 24506368
    uordblks: 22430320
    fordblks: 15375760
  }
}
portals {
  portal_name: "TRD1"
  cost: 1
  proxy_receivers: 1
  receiver_topics: 1
  recalc_duration_usec: 56
  proxy_rec_recalc_duration_usec: 132
  endpoint {
    receive {
      transport_topic_fragments_rcvd: 27
      transport_topic_fragment_bytes_rcvd: 19224
      transport_topic_control_rcvd: 16
      transport_topic_control_bytes_rcvd: 1152
      unicast_data_msgs_rcvd: 4
      unicast_data_msg_bytes_rcvd: 3088
      unicast_cntl_msgs_rcvd: 1
      unicast_cntl_msg_bytes_rcvd: 84
    }
    send {
      unicast_msgs_forwarded: 31
      unicast_msg_bytes_forwarded: 2744
      unicast_msgs_sent: 31
      unicast_msg_bytes_sent: 2744
      data_bytes_enqueued_limit: 1000000
    }
  }
}
portals {
  portal_name: "TRD2"
  portal_index: 1
  cost: 1
  proxy_receivers: 1
  receiver_topics: 1
  recalc_duration_usec: 56
  proxy_rec_recalc_duration_usec: 183
  endpoint {
    receive {
      unicast_cntl_msgs_rcvd: 31
      unicast_cntl_msg_bytes_rcvd: 2744
    }
    send {
      transport_topic_fragments_forwarded: 43
      transport_topic_fragment_bytes_forwarded: 20376
      transport_topic_fragments_sent: 43
      transport_topic_fragment_bytes_sent: 20376
      unicast_msgs_forwarded: 5
      unicast_msg_bytes_forwarded: 3172
      unicast_msgs_sent: 5
      unicast_msg_bytes_sent: 3172
      data_bytes_enqueued_limit: 1000000
    }
  }
}

Event Queue statistics received from Gateway_Portal_TRD1_event_queue at 10.29.3.105, process ID=22b49c, object ID=1e1d3f0, domain ID=0, sent Tue Oct 06 15:57:15 CDT 2026
	Data messages enqueued                                        : 0
	Total data messages enqueued                                  : 0
	Data messages min service time (microseconds)                 : -1
	Data messages mean service time (microseconds)                : 0
	Data messages max service time (microseconds)                 : 0
	Response messages enqueued                                    : 0
	Total response messages enqueued                              : 0
	Response messages min service time (microseconds)             : -1
	Response messages mean service time (microseconds)            : 0
	Response messages max service time (microseconds)             : 0
	Topicless immediate messages enqueued                         : 0
	Total topicless immediate messages enqueued                   : 0
	Topicless immediate messages min service time (microseconds)  : -1
	Topicless immediate messages mean service time (microseconds) : 0
	Topicless immediate messages max service time (microseconds)  : 0
	Wildcard receiver messages enqueued                           : 0
	Total wildcard receiver messages enqueued                     : 0
	Wildcard receiver messages min service time (microseconds)    : -1
	Wildcard receiver messages mean service time (microseconds)   : 0
	Wildcard receiver messages max service time (microseconds)    : 0
	I/O events enqueued                                           : 0
	Total I/O events enqueued                                     : 0
	I/O events min service time (microseconds)                    : -1
	I/O events mean service time (microseconds)                   : 0
	I/O events max service time (microseconds)                    : 0
	Timer events enqueued                                         : 0
	Total timer events enqueued                                   : 0
	Timer events min service time (microseconds)                  : -1
	Timer events mean service time (microseconds)                 : 0
	Timer events max service time (microseconds)                  : 0
	Source events enqueued                                        : 0
	Total source events enqueued                                  : 0
	Source events min service time (microseconds)                 : -1
	Source events mean service time (microseconds)                : 0
	Source events max service time (microseconds)                 : 0
	Unblock events enqueued                                       : 0
	Total unblock events enqueued                                 : 0
	Cancel events enqueued                                        : 0
	Total cancel events enqueued                                  : 0
	Cancel events min service time (microseconds)                 : -1
	Cancel events mean service time (microseconds)                : 0
	Cancel events max service time (microseconds)                 : 0
	Callback events enqueued                                      : 0
	Total callback events enqueued                                : 0
	Callback events min service time (microseconds)               : -1
	Callback events mean service time (microseconds)              : 0
	Callback events max service time (microseconds)               : 0
	Context source events enqueued                                : 0
	Total context source events enqueued                          : 0
	Context source events min service time (microseconds)         : -1
	Context source events mean service time (microseconds)        : 0
	Context source events max service time (microseconds)         : 0
	Events currently enqueued                                     : 0
	Total events enqueued                                         : 0
	Minimum age of events enqueued (microseconds)                 : -1
	Mean age of events enqueued (microseconds)                    : 0
	Max age of events enqueued (microseconds)                     : 0

Event Queue statistics received from Gateway_Portal_TRD2_event_queue at 10.29.3.105, process ID=22b49c, object ID=1f5a160, domain ID=0, sent Tue Oct 06 15:57:15 CDT 2026
	Data messages enqueued                                        : 0
	Total data messages enqueued                                  : 0
	Data messages min service time (microseconds)                 : -1
	Data messages mean service time (microseconds)                : 0
	Data messages max service time (microseconds)                 : 0
	Response messages enqueued                                    : 0
	Total response messages enqueued                              : 0
	Response messages min service time (microseconds)             : -1
	Response messages mean service time (microseconds)            : 0
	Response messages max service time (microseconds)             : 0
	Topicless immediate messages enqueued                         : 0
	Total topicless immediate messages enqueued                   : 0
	Topicless immediate messages min service time (microseconds)  : -1
	Topicless immediate messages mean service time (microseconds) : 0
	Topicless immediate messages max service time (microseconds)  : 0
	Wildcard receiver messages enqueued                           : 0
	Total wildcard receiver messages enqueued                     : 0
	Wildcard receiver messages min service time (microseconds)    : -1
	Wildcard receiver messages mean service time (microseconds)   : 0
	Wildcard receiver messages max service time (microseconds)    : 0
	I/O events enqueued                                           : 0
	Total I/O events enqueued                                     : 0
	I/O events min service time (microseconds)                    : -1
	I/O events mean service time (microseconds)                   : 0
	I/O events max service time (microseconds)                    : 0
	Timer events enqueued                                         : 0
	Total timer events enqueued                                   : 0
	Timer events min service time (microseconds)                  : -1
	Timer events mean service time (microseconds)                 : 0
	Timer events max service time (microseconds)                  : 0
	Source events enqueued                                        : 0
	Total source events enqueued                                  : 0
	Source events min service time (microseconds)                 : -1
	Source events mean service time (microseconds)                : 0
	Source events max service time (microseconds)                 : 0
	Unblock events enqueued                                       : 0
	Total unblock events enqueued                                 : 0
	Cancel events enqueued                                        : 0
	Total cancel events enqueued                                  : 0
	Cancel events min service time (microseconds)                 : -1
	Cancel events mean service time (microseconds)                : 0
	Cancel events max service time (microseconds)                 : 0
	Callback events enqueued                                      : 0
	Total callback events enqueued                                : 0
	Callback events min service time (microseconds)               : -1
	Callback events mean service time (microseconds)              : 0
	Callback events max service time (microseconds)               : 0
	Context source events enqueued                                : 0
	Total context source events enqueued                          : 0
	Context source events min service time (microseconds)         : -1
	Context source events mean service time (microseconds)        : 0
	Context source events max service time (microseconds)         : 0
	Events currently enqueued                                     : 0
	Total events enqueued                                         : 0
	Minimum age of events enqueued (microseconds)                 : -1
	Mean age of events enqueued (microseconds)                    : 0
	Max age of events enqueued (microseconds)                     : 0

Context statistics received from Gateway_Portal_TRD1_src_ctx at 10.29.3.105, process ID=22b49c, object ID=1bfda50, context instance=afc3a72ab4a0190e, domain ID=1, sent Tue Oct 06 15:57:15 CDT 2026
	Topic resolution datagrams sent                    : 0
	Topic resolution datagram bytes sent               : 0
	Topic resolution datagrams received                : 0
	Topic resolution datagram bytes received           : 0
	Topic resolution datagrams dropped version         : 0
	Topic resolution datagrams dropped type            : 0
	Topic resolution datagrams dropped malformed       : 0
	Topic resolution datagrams send failed             : 0
	Topic resolution source topics                     : 0
	Topic resolution receiver topics                   : 0
	Topic resolution unresolved receiver topics        : 0
	LBT-RM unknown datagrams received                  : 0
	LBT-RU unknown datagrams received                  : 0
	LBM send calls which blocked                       : 0
	LBM send calls which returned EWOULDBLOCK          : 0
	LBM response calls which blocked                   : 0
	LBM response calls which returned EWOULDBLOCK      : 0
	Number of duplicate UIM messages dropped           : 0
	Number of UIM messages received without stream info: 0
	Number of data message fragments lost              : 0
	Number of data message fragments unrecoverably lost: 0
	Receiver callbacks min service time (microseconds) : -1
	Receiver callbacks max service time (microseconds) : 0
	Receiver callbacks mean service time (microseconds): 0

IM source statistics received from Gateway_Portal_TRD1_src_ctx at 10.29.3.105, process ID=22b49c, object ID=1bfda50, context instance=afc3a72ab4a0190e, domain ID=1, sent Tue Oct 06 15:57:15 CDT 2026
Source: LBTRM:10.29.4.105:14390:9dd2ec8f:224.10.10.21:14401[4294967295]
Transport: LBT-RM
	LBT-RM datagrams sent                                 : 0
	LBT-RM datagrams bytes sent                           : 0
	LBT-RM datagrams in transmission window               : 0
	LBT-RM datagram bytes in transmission window          : 0
	LBT-RM NAK packets received                           : 0
	LBT-RM NAKs received                                  : 0
	LBT-RM NAKs ignored                                   : 0
	LBT-RM NAKs shed                                      : 0
	LBT-RM NAKs ignored (retransmit delay)                : 0
	LBT-RM retransmission datagrams sent                  : 0
	LBT-RM retransmission datagram bytes sent             : 0
	LBT-RM datagrams queued by rate control               : 0
	LBT-RM retransmission datagrams queued by rate control: 0

Context statistics received from Gateway_Portal_TRD1_rcv_ctx at 10.29.3.105, process ID=22b49c, object ID=1cf49c0, context instance=8bee4fdb11d451f2, domain ID=1, sent Tue Oct 06 15:57:15 CDT 2026
	Topic resolution datagrams sent                    : 0
	Topic resolution datagram bytes sent               : 0
	Topic resolution datagrams received                : 0
	Topic resolution datagram bytes received           : 0
	Topic resolution datagrams dropped version         : 0
	Topic resolution datagrams dropped type            : 0
	Topic resolution datagrams dropped malformed       : 0
	Topic resolution datagrams send failed             : 0
	Topic resolution source topics                     : 0
	Topic resolution receiver topics                   : 1
	Topic resolution unresolved receiver topics        : 1
	LBT-RM unknown datagrams received                  : 0
	LBT-RU unknown datagrams received                  : 0
	LBM send calls which blocked                       : 0
	LBM send calls which returned EWOULDBLOCK          : 0
	LBM response calls which blocked                   : 0
	LBM response calls which returned EWOULDBLOCK      : 0
	Number of duplicate UIM messages dropped           : 0
	Number of UIM messages received without stream info: 0
	Number of data message fragments lost              : 0
	Number of data message fragments unrecoverably lost: 0
	Receiver callbacks min service time (microseconds) : -1
	Receiver callbacks max service time (microseconds) : 0
	Receiver callbacks mean service time (microseconds): 0

Context statistics received from Gateway_Portal_TRD2_src_ctx at 10.29.3.105, process ID=22b49c, object ID=1e266e0, context instance=df13daf3f0e6045a, domain ID=2, sent Tue Oct 06 15:57:15 CDT 2026
	Topic resolution datagrams sent                    : 148
	Topic resolution datagram bytes sent               : 14980
	Topic resolution datagrams received                : 263
	Topic resolution datagram bytes received           : 20308
	Topic resolution datagrams dropped version         : 0
	Topic resolution datagrams dropped type            : 0
	Topic resolution datagrams dropped malformed       : 0
	Topic resolution datagrams send failed             : 0
	Topic resolution source topics                     : 0
	Topic resolution receiver topics                   : 0
	Topic resolution unresolved receiver topics        : 0
	LBT-RM unknown datagrams received                  : 0
	LBT-RU unknown datagrams received                  : 0
	LBM send calls which blocked                       : 0
	LBM send calls which returned EWOULDBLOCK          : 0
	LBM response calls which blocked                   : 0
	LBM response calls which returned EWOULDBLOCK      : 0
	Number of duplicate UIM messages dropped           : 0
	Number of UIM messages received without stream info: 0
	Number of data message fragments lost              : 0
	Number of data message fragments unrecoverably lost: 0
	Receiver callbacks min service time (microseconds) : -1
	Receiver callbacks max service time (microseconds) : 0
	Receiver callbacks mean service time (microseconds): 0

IM source statistics received from Gateway_Portal_TRD2_src_ctx at 10.29.3.105, process ID=22b49c, object ID=1e266e0, context instance=df13daf3f0e6045a, domain ID=2, sent Tue Oct 06 15:57:15 CDT 2026
Source: LBTRM:10.29.4.105:14391:12265df3:224.10.10.21:14401[4294967295]
Transport: LBT-RM
	LBT-RM datagrams sent                                 : 0
	LBT-RM datagrams bytes sent                           : 0
	LBT-RM datagrams in transmission window               : 0
	LBT-RM datagram bytes in transmission window          : 0
	LBT-RM NAK packets received                           : 0
	LBT-RM NAKs received                                  : 0
	LBT-RM NAKs ignored                                   : 0
	LBT-RM NAKs shed                                      : 0
	LBT-RM NAKs ignored (retransmit delay)                : 0
	LBT-RM retransmission datagrams sent                  : 0
	LBT-RM retransmission datagram bytes sent             : 0
	LBT-RM datagrams queued by rate control               : 0
	LBT-RM retransmission datagrams queued by rate control: 0

Context statistics received from Gateway_Portal_TRD2_rcv_ctx at 10.29.3.105, process ID=22b49c, object ID=1ea7800, context instance=6564a4167c753958, domain ID=2, sent Tue Oct 06 15:57:15 CDT 2026
	Topic resolution datagrams sent                    : 53
	Topic resolution datagram bytes sent               : 2414
	Topic resolution datagrams received                : 263
	Topic resolution datagram bytes received           : 20308
	Topic resolution datagrams dropped version         : 0
	Topic resolution datagrams dropped type            : 0
	Topic resolution datagrams dropped malformed       : 0
	Topic resolution datagrams send failed             : 0
	Topic resolution source topics                     : 0
	Topic resolution receiver topics                   : 1
	Topic resolution unresolved receiver topics        : 1
	LBT-RM unknown datagrams received                  : 0
	LBT-RU unknown datagrams received                  : 0
	LBM send calls which blocked                       : 0
	LBM send calls which returned EWOULDBLOCK          : 0
	LBM response calls which blocked                   : 0
	LBM response calls which returned EWOULDBLOCK      : 0
	Number of duplicate UIM messages dropped           : 0
	Number of UIM messages received without stream info: 0
	Number of data message fragments lost              : 0
	Number of data message fragments unrecoverably lost: 0
	Receiver callbacks min service time (microseconds) : -1
	Receiver callbacks max service time (microseconds) : 0
	Receiver callbacks mean service time (microseconds): 0

Event Queue statistics received from umercv at 10.29.3.105, process ID=22b4f6, object ID=1e43c80, domain ID=0, sent Tue Oct 06 15:57:17 CDT 2026
	Data messages enqueued                                        : 0
	Total data messages enqueued                                  : 34
	Data messages min service time (microseconds)                 : -1
	Data messages mean service time (microseconds)                : 0
	Data messages max service time (microseconds)                 : 0
	Response messages enqueued                                    : 0
	Total response messages enqueued                              : 0
	Response messages min service time (microseconds)             : -1
	Response messages mean service time (microseconds)            : 0
	Response messages max service time (microseconds)             : 0
	Topicless immediate messages enqueued                         : 0
	Total topicless immediate messages enqueued                   : 0
	Topicless immediate messages min service time (microseconds)  : -1
	Topicless immediate messages mean service time (microseconds) : 0
	Topicless immediate messages max service time (microseconds)  : 0
	Wildcard receiver messages enqueued                           : 0
	Total wildcard receiver messages enqueued                     : 0
	Wildcard receiver messages min service time (microseconds)    : -1
	Wildcard receiver messages mean service time (microseconds)   : 0
	Wildcard receiver messages max service time (microseconds)    : 0
	I/O events enqueued                                           : 0
	Total I/O events enqueued                                     : 0
	I/O events min service time (microseconds)                    : -1
	I/O events mean service time (microseconds)                   : 0
	I/O events max service time (microseconds)                    : 0
	Timer events enqueued                                         : 0
	Total timer events enqueued                                   : 0
	Timer events min service time (microseconds)                  : -1
	Timer events mean service time (microseconds)                 : 0
	Timer events max service time (microseconds)                  : 0
	Source events enqueued                                        : 0
	Total source events enqueued                                  : 0
	Source events min service time (microseconds)                 : -1
	Source events mean service time (microseconds)                : 0
	Source events max service time (microseconds)                 : 0
	Unblock events enqueued                                       : 0
	Total unblock events enqueued                                 : 1
	Cancel events enqueued                                        : 0
	Total cancel events enqueued                                  : 0
	Cancel events min service time (microseconds)                 : -1
	Cancel events mean service time (microseconds)                : 0
	Cancel events max service time (microseconds)                 : 0
	Callback events enqueued                                      : 0
	Total callback events enqueued                                : 0
	Callback events min service time (microseconds)               : -1
	Callback events mean service time (microseconds)              : 0
	Callback events max service time (microseconds)               : 0
	Context source events enqueued                                : 0
	Total context source events enqueued                          : 0
	Context source events min service time (microseconds)         : -1
	Context source events mean service time (microseconds)        : 0
	Context source events max service time (microseconds)         : 0
	Events currently enqueued                                     : 0
	Total events enqueued                                         : 35
	Minimum age of events enqueued (microseconds)                 : -1
	Mean age of events enqueued (microseconds)                    : 0
	Max age of events enqueued (microseconds)                     : 0

Context statistics received from umercv at 10.29.3.105, process ID=22b4f6, object ID=1ed28e0, context instance=8a3b09f8ad01e8cf, domain ID=2, sent Tue Oct 06 15:57:17 CDT 2026
	Topic resolution datagrams sent                    : 63
	Topic resolution datagram bytes sent               : 2961
	Topic resolution datagrams received                : 220
	Topic resolution datagram bytes received           : 18419
	Topic resolution datagrams dropped version         : 0
	Topic resolution datagrams dropped type            : 0
	Topic resolution datagrams dropped malformed       : 0
	Topic resolution datagrams send failed             : 0
	Topic resolution source topics                     : 0
	Topic resolution receiver topics                   : 1
	Topic resolution unresolved receiver topics        : 1
	LBT-RM unknown datagrams received                  : 0
	LBT-RU unknown datagrams received                  : 0
	LBM send calls which blocked                       : 0
	LBM send calls which returned EWOULDBLOCK          : 0
	LBM response calls which blocked                   : 0
	LBM response calls which returned EWOULDBLOCK      : 0
	Number of duplicate UIM messages dropped           : 0
	Number of UIM messages received without stream info: 0
	Number of data message fragments lost              : 2
	Number of data message fragments unrecoverably lost: 0
	Receiver callbacks min service time (microseconds) : -1
	Receiver callbacks max service time (microseconds) : 0
	Receiver callbacks mean service time (microseconds): 0

Store statistics received from store_topic1 at 10.29.3.105, process ID=22b4ba, object ID=2316550, context instance=d00c3c82816738ec, domain ID=0, sent Tue Oct 06 15:57:18 CDT 2026
ume_retx_req_rcv_count: 4
ume_retx_req_serviced_count: 4
ume_retx_stat_interval: 50
smart_heap_stat {
  poolsize: 311212224
  poolcount: 87570
  smallBlockSize: 256
  pageSize: 65504
}

Context statistics received from store_appid_topic1 at 10.29.3.105, process ID=22b4ba, object ID=2316550, context instance=d00c3c82816738ec, domain ID=1, sent Tue Oct 06 15:57:18 CDT 2026
	Topic resolution datagrams sent                    : 0
	Topic resolution datagram bytes sent               : 0
	Topic resolution datagrams received                : 0
	Topic resolution datagram bytes received           : 0
	Topic resolution datagrams dropped version         : 0
	Topic resolution datagrams dropped type            : 0
	Topic resolution datagrams dropped malformed       : 0
	Topic resolution datagrams send failed             : 0
	Topic resolution source topics                     : 0
	Topic resolution receiver topics                   : 1
	Topic resolution unresolved receiver topics        : 1
	LBT-RM unknown datagrams received                  : 0
	LBT-RU unknown datagrams received                  : 0
	LBM send calls which blocked                       : 0
	LBM send calls which returned EWOULDBLOCK          : 0
	LBM response calls which blocked                   : 0
	LBM response calls which returned EWOULDBLOCK      : 0
	Number of duplicate UIM messages dropped           : 0
	Number of UIM messages received without stream info: 0
	Number of data message fragments lost              : 0
	Number of data message fragments unrecoverably lost: 0
	Receiver callbacks min service time (microseconds) : -1
	Receiver callbacks max service time (microseconds) : 0
	Receiver callbacks mean service time (microseconds): 0

Context statistics received from store_appid_topic1 at 10.29.3.105, process ID=22b4ba, object ID=2771320, context instance=5d860c059005990e, domain ID=1, sent Tue Oct 06 15:57:18 CDT 2026
	Topic resolution datagrams sent                    : 0
	Topic resolution datagram bytes sent               : 0
	Topic resolution datagrams received                : 0
	Topic resolution datagram bytes received           : 0
	Topic resolution datagrams dropped version         : 0
	Topic resolution datagrams dropped type            : 0
	Topic resolution datagrams dropped malformed       : 0
	Topic resolution datagrams send failed             : 0
	Topic resolution source topics                     : 0
	Topic resolution receiver topics                   : 0
	Topic resolution unresolved receiver topics        : 0
	LBT-RM unknown datagrams received                  : 0
	LBT-RU unknown datagrams received                  : 0
	LBM send calls which blocked                       : 0
	LBM send calls which returned EWOULDBLOCK          : 0
	LBM response calls which blocked                   : 0
	LBM response calls which returned EWOULDBLOCK      : 0
	Number of duplicate UIM messages dropped           : 0
	Number of UIM messages received without stream info: 0
	Number of data message fragments lost              : 0
	Number of data message fragments unrecoverably lost: 0
	Receiver callbacks min service time (microseconds) : -1
	Receiver callbacks max service time (microseconds) : 0
	Receiver callbacks mean service time (microseconds): 0

SRS statistics received from srs1 at 10.29.4.105, process ID=22b42f, domain ID=0, sent Tue Oct 06 15:57:20 CDT 2026
um_client {
  um_client_info {
    ip: "10.29.4.105"
    port: 49937
    session_id: "0xaae8bdd7"
  }
  client_rtir_received_count: 2
  client_rir_sent_count: 2
  client_dir_sent_count: 1
  client_rtir_sent_count: 2
}

SRS statistics received from srs1 at 10.29.4.105, process ID=22b42f, domain ID=0, sent Tue Oct 06 15:57:20 CDT 2026
um_client {
  um_client_info {
    ip: "10.29.4.105"
    port: 47705
    session_id: "0x1f614ade"
  }
  client_rir_received_count: 1
  client_sir_sent_count: 1
  client_ser_sent_count: 1
  client_dir_sent_count: 1
  client_rtir_sent_count: 2
  client_cnir_sent_count: 1
}

SRS statistics received from srs1 at 10.29.4.105, process ID=22b42f, domain ID=0, sent Tue Oct 06 15:57:20 CDT 2026
um_client {
  um_client_info {
    ip: "10.29.4.105"
    port: 46229
    session_id: "0xc0bf9235"
  }
  client_cnir_received_count: 1
  client_dir_sent_count: 1
  client_rtir_sent_count: 2
}

SRS statistics received from srs1 at 10.29.4.105, process ID=22b42f, domain ID=0, sent Tue Oct 06 15:57:20 CDT 2026
um_client {
  um_client_info {
    ip: "10.29.4.105"
    port: 41699
    session_id: "0x85c43d1d"
  }
  client_rir_received_count: 1
  client_sir_sent_count: 1
  client_ser_sent_count: 1
  client_dir_sent_count: 1
  client_rtir_sent_count: 2
}

SRS statistics received from srs1 at 10.29.4.105, process ID=22b42f, domain ID=0, sent Tue Oct 06 15:57:20 CDT 2026
srs {
  clients_next_client_id: 6
  active_clients_count: 4
  clients_connects_count: 5
  clients_disconnects_count: 1
  clients_max_concurrent_connections_count: 5
  clients_active_rir_count: 2
  clients_active_cnir_count: 1
  clients_active_dir_count: 2
  clients_active_rtir_count: 1
}

SRS statistics received from srs1 at 10.29.4.105, process ID=22b42f, domain ID=0, sent Tue Oct 06 15:57:20 CDT 2026
internal {
  srs_otidmap_shards: "4"
  srs_topicmap_shards: "4"
  srs_routemap_shards: "4"
  srs_namemap_shards: "4"
}

SRS statistics received from srs1 at 10.29.4.105, process ID=22b42f, domain ID=0, sent Tue Oct 06 15:57:20 CDT 2026
um_client_error {
  um_client_info {
    ip: "10.29.4.105"
    port: 49937
    session_id: "0xaae8bdd7"
  }
}

SRS statistics received from srs1 at 10.29.4.105, process ID=22b42f, domain ID=0, sent Tue Oct 06 15:57:20 CDT 2026
um_client_error {
  um_client_info {
    ip: "10.29.4.105"
    port: 47705
    session_id: "0x1f614ade"
  }
}

SRS statistics received from srs1 at 10.29.4.105, process ID=22b42f, domain ID=0, sent Tue Oct 06 15:57:20 CDT 2026
version: "1.0"
daemon_log_type: "console"
daemon_log_frequency: "disable"
daemon_log_size: "10"
daemon_log_max_history: "10"
daemon_log_total_size_cap: "1000"
daemon_log_compression: "none"
daemon_pid_file: "srs.pid"
srs_interface: "10.29.4.105"
srs_port: "12601"
srs_source_state_lifetime: "86400"
srs_interest_state_lifetime: "86400"
srs_route_state_lifetime: "30"
srs_context_name_state_lifetime: "86400"
srs_source_leave_backoff: "500"
srs_clientactor_request_stream_max_msg_count: "1000"
srs_clientactor_record_queue_service_interval: "10"
srs_clientactor_batch_frame_max_record_count: "50"
srs_clientactor_batch_frame_max_datagram_size: "8192"
srs_application_id: "srs1"
debug_monitor_interface: "localhost"
debug_monitor_port: "27001"
debug_monitor_enabled: "false"
debug_monitor_ping_interval: "60000"
daemon_monitor_topic: "/29west/statistics"
daemon_monitor_ping_interval: "5000"
daemon_monitor_publishing_interval_default: "5000"
daemon_monitor_publishing_interval_srs_stats: "5000"
daemon_monitor_publishing_interval_um_client_stats: "5000"
daemon_monitor_publishing_interval_connection_events: "5000"
daemon_monitor_publishing_interval_srs_error_stats: "5000"
daemon_monitor_publishing_interval_um_client_error_stats: "5000"
daemon_monitor_publishing_interval_config_opts: "5000"
daemon_monitor_publishing_interval_internal_config_opts: "5000"
daemon_monitor_publish_connection_events_allow: "false"
daemon_monitor_remote_snapshot_request_allow: "false"
daemon_monitor_remote_config_changes_request_allow: "false"
daemon_monitor_monitor_format: "pb"
daemon_monitor_lbm_attributes {
  scope: "context"
  name: "default_interface"
  value: "10.29.3.0/24"
}
daemon_monitor_lbm_attributes {
  scope: "context"
  name: "mim_incoming_address"
  value: "0.0.0.0"
}
daemon_monitor_lbm_attributes {
  scope: "context"
  name: "request_tcp_interface"
  value: "10.29.3.0/24"
}
daemon_monitor_lbm_attributes {
  scope: "context"
  name: "request_tcp_reuseaddr"
  value: "1"
}
daemon_monitor_lbm_attributes {
  scope: "context"
  name: "resolver_disable_udp_topic_resolution"
  value: "0"
}
daemon_monitor_lbm_attributes {
  scope: "context"
  name: "resolver_service"
  value: "0.0.0.0:0"
}
daemon_monitor_lbm_attributes {
  scope: "context"
  name: "resolver_unicast_daemon"
  value: "0.0.0.0:0,10.29.3.105:12801"
}
daemon_monitor_lbm_attributes {
  scope: "context"
  name: "resolver_unicast_port_high"
  value: "12809"
}
daemon_monitor_lbm_attributes {
  scope: "context"
  name: "resolver_unicast_port_low"
  value: "12802"
}
daemon_monitor_lbm_attributes {
  scope: "source"
  name: "transport"
  value: "tcp"
}

SRS statistics received from srs1 at 10.29.4.105, process ID=22b42f, domain ID=0, sent Tue Oct 06 15:57:20 CDT 2026
um_client_error {
  um_client_info {
    ip: "10.29.4.105"
    port: 46229
    session_id: "0xc0bf9235"
  }
}

SRS statistics received from srs1 at 10.29.4.105, process ID=22b42f, domain ID=0, sent Tue Oct 06 15:57:20 CDT 2026
um_client_error {
  um_client_info {
    ip: "10.29.4.105"
    port: 41699
    session_id: "0x85c43d1d"
  }
}

Gateway statistics received from dro1 at 10.29.3.105, process ID=22b49c, object ID=1b54c30, domain ID=0, sent Tue Oct 06 15:57:20 CDT 2026
local {
  gateway_name: "dro1"
  gateway_id: 17080559106476924158
  version: 2
  topology_signature: 4145639977
  recalc_duration_usec: 56
  graph_version: 2
  gateway_count: 1
  trd_count: 2
  malloc_info {
    arena: 37806080
    ordblks: 106
    hblks: 27
    hblkhd: 24506368
    uordblks: 22430320
    fordblks: 15375760
  }
}
portals {
  portal_name: "TRD1"
  cost: 1
  proxy_receivers: 1
  receiver_topics: 1
  recalc_duration_usec: 56
  proxy_rec_recalc_duration_usec: 132
  endpoint {
    receive {
      transport_topic_fragments_rcvd: 27
      transport_topic_fragment_bytes_rcvd: 19224
      transport_topic_control_rcvd: 16
      transport_topic_control_bytes_rcvd: 1152
      unicast_data_msgs_rcvd: 4
      unicast_data_msg_bytes_rcvd: 3088
      unicast_cntl_msgs_rcvd: 1
      unicast_cntl_msg_bytes_rcvd: 84
    }
    send {
      unicast_msgs_forwarded: 31
      unicast_msg_bytes_forwarded: 2744
      unicast_msgs_sent: 31
      unicast_msg_bytes_sent: 2744
      data_bytes_enqueued_limit: 1000000
    }
  }
}
portals {
  portal_name: "TRD2"
  portal_index: 1
  cost: 1
  proxy_receivers: 1
  receiver_topics: 1
  recalc_duration_usec: 56
  proxy_rec_recalc_duration_usec: 183
  endpoint {
    receive {
      unicast_cntl_msgs_rcvd: 31
      unicast_cntl_msg_bytes_rcvd: 2744
    }
    send {
      transport_topic_fragments_forwarded: 43
      transport_topic_fragment_bytes_forwarded: 20376
      transport_topic_fragments_sent: 43
      transport_topic_fragment_bytes_sent: 20376
      unicast_msgs_forwarded: 5
      unicast_msg_bytes_forwarded: 3172
      unicast_msgs_sent: 5
      unicast_msg_bytes_sent: 3172
      data_bytes_enqueued_limit: 1000000
    }
  }
}

Event Queue statistics received from Gateway_Portal_TRD2_event_queue at 10.29.3.105, process ID=22b49c, object ID=1f5a160, domain ID=0, sent Tue Oct 06 15:57:20 CDT 2026
	Data messages enqueued                                        : 0
	Total data messages enqueued                                  : 0
	Data messages min service time (microseconds)                 : -1
	Data messages mean service time (microseconds)                : 0
	Data messages max service time (microseconds)                 : 0
	Response messages enqueued                                    : 0
	Total response messages enqueued                              : 0
	Response messages min service time (microseconds)             : -1
	Response messages mean service time (microseconds)            : 0
	Response messages max service time (microseconds)             : 0
	Topicless immediate messages enqueued                         : 0
	Total topicless immediate messages enqueued                   : 0
	Topicless immediate messages min service time (microseconds)  : -1
	Topicless immediate messages mean service time (microseconds) : 0
	Topicless immediate messages max service time (microseconds)  : 0
	Wildcard receiver messages enqueued                           : 0
	Total wildcard receiver messages enqueued                     : 0
	Wildcard receiver messages min service time (microseconds)    : -1
	Wildcard receiver messages mean service time (microseconds)   : 0
	Wildcard receiver messages max service time (microseconds)    : 0
	I/O events enqueued                                           : 0
	Total I/O events enqueued                                     : 0
	I/O events min service time (microseconds)                    : -1
	I/O events mean service time (microseconds)                   : 0
	I/O events max service time (microseconds)                    : 0
	Timer events enqueued                                         : 0
	Total timer events enqueued                                   : 0
	Timer events min service time (microseconds)                  : -1
	Timer events mean service time (microseconds)                 : 0
	Timer events max service time (microseconds)                  : 0
	Source events enqueued                                        : 0
	Total source events enqueued                                  : 0
	Source events min service time (microseconds)                 : -1
	Source events mean service time (microseconds)                : 0
	Source events max service time (microseconds)                 : 0
	Unblock events enqueued                                       : 0
	Total unblock events enqueued                                 : 0
	Cancel events enqueued                                        : 0
	Total cancel events enqueued                                  : 0
	Cancel events min service time (microseconds)                 : -1
	Cancel events mean service time (microseconds)                : 0
	Cancel events max service time (microseconds)                 : 0
	Callback events enqueued                                      : 0
	Total callback events enqueued                                : 0
	Callback events min service time (microseconds)               : -1
	Callback events mean service time (microseconds)              : 0
	Callback events max service time (microseconds)               : 0
	Context source events enqueued                                : 0
	Total context source events enqueued                          : 0
	Context source events min service time (microseconds)         : -1
	Context source events mean service time (microseconds)        : 0
	Context source events max service time (microseconds)         : 0
	Events currently enqueued                                     : 0
	Total events enqueued                                         : 0
	Minimum age of events enqueued (microseconds)                 : -1
	Mean age of events enqueued (microseconds)                    : 0
	Max age of events enqueued (microseconds)                     : 0

Event Queue statistics received from Gateway_Portal_TRD1_event_queue at 10.29.3.105, process ID=22b49c, object ID=1e1d3f0, domain ID=0, sent Tue Oct 06 15:57:20 CDT 2026
	Data messages enqueued                                        : 0
	Total data messages enqueued                                  : 0
	Data messages min service time (microseconds)                 : -1
	Data messages mean service time (microseconds)                : 0
	Data messages max service time (microseconds)                 : 0
	Response messages enqueued                                    : 0
	Total response messages enqueued                              : 0
	Response messages min service time (microseconds)             : -1
	Response messages mean service time (microseconds)            : 0
	Response messages max service time (microseconds)             : 0
	Topicless immediate messages enqueued                         : 0
	Total topicless immediate messages enqueued                   : 0
	Topicless immediate messages min service time (microseconds)  : -1
	Topicless immediate messages mean service time (microseconds) : 0
	Topicless immediate messages max service time (microseconds)  : 0
	Wildcard receiver messages enqueued                           : 0
	Total wildcard receiver messages enqueued                     : 0
	Wildcard receiver messages min service time (microseconds)    : -1
	Wildcard receiver messages mean service time (microseconds)   : 0
	Wildcard receiver messages max service time (microseconds)    : 0
	I/O events enqueued                                           : 0
	Total I/O events enqueued                                     : 0
	I/O events min service time (microseconds)                    : -1
	I/O events mean service time (microseconds)                   : 0
	I/O events max service time (microseconds)                    : 0
	Timer events enqueued                                         : 0
	Total timer events enqueued                                   : 0
	Timer events min service time (microseconds)                  : -1
	Timer events mean service time (microseconds)                 : 0
	Timer events max service time (microseconds)                  : 0
	Source events enqueued                                        : 0
	Total source events enqueued                                  : 0
	Source events min service time (microseconds)                 : -1
	Source events mean service time (microseconds)                : 0
	Source events max service time (microseconds)                 : 0
	Unblock events enqueued                                       : 0
	Total unblock events enqueued                                 : 0
	Cancel events enqueued                                        : 0
	Total cancel events enqueued                                  : 0
	Cancel events min service time (microseconds)                 : -1
	Cancel events mean service time (microseconds)                : 0
	Cancel events max service time (microseconds)                 : 0
	Callback events enqueued                                      : 0
	Total callback events enqueued                                : 0
	Callback events min service time (microseconds)               : -1
	Callback events mean service time (microseconds)              : 0
	Callback events max service time (microseconds)               : 0
	Context source events enqueued                                : 0
	Total context source events enqueued                          : 0
	Context source events min service time (microseconds)         : -1
	Context source events mean service time (microseconds)        : 0
	Context source events max service time (microseconds)         : 0
	Events currently enqueued                                     : 0
	Total events enqueued                                         : 0
	Minimum age of events enqueued (microseconds)                 : -1
	Mean age of events enqueued (microseconds)                    : 0
	Max age of events enqueued (microseconds)                     : 0

Context statistics received from Gateway_Portal_TRD2_src_ctx at 10.29.3.105, process ID=22b49c, object ID=1e266e0, context instance=df13daf3f0e6045a, domain ID=2, sent Tue Oct 06 15:57:20 CDT 2026
	Topic resolution datagrams sent                    : 158
	Topic resolution datagram bytes sent               : 15975
	Topic resolution datagrams received                : 280
	Topic resolution datagram bytes received           : 21632
	Topic resolution datagrams dropped version         : 0
	Topic resolution datagrams dropped type            : 0
	Topic resolution datagrams dropped malformed       : 0
	Topic resolution datagrams send failed             : 0
	Topic resolution source topics                     : 0
	Topic resolution receiver topics                   : 0
	Topic resolution unresolved receiver topics        : 0
	LBT-RM unknown datagrams received                  : 0
	LBT-RU unknown datagrams received                  : 0
	LBM send calls which blocked                       : 0
	LBM send calls which returned EWOULDBLOCK          : 0
	LBM response calls which blocked                   : 0
	LBM response calls which returned EWOULDBLOCK      : 0
	Number of duplicate UIM messages dropped           : 0
	Number of UIM messages received without stream info: 0
	Number of data message fragments lost              : 0
	Number of data message fragments unrecoverably lost: 0
	Receiver callbacks min service time (microseconds) : -1
	Receiver callbacks max service time (microseconds) : 0
	Receiver callbacks mean service time (microseconds): 0

IM source statistics received from Gateway_Portal_TRD2_src_ctx at 10.29.3.105, process ID=22b49c, object ID=1e266e0, context instance=df13daf3f0e6045a, domain ID=2, sent Tue Oct 06 15:57:20 CDT 2026
Source: LBTRM:10.29.4.105:14391:12265df3:224.10.10.21:14401[4294967295]
Transport: LBT-RM
	LBT-RM datagrams sent                                 : 0
	LBT-RM datagrams bytes sent                           : 0
	LBT-RM datagrams in transmission window               : 0
	LBT-RM datagram bytes in transmission window          : 0
	LBT-RM NAK packets received                           : 0
	LBT-RM NAKs received                                  : 0
	LBT-RM NAKs ignored                                   : 0
	LBT-RM NAKs shed                                      : 0
	LBT-RM NAKs ignored (retransmit delay)                : 0
	LBT-RM retransmission datagrams sent                  : 0
	LBT-RM retransmission datagram bytes sent             : 0
	LBT-RM datagrams queued by rate control               : 0
	LBT-RM retransmission datagrams queued by rate control: 0

Context statistics received from Gateway_Portal_TRD2_rcv_ctx at 10.29.3.105, process ID=22b49c, object ID=1ea7800, context instance=6564a4167c753958, domain ID=2, sent Tue Oct 06 15:57:20 CDT 2026
	Topic resolution datagrams sent                    : 56
	Topic resolution datagram bytes sent               : 2555
	Topic resolution datagrams received                : 280
	Topic resolution datagram bytes received           : 21632
	Topic resolution datagrams dropped version         : 0
	Topic resolution datagrams dropped type            : 0
	Topic resolution datagrams dropped malformed       : 0
	Topic resolution datagrams send failed             : 0
	Topic resolution source topics                     : 0
	Topic resolution receiver topics                   : 1
	Topic resolution unresolved receiver topics        : 1
	LBT-RM unknown datagrams received                  : 0
	LBT-RU unknown datagrams received                  : 0
	LBM send calls which blocked                       : 0
	LBM send calls which returned EWOULDBLOCK          : 0
	LBM response calls which blocked                   : 0
	LBM response calls which returned EWOULDBLOCK      : 0
	Number of duplicate UIM messages dropped           : 0
	Number of UIM messages received without stream info: 0
	Number of data message fragments lost              : 0
	Number of data message fragments unrecoverably lost: 0
	Receiver callbacks min service time (microseconds) : -1
	Receiver callbacks max service time (microseconds) : 0
	Receiver callbacks mean service time (microseconds): 0

Context statistics received from Gateway_Portal_TRD1_src_ctx at 10.29.3.105, process ID=22b49c, object ID=1bfda50, context instance=afc3a72ab4a0190e, domain ID=1, sent Tue Oct 06 15:57:20 CDT 2026
	Topic resolution datagrams sent                    : 0
	Topic resolution datagram bytes sent               : 0
	Topic resolution datagrams received                : 0
	Topic resolution datagram bytes received           : 0
	Topic resolution datagrams dropped version         : 0
	Topic resolution datagrams dropped type            : 0
	Topic resolution datagrams dropped malformed       : 0
	Topic resolution datagrams send failed             : 0
	Topic resolution source topics                     : 0
	Topic resolution receiver topics                   : 0
	Topic resolution unresolved receiver topics        : 0
	LBT-RM unknown datagrams received                  : 0
	LBT-RU unknown datagrams received                  : 0
	LBM send calls which blocked                       : 0
	LBM send calls which returned EWOULDBLOCK          : 0
	LBM response calls which blocked                   : 0
	LBM response calls which returned EWOULDBLOCK      : 0
	Number of duplicate UIM messages dropped           : 0
	Number of UIM messages received without stream info: 0
	Number of data message fragments lost              : 0
	Number of data message fragments unrecoverably lost: 0
	Receiver callbacks min service time (microseconds) : -1
	Receiver callbacks max service time (microseconds) : 0
	Receiver callbacks mean service time (microseconds): 0

IM source statistics received from Gateway_Portal_TRD1_src_ctx at 10.29.3.105, process ID=22b49c, object ID=1bfda50, context instance=afc3a72ab4a0190e, domain ID=1, sent Tue Oct 06 15:57:20 CDT 2026
Source: LBTRM:10.29.4.105:14390:9dd2ec8f:224.10.10.21:14401[4294967295]
Transport: LBT-RM
	LBT-RM datagrams sent                                 : 0
	LBT-RM datagrams bytes sent                           : 0
	LBT-RM datagrams in transmission window               : 0
	LBT-RM datagram bytes in transmission window          : 0
	LBT-RM NAK packets received                           : 0
	LBT-RM NAKs received                                  : 0
	LBT-RM NAKs ignored                                   : 0
	LBT-RM NAKs shed                                      : 0
	LBT-RM NAKs ignored (retransmit delay)                : 0
	LBT-RM retransmission datagrams sent                  : 0
	LBT-RM retransmission datagram bytes sent             : 0
	LBT-RM datagrams queued by rate control               : 0
	LBT-RM retransmission datagrams queued by rate control: 0

Context statistics received from Gateway_Portal_TRD1_rcv_ctx at 10.29.3.105, process ID=22b49c, object ID=1cf49c0, context instance=8bee4fdb11d451f2, domain ID=1, sent Tue Oct 06 15:57:20 CDT 2026
	Topic resolution datagrams sent                    : 0
	Topic resolution datagram bytes sent               : 0
	Topic resolution datagrams received                : 0
	Topic resolution datagram bytes received           : 0
	Topic resolution datagrams dropped version         : 0
	Topic resolution datagrams dropped type            : 0
	Topic resolution datagrams dropped malformed       : 0
	Topic resolution datagrams send failed             : 0
	Topic resolution source topics                     : 0
	Topic resolution receiver topics                   : 1
	Topic resolution unresolved receiver topics        : 1
	LBT-RM unknown datagrams received                  : 0
	LBT-RU unknown datagrams received                  : 0
	LBM send calls which blocked                       : 0
	LBM send calls which returned EWOULDBLOCK          : 0
	LBM response calls which blocked                   : 0
	LBM response calls which returned EWOULDBLOCK      : 0
	Number of duplicate UIM messages dropped           : 0
	Number of UIM messages received without stream info: 0
	Number of data message fragments lost              : 0
	Number of data message fragments unrecoverably lost: 0
	Receiver callbacks min service time (microseconds) : -1
	Receiver callbacks max service time (microseconds) : 0
	Receiver callbacks mean service time (microseconds): 0

Event Queue statistics received from umercv at 10.29.3.105, process ID=22b4f6, object ID=1e43c80, domain ID=0, sent Tue Oct 06 15:57:22 CDT 2026
	Data messages enqueued                                        : 0
	Total data messages enqueued                                  : 34
	Data messages min service time (microseconds)                 : -1
	Data messages mean service time (microseconds)                : 0
	Data messages max service time (microseconds)                 : 0
	Response messages enqueued                                    : 0
	Total response messages enqueued                              : 0
	Response messages min service time (microseconds)             : -1
	Response messages mean service time (microseconds)            : 0
	Response messages max service time (microseconds)             : 0
	Topicless immediate messages enqueued                         : 0
	Total topicless immediate messages enqueued                   : 0
	Topicless immediate messages min service time (microseconds)  : -1
	Topicless immediate messages mean service time (microseconds) : 0
	Topicless immediate messages max service time (microseconds)  : 0
	Wildcard receiver messages enqueued                           : 0
	Total wildcard receiver messages enqueued                     : 0
	Wildcard receiver messages min service time (microseconds)    : -1
	Wildcard receiver messages mean service time (microseconds)   : 0
	Wildcard receiver messages max service time (microseconds)    : 0
	I/O events enqueued                                           : 0
	Total I/O events enqueued                                     : 0
	I/O events min service time (microseconds)                    : -1
	I/O events mean service time (microseconds)                   : 0
	I/O events max service time (microseconds)                    : 0
	Timer events enqueued                                         : 0
	Total timer events enqueued                                   : 0
	Timer events min service time (microseconds)                  : -1
	Timer events mean service time (microseconds)                 : 0
	Timer events max service time (microseconds)                  : 0
	Source events enqueued                                        : 0
	Total source events enqueued                                  : 0
	Source events min service time (microseconds)                 : -1
	Source events mean service time (microseconds)                : 0
	Source events max service time (microseconds)                 : 0
	Unblock events enqueued                                       : 0
	Total unblock events enqueued                                 : 1
	Cancel events enqueued                                        : 0
	Total cancel events enqueued                                  : 0
	Cancel events min service time (microseconds)                 : -1
	Cancel events mean service time (microseconds)                : 0
	Cancel events max service time (microseconds)                 : 0
	Callback events enqueued                                      : 0
	Total callback events enqueued                                : 0
	Callback events min service time (microseconds)               : -1
	Callback events mean service time (microseconds)              : 0
	Callback events max service time (microseconds)               : 0
	Context source events enqueued                                : 0
	Total context source events enqueued                          : 0
	Context source events min service time (microseconds)         : -1
	Context source events mean service time (microseconds)        : 0
	Context source events max service time (microseconds)         : 0
	Events currently enqueued                                     : 0
	Total events enqueued                                         : 35
	Minimum age of events enqueued (microseconds)                 : -1
	Mean age of events enqueued (microseconds)                    : 0
	Max age of events enqueued (microseconds)                     : 0

Context statistics received from umercv at 10.29.3.105, process ID=22b4f6, object ID=1ed28e0, context instance=8a3b09f8ad01e8cf, domain ID=2, sent Tue Oct 06 15:57:22 CDT 2026
	Topic resolution datagrams sent                    : 69
	Topic resolution datagram bytes sent               : 3243
	Topic resolution datagrams received                : 239
	Topic resolution datagram bytes received           : 19741
	Topic resolution datagrams dropped version         : 0
	Topic resolution datagrams dropped type            : 0
	Topic resolution datagrams dropped malformed       : 0
	Topic resolution datagrams send failed             : 0
	Topic resolution source topics                     : 0
	Topic resolution receiver topics                   : 1
	Topic resolution unresolved receiver topics        : 1
	LBT-RM unknown datagrams received                  : 0
	LBT-RU unknown datagrams received                  : 0
	LBM send calls which blocked                       : 0
	LBM send calls which returned EWOULDBLOCK          : 0
	LBM response calls which blocked                   : 0
	LBM response calls which returned EWOULDBLOCK      : 0
	Number of duplicate UIM messages dropped           : 0
	Number of UIM messages received without stream info: 0
	Number of data message fragments lost              : 2
	Number of data message fragments unrecoverably lost: 0
	Receiver callbacks min service time (microseconds) : -1
	Receiver callbacks max service time (microseconds) : 0
	Receiver callbacks mean service time (microseconds): 0

Store statistics received from store_topic1 at 10.29.3.105, process ID=22b4ba, object ID=2316550, context instance=d00c3c82816738ec, domain ID=0, sent Tue Oct 06 15:57:22 CDT 2026
ume_retx_req_rcv_count: 4
ume_retx_req_serviced_count: 4
ume_retx_stat_interval: 55
smart_heap_stat {
  poolsize: 311212224
  poolcount: 87570
  smallBlockSize: 256
  pageSize: 65504
}

Context statistics received from store_appid_topic1 at 10.29.3.105, process ID=22b4ba, object ID=2316550, context instance=d00c3c82816738ec, domain ID=1, sent Tue Oct 06 15:57:23 CDT 2026
	Topic resolution datagrams sent                    : 0
	Topic resolution datagram bytes sent               : 0
	Topic resolution datagrams received                : 0
	Topic resolution datagram bytes received           : 0
	Topic resolution datagrams dropped version         : 0
	Topic resolution datagrams dropped type            : 0
	Topic resolution datagrams dropped malformed       : 0
	Topic resolution datagrams send failed             : 0
	Topic resolution source topics                     : 0
	Topic resolution receiver topics                   : 1
	Topic resolution unresolved receiver topics        : 1
	LBT-RM unknown datagrams received                  : 0
	LBT-RU unknown datagrams received                  : 0
	LBM send calls which blocked                       : 0
	LBM send calls which returned EWOULDBLOCK          : 0
	LBM response calls which blocked                   : 0
	LBM response calls which returned EWOULDBLOCK      : 0
	Number of duplicate UIM messages dropped           : 0
	Number of UIM messages received without stream info: 0
	Number of data message fragments lost              : 0
	Number of data message fragments unrecoverably lost: 0
	Receiver callbacks min service time (microseconds) : -1
	Receiver callbacks max service time (microseconds) : 0
	Receiver callbacks mean service time (microseconds): 0

Context statistics received from store_appid_topic1 at 10.29.3.105, process ID=22b4ba, object ID=2771320, context instance=5d860c059005990e, domain ID=1, sent Tue Oct 06 15:57:23 CDT 2026
	Topic resolution datagrams sent                    : 0
	Topic resolution datagram bytes sent               : 0
	Topic resolution datagrams received                : 0
	Topic resolution datagram bytes received           : 0
	Topic resolution datagrams dropped version         : 0
	Topic resolution datagrams dropped type            : 0
	Topic resolution datagrams dropped malformed       : 0
	Topic resolution datagrams send failed             : 0
	Topic resolution source topics                     : 0
	Topic resolution receiver topics                   : 0
	Topic resolution unresolved receiver topics        : 0
	LBT-RM unknown datagrams received                  : 0
	LBT-RU unknown datagrams received                  : 0
	LBM send calls which blocked                       : 0
	LBM send calls which returned EWOULDBLOCK          : 0
	LBM response calls which blocked                   : 0
	LBM response calls which returned EWOULDBLOCK      : 0
	Number of duplicate UIM messages dropped           : 0
	Number of UIM messages received without stream info: 0
	Number of data message fragments lost              : 0
	Number of data message fragments unrecoverably lost: 0
	Receiver callbacks min service time (microseconds) : -1
	Receiver callbacks max service time (microseconds) : 0
	Receiver callbacks mean service time (microseconds): 0

SRS statistics received from srs1 at 10.29.4.105, process ID=22b42f, domain ID=0, sent Tue Oct 06 15:57:25 CDT 2026
um_client {
  um_client_info {
    ip: "10.29.4.105"
    port: 49937
    session_id: "0xaae8bdd7"
  }
  client_rtir_received_count: 2
  client_rir_sent_count: 2
  client_dir_sent_count: 1
  client_rtir_sent_count: 2
}

SRS statistics received from srs1 at 10.29.4.105, process ID=22b42f, domain ID=0, sent Tue Oct 06 15:57:25 CDT 2026
um_client {
  um_client_info {
    ip: "10.29.4.105"
    port: 47705
    session_id: "0x1f614ade"
  }
  client_rir_received_count: 1
  client_sir_sent_count: 1
  client_ser_sent_count: 1
  client_dir_sent_count: 1
  client_rtir_sent_count: 2
  client_cnir_sent_count: 1
}

SRS statistics received from srs1 at 10.29.4.105, process ID=22b42f, domain ID=0, sent Tue Oct 06 15:57:25 CDT 2026
um_client {
  um_client_info {
    ip: "10.29.4.105"
    port: 46229
    session_id: "0xc0bf9235"
  }
  client_cnir_received_count: 1
  client_dir_sent_count: 1
  client_rtir_sent_count: 2
}

SRS statistics received from srs1 at 10.29.4.105, process ID=22b42f, domain ID=0, sent Tue Oct 06 15:57:25 CDT 2026
um_client {
  um_client_info {
    ip: "10.29.4.105"
    port: 41699
    session_id: "0x85c43d1d"
  }
  client_rir_received_count: 1
  client_sir_sent_count: 1
  client_ser_sent_count: 1
  client_dir_sent_count: 1
  client_rtir_sent_count: 2
}

SRS statistics received from srs1 at 10.29.4.105, process ID=22b42f, domain ID=0, sent Tue Oct 06 15:57:25 CDT 2026
internal {
  srs_otidmap_shards: "4"
  srs_topicmap_shards: "4"
  srs_routemap_shards: "4"
  srs_namemap_shards: "4"
}

SRS statistics received from srs1 at 10.29.4.105, process ID=22b42f, domain ID=0, sent Tue Oct 06 15:57:25 CDT 2026
srs {
  clients_next_client_id: 6
  active_clients_count: 4
  clients_connects_count: 5
  clients_disconnects_count: 1
  clients_max_concurrent_connections_count: 5
  clients_active_rir_count: 2
  clients_active_cnir_count: 1
  clients_active_dir_count: 2
  clients_active_rtir_count: 1
}

SRS statistics received from srs1 at 10.29.4.105, process ID=22b42f, domain ID=0, sent Tue Oct 06 15:57:25 CDT 2026
version: "1.0"
daemon_log_type: "console"
daemon_log_frequency: "disable"
daemon_log_size: "10"
daemon_log_max_history: "10"
daemon_log_total_size_cap: "1000"
daemon_log_compression: "none"
daemon_pid_file: "srs.pid"
srs_interface: "10.29.4.105"
srs_port: "12601"
srs_source_state_lifetime: "86400"
srs_interest_state_lifetime: "86400"
srs_route_state_lifetime: "30"
srs_context_name_state_lifetime: "86400"
srs_source_leave_backoff: "500"
srs_clientactor_request_stream_max_msg_count: "1000"
srs_clientactor_record_queue_service_interval: "10"
srs_clientactor_batch_frame_max_record_count: "50"
srs_clientactor_batch_frame_max_datagram_size: "8192"
srs_application_id: "srs1"
debug_monitor_interface: "localhost"
debug_monitor_port: "27001"
debug_monitor_enabled: "false"
debug_monitor_ping_interval: "60000"
daemon_monitor_topic: "/29west/statistics"
daemon_monitor_ping_interval: "5000"
daemon_monitor_publishing_interval_default: "5000"
daemon_monitor_publishing_interval_srs_stats: "5000"
daemon_monitor_publishing_interval_um_client_stats: "5000"
daemon_monitor_publishing_interval_connection_events: "5000"
daemon_monitor_publishing_interval_srs_error_stats: "5000"
daemon_monitor_publishing_interval_um_client_error_stats: "5000"
daemon_monitor_publishing_interval_config_opts: "5000"
daemon_monitor_publishing_interval_internal_config_opts: "5000"
daemon_monitor_publish_connection_events_allow: "false"
daemon_monitor_remote_snapshot_request_allow: "false"
daemon_monitor_remote_config_changes_request_allow: "false"
daemon_monitor_monitor_format: "pb"
daemon_monitor_lbm_attributes {
  scope: "context"
  name: "default_interface"
  value: "10.29.3.0/24"
}
daemon_monitor_lbm_attributes {
  scope: "context"
  name: "mim_incoming_address"
  value: "0.0.0.0"
}
daemon_monitor_lbm_attributes {
  scope: "context"
  name: "request_tcp_interface"
  value: "10.29.3.0/24"
}
daemon_monitor_lbm_attributes {
  scope: "context"
  name: "request_tcp_reuseaddr"
  value: "1"
}
daemon_monitor_lbm_attributes {
  scope: "context"
  name: "resolver_disable_udp_topic_resolution"
  value: "0"
}
daemon_monitor_lbm_attributes {
  scope: "context"
  name: "resolver_service"
  value: "0.0.0.0:0"
}
daemon_monitor_lbm_attributes {
  scope: "context"
  name: "resolver_unicast_daemon"
  value: "0.0.0.0:0,10.29.3.105:12801"
}
daemon_monitor_lbm_attributes {
  scope: "context"
  name: "resolver_unicast_port_high"
  value: "12809"
}
daemon_monitor_lbm_attributes {
  scope: "context"
  name: "resolver_unicast_port_low"
  value: "12802"
}
daemon_monitor_lbm_attributes {
  scope: "source"
  name: "transport"
  value: "tcp"
}

SRS statistics received from srs1 at 10.29.4.105, process ID=22b42f, domain ID=0, sent Tue Oct 06 15:57:25 CDT 2026
um_client_error {
  um_client_info {
    ip: "10.29.4.105"
    port: 49937
    session_id: "0xaae8bdd7"
  }
}

SRS statistics received from srs1 at 10.29.4.105, process ID=22b42f, domain ID=0, sent Tue Oct 06 15:57:25 CDT 2026
um_client_error {
  um_client_info {
    ip: "10.29.4.105"
    port: 47705
    session_id: "0x1f614ade"
  }
}

SRS statistics received from srs1 at 10.29.4.105, process ID=22b42f, domain ID=0, sent Tue Oct 06 15:57:25 CDT 2026
um_client_error {
  um_client_info {
    ip: "10.29.4.105"
    port: 46229
    session_id: "0xc0bf9235"
  }
}

SRS statistics received from srs1 at 10.29.4.105, process ID=22b42f, domain ID=0, sent Tue Oct 06 15:57:25 CDT 2026
um_client_error {
  um_client_info {
    ip: "10.29.4.105"
    port: 41699
    session_id: "0x85c43d1d"
  }
}

Gateway statistics received from dro1 at 10.29.3.105, process ID=22b49c, object ID=1b54c30, domain ID=0, sent Tue Oct 06 15:57:25 CDT 2026
local {
  gateway_name: "dro1"
  gateway_id: 17080559106476924158
  version: 2
  topology_signature: 4145639977
  recalc_duration_usec: 56
  graph_version: 2
  gateway_count: 1
  trd_count: 2
  malloc_info {
    arena: 37806080
    ordblks: 110
    hblks: 27
    hblkhd: 24506368
    uordblks: 22426576
    fordblks: 15379504
  }
}
portals {
  portal_name: "TRD1"
  cost: 1
  proxy_receivers: 1
  receiver_topics: 1
  recalc_duration_usec: 56
  proxy_rec_recalc_duration_usec: 132
  endpoint {
    receive {
      transport_topic_fragments_rcvd: 27
      transport_topic_fragment_bytes_rcvd: 19224
      transport_topic_control_rcvd: 16
      transport_topic_control_bytes_rcvd: 1152
      unicast_data_msgs_rcvd: 4
      unicast_data_msg_bytes_rcvd: 3088
      unicast_cntl_msgs_rcvd: 1
      unicast_cntl_msg_bytes_rcvd: 84
    }
    send {
      unicast_msgs_forwarded: 31
      unicast_msg_bytes_forwarded: 2744
      unicast_msgs_sent: 31
      unicast_msg_bytes_sent: 2744
      data_bytes_enqueued_limit: 1000000
    }
  }
}
portals {
  portal_name: "TRD2"
  portal_index: 1
  cost: 1
  proxy_receivers: 1
  receiver_topics: 1
  recalc_duration_usec: 56
  proxy_rec_recalc_duration_usec: 183
  endpoint {
    receive {
      unicast_cntl_msgs_rcvd: 31
      unicast_cntl_msg_bytes_rcvd: 2744
    }
    send {
      transport_topic_fragments_forwarded: 43
      transport_topic_fragment_bytes_forwarded: 20376
      transport_topic_fragments_sent: 43
      transport_topic_fragment_bytes_sent: 20376
      unicast_msgs_forwarded: 5
      unicast_msg_bytes_forwarded: 3172
      unicast_msgs_sent: 5
      unicast_msg_bytes_sent: 3172
      data_bytes_enqueued_limit: 1000000
    }
  }
}

Event Queue statistics received from Gateway_Portal_TRD1_event_queue at 10.29.3.105, process ID=22b49c, object ID=1e1d3f0, domain ID=0, sent Tue Oct 06 15:57:25 CDT 2026
	Data messages enqueued                                        : 0
	Total data messages enqueued                                  : 0
	Data messages min service time (microseconds)                 : -1
	Data messages mean service time (microseconds)                : 0
	Data messages max service time (microseconds)                 : 0
	Response messages enqueued                                    : 0
	Total response messages enqueued                              : 0
	Response messages min service time (microseconds)             : -1
	Response messages mean service time (microseconds)            : 0
	Response messages max service time (microseconds)             : 0
	Topicless immediate messages enqueued                         : 0
	Total topicless immediate messages enqueued                   : 0
	Topicless immediate messages min service time (microseconds)  : -1
	Topicless immediate messages mean service time (microseconds) : 0
	Topicless immediate messages max service time (microseconds)  : 0
	Wildcard receiver messages enqueued                           : 0
	Total wildcard receiver messages enqueued                     : 0
	Wildcard receiver messages min service time (microseconds)    : -1
	Wildcard receiver messages mean service time (microseconds)   : 0
	Wildcard receiver messages max service time (microseconds)    : 0
	I/O events enqueued                                           : 0
	Total I/O events enqueued                                     : 0
	I/O events min service time (microseconds)                    : -1
	I/O events mean service time (microseconds)                   : 0
	I/O events max service time (microseconds)                    : 0
	Timer events enqueued                                         : 0
	Total timer events enqueued                                   : 0
	Timer events min service time (microseconds)                  : -1
	Timer events mean service time (microseconds)                 : 0
	Timer events max service time (microseconds)                  : 0
	Source events enqueued                                        : 0
	Total source events enqueued                                  : 0
	Source events min service time (microseconds)                 : -1
	Source events mean service time (microseconds)                : 0
	Source events max service time (microseconds)                 : 0
	Unblock events enqueued                                       : 0
	Total unblock events enqueued                                 : 0
	Cancel events enqueued                                        : 0
	Total cancel events enqueued                                  : 0
	Cancel events min service time (microseconds)                 : -1
	Cancel events mean service time (microseconds)                : 0
	Cancel events max service time (microseconds)                 : 0
	Callback events enqueued                                      : 0
	Total callback events enqueued                                : 0
	Callback events min service time (microseconds)               : -1
	Callback events mean service time (microseconds)              : 0
	Callback events max service time (microseconds)               : 0
	Context source events enqueued                                : 0
	Total context source events enqueued                          : 0
	Context source events min service time (microseconds)         : -1
	Context source events mean service time (microseconds)        : 0
	Context source events max service time (microseconds)         : 0
	Events currently enqueued                                     : 0
	Total events enqueued                                         : 0
	Minimum age of events enqueued (microseconds)                 : -1
	Mean age of events enqueued (microseconds)                    : 0
	Max age of events enqueued (microseconds)                     : 0

Event Queue statistics received from Gateway_Portal_TRD2_event_queue at 10.29.3.105, process ID=22b49c, object ID=1f5a160, domain ID=0, sent Tue Oct 06 15:57:25 CDT 2026
	Data messages enqueued                                        : 0
	Total data messages enqueued                                  : 0
	Data messages min service time (microseconds)                 : -1
	Data messages mean service time (microseconds)                : 0
	Data messages max service time (microseconds)                 : 0
	Response messages enqueued                                    : 0
	Total response messages enqueued                              : 0
	Response messages min service time (microseconds)             : -1
	Response messages mean service time (microseconds)            : 0
	Response messages max service time (microseconds)             : 0
	Topicless immediate messages enqueued                         : 0
	Total topicless immediate messages enqueued                   : 0
	Topicless immediate messages min service time (microseconds)  : -1
	Topicless immediate messages mean service time (microseconds) : 0
	Topicless immediate messages max service time (microseconds)  : 0
	Wildcard receiver messages enqueued                           : 0
	Total wildcard receiver messages enqueued                     : 0
	Wildcard receiver messages min service time (microseconds)    : -1
	Wildcard receiver messages mean service time (microseconds)   : 0
	Wildcard receiver messages max service time (microseconds)    : 0
	I/O events enqueued                                           : 0
	Total I/O events enqueued                                     : 0
	I/O events min service time (microseconds)                    : -1
	I/O events mean service time (microseconds)                   : 0
	I/O events max service time (microseconds)                    : 0
	Timer events enqueued                                         : 0
	Total timer events enqueued                                   : 0
	Timer events min service time (microseconds)                  : -1
	Timer events mean service time (microseconds)                 : 0
	Timer events max service time (microseconds)                  : 0
	Source events enqueued                                        : 0
	Total source events enqueued                                  : 0
	Source events min service time (microseconds)                 : -1
	Source events mean service time (microseconds)                : 0
	Source events max service time (microseconds)                 : 0
	Unblock events enqueued                                       : 0
	Total unblock events enqueued                                 : 0
	Cancel events enqueued                                        : 0
	Total cancel events enqueued                                  : 0
	Cancel events min service time (microseconds)                 : -1
	Cancel events mean service time (microseconds)                : 0
	Cancel events max service time (microseconds)                 : 0
	Callback events enqueued                                      : 0
	Total callback events enqueued                                : 0
	Callback events min service time (microseconds)               : -1
	Callback events mean service time (microseconds)              : 0
	Callback events max service time (microseconds)               : 0
	Context source events enqueued                                : 0
	Total context source events enqueued                          : 0
	Context source events min service time (microseconds)         : -1
	Context source events mean service time (microseconds)        : 0
	Context source events max service time (microseconds)         : 0
	Events currently enqueued                                     : 0
	Total events enqueued                                         : 0
	Minimum age of events enqueued (microseconds)                 : -1
	Mean age of events enqueued (microseconds)                    : 0
	Max age of events enqueued (microseconds)                     : 0

Context statistics received from Gateway_Portal_TRD1_src_ctx at 10.29.3.105, process ID=22b49c, object ID=1bfda50, context instance=afc3a72ab4a0190e, domain ID=1, sent Tue Oct 06 15:57:25 CDT 2026
	Topic resolution datagrams sent                    : 0
	Topic resolution datagram bytes sent               : 0
	Topic resolution datagrams received                : 0
	Topic resolution datagram bytes received           : 0
	Topic resolution datagrams dropped version         : 0
	Topic resolution datagrams dropped type            : 0
	Topic resolution datagrams dropped malformed       : 0
	Topic resolution datagrams send failed             : 0
	Topic resolution source topics                     : 0
	Topic resolution receiver topics                   : 0
	Topic resolution unresolved receiver topics        : 0
	LBT-RM unknown datagrams received                  : 0
	LBT-RU unknown datagrams received                  : 0
	LBM send calls which blocked                       : 0
	LBM send calls which returned EWOULDBLOCK          : 0
	LBM response calls which blocked                   : 0
	LBM response calls which returned EWOULDBLOCK      : 0
	Number of duplicate UIM messages dropped           : 0
	Number of UIM messages received without stream info: 0
	Number of data message fragments lost              : 0
	Number of data message fragments unrecoverably lost: 0
	Receiver callbacks min service time (microseconds) : -1
	Receiver callbacks max service time (microseconds) : 0
	Receiver callbacks mean service time (microseconds): 0

IM source statistics received from Gateway_Portal_TRD1_src_ctx at 10.29.3.105, process ID=22b49c, object ID=1bfda50, context instance=afc3a72ab4a0190e, domain ID=1, sent Tue Oct 06 15:57:25 CDT 2026
Source: LBTRM:10.29.4.105:14390:9dd2ec8f:224.10.10.21:14401[4294967295]
Transport: LBT-RM
	LBT-RM datagrams sent                                 : 0
	LBT-RM datagrams bytes sent                           : 0
	LBT-RM datagrams in transmission window               : 0
	LBT-RM datagram bytes in transmission window          : 0
	LBT-RM NAK packets received                           : 0
	LBT-RM NAKs received                                  : 0
	LBT-RM NAKs ignored                                   : 0
	LBT-RM NAKs shed                                      : 0
	LBT-RM NAKs ignored (retransmit delay)                : 0
	LBT-RM retransmission datagrams sent                  : 0
	LBT-RM retransmission datagram bytes sent             : 0
	LBT-RM datagrams queued by rate control               : 0
	LBT-RM retransmission datagrams queued by rate control: 0

Context statistics received from Gateway_Portal_TRD1_rcv_ctx at 10.29.3.105, process ID=22b49c, object ID=1cf49c0, context instance=8bee4fdb11d451f2, domain ID=1, sent Tue Oct 06 15:57:25 CDT 2026
	Topic resolution datagrams sent                    : 0
	Topic resolution datagram bytes sent               : 0
	Topic resolution datagrams received                : 0
	Topic resolution datagram bytes received           : 0
	Topic resolution datagrams dropped version         : 0
	Topic resolution datagrams dropped type            : 0
	Topic resolution datagrams dropped malformed       : 0
	Topic resolution datagrams send failed             : 0
	Topic resolution source topics                     : 0
	Topic resolution receiver topics                   : 1
	Topic resolution unresolved receiver topics        : 1
	LBT-RM unknown datagrams received                  : 0
	LBT-RU unknown datagrams received                  : 0
	LBM send calls which blocked                       : 0
	LBM send calls which returned EWOULDBLOCK          : 0
	LBM response calls which blocked                   : 0
	LBM response calls which returned EWOULDBLOCK      : 0
	Number of duplicate UIM messages dropped           : 0
	Number of UIM messages received without stream info: 0
	Number of data message fragments lost              : 0
	Number of data message fragments unrecoverably lost: 0
	Receiver callbacks min service time (microseconds) : -1
	Receiver callbacks max service time (microseconds) : 0
	Receiver callbacks mean service time (microseconds): 0

Context statistics received from Gateway_Portal_TRD2_src_ctx at 10.29.3.105, process ID=22b49c, object ID=1e266e0, context instance=df13daf3f0e6045a, domain ID=2, sent Tue Oct 06 15:57:25 CDT 2026
	Topic resolution datagrams sent                    : 164
	Topic resolution datagram bytes sent               : 16398
	Topic resolution datagrams received                : 296
	Topic resolution datagram bytes received           : 22525
	Topic resolution datagrams dropped version         : 0
	Topic resolution datagrams dropped type            : 0
	Topic resolution datagrams dropped malformed       : 0
	Topic resolution datagrams send failed             : 0
	Topic resolution source topics                     : 0
	Topic resolution receiver topics                   : 0
	Topic resolution unresolved receiver topics        : 0
	LBT-RM unknown datagrams received                  : 0
	LBT-RU unknown datagrams received                  : 0
	LBM send calls which blocked                       : 0
	LBM send calls which returned EWOULDBLOCK          : 0
	LBM response calls which blocked                   : 0
	LBM response calls which returned EWOULDBLOCK      : 0
	Number of duplicate UIM messages dropped           : 0
	Number of UIM messages received without stream info: 0
	Number of data message fragments lost              : 0
	Number of data message fragments unrecoverably lost: 0
	Receiver callbacks min service time (microseconds) : -1
	Receiver callbacks max service time (microseconds) : 0
	Receiver callbacks mean service time (microseconds): 0

IM source statistics received from Gateway_Portal_TRD2_src_ctx at 10.29.3.105, process ID=22b49c, object ID=1e266e0, context instance=df13daf3f0e6045a, domain ID=2, sent Tue Oct 06 15:57:25 CDT 2026
Source: LBTRM:10.29.4.105:14391:12265df3:224.10.10.21:14401[4294967295]
Transport: LBT-RM
	LBT-RM datagrams sent                                 : 0
	LBT-RM datagrams bytes sent                           : 0
	LBT-RM datagrams in transmission window               : 0
	LBT-RM datagram bytes in transmission window          : 0
	LBT-RM NAK packets received                           : 0
	LBT-RM NAKs received                                  : 0
	LBT-RM NAKs ignored                                   : 0
	LBT-RM NAKs shed                                      : 0
	LBT-RM NAKs ignored (retransmit delay)                : 0
	LBT-RM retransmission datagrams sent                  : 0
	LBT-RM retransmission datagram bytes sent             : 0
	LBT-RM datagrams queued by rate control               : 0
	LBT-RM retransmission datagrams queued by rate control: 0

Context statistics received from Gateway_Portal_TRD2_rcv_ctx at 10.29.3.105, process ID=22b49c, object ID=1ea7800, context instance=6564a4167c753958, domain ID=2, sent Tue Oct 06 15:57:25 CDT 2026
	Topic resolution datagrams sent                    : 60
	Topic resolution datagram bytes sent               : 2743
	Topic resolution datagrams received                : 296
	Topic resolution datagram bytes received           : 22525
	Topic resolution datagrams dropped version         : 0
	Topic resolution datagrams dropped type            : 0
	Topic resolution datagrams dropped malformed       : 0
	Topic resolution datagrams send failed             : 0
	Topic resolution source topics                     : 0
	Topic resolution receiver topics                   : 1
	Topic resolution unresolved receiver topics        : 1
	LBT-RM unknown datagrams received                  : 0
	LBT-RU unknown datagrams received                  : 0
	LBM send calls which blocked                       : 0
	LBM send calls which returned EWOULDBLOCK          : 0
	LBM response calls which blocked                   : 0
	LBM response calls which returned EWOULDBLOCK      : 0
	Number of duplicate UIM messages dropped           : 0
	Number of UIM messages received without stream info: 0
	Number of data message fragments lost              : 0
	Number of data message fragments unrecoverably lost: 0
	Receiver callbacks min service time (microseconds) : -1
	Receiver callbacks max service time (microseconds) : 0
	Receiver callbacks mean service time (microseconds): 0

Event Queue statistics received from umercv at 10.29.3.105, process ID=22b4f6, object ID=1e43c80, domain ID=0, sent Tue Oct 06 15:57:27 CDT 2026
	Data messages enqueued                                        : 0
	Total data messages enqueued                                  : 34
	Data messages min service time (microseconds)                 : -1
	Data messages mean service time (microseconds)                : 0
	Data messages max service time (microseconds)                 : 0
	Response messages enqueued                                    : 0
	Total response messages enqueued                              : 0
	Response messages min service time (microseconds)             : -1
	Response messages mean service time (microseconds)            : 0
	Response messages max service time (microseconds)             : 0
	Topicless immediate messages enqueued                         : 0
	Total topicless immediate messages enqueued                   : 0
	Topicless immediate messages min service time (microseconds)  : -1
	Topicless immediate messages mean service time (microseconds) : 0
	Topicless immediate messages max service time (microseconds)  : 0
	Wildcard receiver messages enqueued                           : 0
	Total wildcard receiver messages enqueued                     : 0
	Wildcard receiver messages min service time (microseconds)    : -1
	Wildcard receiver messages mean service time (microseconds)   : 0
	Wildcard receiver messages max service time (microseconds)    : 0
	I/O events enqueued                                           : 0
	Total I/O events enqueued                                     : 0
	I/O events min service time (microseconds)                    : -1
	I/O events mean service time (microseconds)                   : 0
	I/O events max service time (microseconds)                    : 0
	Timer events enqueued                                         : 0
	Total timer events enqueued                                   : 0
	Timer events min service time (microseconds)                  : -1
	Timer events mean service time (microseconds)                 : 0
	Timer events max service time (microseconds)                  : 0
	Source events enqueued                                        : 0
	Total source events enqueued                                  : 0
	Source events min service time (microseconds)                 : -1
	Source events mean service time (microseconds)                : 0
	Source events max service time (microseconds)                 : 0
	Unblock events enqueued                                       : 0
	Total unblock events enqueued                                 : 1
	Cancel events enqueued                                        : 0
	Total cancel events enqueued                                  : 0
	Cancel events min service time (microseconds)                 : -1
	Cancel events mean service time (microseconds)                : 0
	Cancel events max service time (microseconds)                 : 0
	Callback events enqueued                                      : 0
	Total callback events enqueued                                : 0
	Callback events min service time (microseconds)               : -1
	Callback events mean service time (microseconds)              : 0
	Callback events max service time (microseconds)               : 0
	Context source events enqueued                                : 0
	Total context source events enqueued                          : 0
	Context source events min service time (microseconds)         : -1
	Context source events mean service time (microseconds)        : 0
	Context source events max service time (microseconds)         : 0
	Events currently enqueued                                     : 0
	Total events enqueued                                         : 35
	Minimum age of events enqueued (microseconds)                 : -1
	Mean age of events enqueued (microseconds)                    : 0
	Max age of events enqueued (microseconds)                     : 0

Context statistics received from umercv at 10.29.3.105, process ID=22b4f6, object ID=1ed28e0, context instance=8a3b09f8ad01e8cf, domain ID=2, sent Tue Oct 06 15:57:27 CDT 2026
	Topic resolution datagrams sent                    : 74
	Topic resolution datagram bytes sent               : 3478
	Topic resolution datagrams received                : 253
	Topic resolution datagram bytes received           : 20444
	Topic resolution datagrams dropped version         : 0
	Topic resolution datagrams dropped type            : 0
	Topic resolution datagrams dropped malformed       : 0
	Topic resolution datagrams send failed             : 0
	Topic resolution source topics                     : 0
	Topic resolution receiver topics                   : 1
	Topic resolution unresolved receiver topics        : 1
	LBT-RM unknown datagrams received                  : 0
	LBT-RU unknown datagrams received                  : 0
	LBM send calls which blocked                       : 0
	LBM send calls which returned EWOULDBLOCK          : 0
	LBM response calls which blocked                   : 0
	LBM response calls which returned EWOULDBLOCK      : 0
	Number of duplicate UIM messages dropped           : 0
	Number of UIM messages received without stream info: 0
	Number of data message fragments lost              : 2
	Number of data message fragments unrecoverably lost: 0
	Receiver callbacks min service time (microseconds) : -1
	Receiver callbacks max service time (microseconds) : 0
	Receiver callbacks mean service time (microseconds): 0

Store statistics received from store_topic1 at 10.29.3.105, process ID=22b4ba, object ID=2316550, context instance=d00c3c82816738ec, domain ID=0, sent Tue Oct 06 15:57:27 CDT 2026
ume_retx_req_rcv_count: 4
ume_retx_req_serviced_count: 4
ume_retx_stat_interval: 60
smart_heap_stat {
  poolsize: 311212224
  poolcount: 87570
  smallBlockSize: 256
  pageSize: 65504
}

Context statistics received from store_appid_topic1 at 10.29.3.105, process ID=22b4ba, object ID=2316550, context instance=d00c3c82816738ec, domain ID=1, sent Tue Oct 06 15:57:27 CDT 2026
	Topic resolution datagrams sent                    : 0
	Topic resolution datagram bytes sent               : 0
	Topic resolution datagrams received                : 0
	Topic resolution datagram bytes received           : 0
	Topic resolution datagrams dropped version         : 0
	Topic resolution datagrams dropped type            : 0
	Topic resolution datagrams dropped malformed       : 0
	Topic resolution datagrams send failed             : 0
	Topic resolution source topics                     : 0
	Topic resolution receiver topics                   : 1
	Topic resolution unresolved receiver topics        : 1
	LBT-RM unknown datagrams received                  : 0
	LBT-RU unknown datagrams received                  : 0
	LBM send calls which blocked                       : 0
	LBM send calls which returned EWOULDBLOCK          : 0
	LBM response calls which blocked                   : 0
	LBM response calls which returned EWOULDBLOCK      : 0
	Number of duplicate UIM messages dropped           : 0
	Number of UIM messages received without stream info: 0
	Number of data message fragments lost              : 0
	Number of data message fragments unrecoverably lost: 0
	Receiver callbacks min service time (microseconds) : -1
	Receiver callbacks max service time (microseconds) : 0
	Receiver callbacks mean service time (microseconds): 0

Context statistics received from store_appid_topic1 at 10.29.3.105, process ID=22b4ba, object ID=2771320, context instance=5d860c059005990e, domain ID=1, sent Tue Oct 06 15:57:27 CDT 2026
	Topic resolution datagrams sent                    : 0
	Topic resolution datagram bytes sent               : 0
	Topic resolution datagrams received                : 0
	Topic resolution datagram bytes received           : 0
	Topic resolution datagrams dropped version         : 0
	Topic resolution datagrams dropped type            : 0
	Topic resolution datagrams dropped malformed       : 0
	Topic resolution datagrams send failed             : 0
	Topic resolution source topics                     : 0
	Topic resolution receiver topics                   : 0
	Topic resolution unresolved receiver topics        : 0
	LBT-RM unknown datagrams received                  : 0
	LBT-RU unknown datagrams received                  : 0
	LBM send calls which blocked                       : 0
	LBM send calls which returned EWOULDBLOCK          : 0
	LBM response calls which blocked                   : 0
	LBM response calls which returned EWOULDBLOCK      : 0
	Number of duplicate UIM messages dropped           : 0
	Number of UIM messages received without stream info: 0
	Number of data message fragments lost              : 0
	Number of data message fragments unrecoverably lost: 0
	Receiver callbacks min service time (microseconds) : -1
	Receiver callbacks max service time (microseconds) : 0
	Receiver callbacks mean service time (microseconds): 0

SRS statistics received from srs1 at 10.29.4.105, process ID=22b42f, domain ID=0, sent Tue Oct 06 15:57:30 CDT 2026
um_client {
  um_client_info {
    ip: "10.29.4.105"
    port: 49937
    session_id: "0xaae8bdd7"
  }
  client_rtir_received_count: 2
  client_rir_sent_count: 2
  client_dir_sent_count: 1
  client_rtir_sent_count: 2
}

SRS statistics received from srs1 at 10.29.4.105, process ID=22b42f, domain ID=0, sent Tue Oct 06 15:57:30 CDT 2026
um_client {
  um_client_info {
    ip: "10.29.4.105"
    port: 47705
    session_id: "0x1f614ade"
  }
  client_rir_received_count: 1
  client_sir_sent_count: 1
  client_ser_sent_count: 1
  client_dir_sent_count: 1
  client_rtir_sent_count: 2
  client_cnir_sent_count: 1
}

SRS statistics received from srs1 at 10.29.4.105, process ID=22b42f, domain ID=0, sent Tue Oct 06 15:57:30 CDT 2026
um_client {
  um_client_info {
    ip: "10.29.4.105"
    port: 46229
    session_id: "0xc0bf9235"
  }
  client_cnir_received_count: 1
  client_dir_sent_count: 1
  client_rtir_sent_count: 2
}

SRS statistics received from srs1 at 10.29.4.105, process ID=22b42f, domain ID=0, sent Tue Oct 06 15:57:30 CDT 2026
um_client {
  um_client_info {
    ip: "10.29.4.105"
    port: 41699
    session_id: "0x85c43d1d"
  }
  client_rir_received_count: 1
  client_sir_sent_count: 1
  client_ser_sent_count: 1
  client_dir_sent_count: 1
  client_rtir_sent_count: 2
}

SRS statistics received from srs1 at 10.29.4.105, process ID=22b42f, domain ID=0, sent Tue Oct 06 15:57:30 CDT 2026
internal {
  srs_otidmap_shards: "4"
  srs_topicmap_shards: "4"
  srs_routemap_shards: "4"
  srs_namemap_shards: "4"
}

SRS statistics received from srs1 at 10.29.4.105, process ID=22b42f, domain ID=0, sent Tue Oct 06 15:57:30 CDT 2026
srs {
  clients_next_client_id: 6
  active_clients_count: 4
  clients_connects_count: 5
  clients_disconnects_count: 1
  clients_max_concurrent_connections_count: 5
  clients_active_rir_count: 2
  clients_active_cnir_count: 1
  clients_active_dir_count: 2
  clients_active_rtir_count: 1
}

SRS statistics received from srs1 at 10.29.4.105, process ID=22b42f, domain ID=0, sent Tue Oct 06 15:57:30 CDT 2026
um_client_error {
  um_client_info {
    ip: "10.29.4.105"
    port: 49937
    session_id: "0xaae8bdd7"
  }
}

SRS statistics received from srs1 at 10.29.4.105, process ID=22b42f, domain ID=0, sent Tue Oct 06 15:57:30 CDT 2026
version: "1.0"
daemon_log_type: "console"
daemon_log_frequency: "disable"
daemon_log_size: "10"
daemon_log_max_history: "10"
daemon_log_total_size_cap: "1000"
daemon_log_compression: "none"
daemon_pid_file: "srs.pid"
srs_interface: "10.29.4.105"
srs_port: "12601"
srs_source_state_lifetime: "86400"
srs_interest_state_lifetime: "86400"
srs_route_state_lifetime: "30"
srs_context_name_state_lifetime: "86400"
srs_source_leave_backoff: "500"
srs_clientactor_request_stream_max_msg_count: "1000"
srs_clientactor_record_queue_service_interval: "10"
srs_clientactor_batch_frame_max_record_count: "50"
srs_clientactor_batch_frame_max_datagram_size: "8192"
srs_application_id: "srs1"
debug_monitor_interface: "localhost"
debug_monitor_port: "27001"
debug_monitor_enabled: "false"
debug_monitor_ping_interval: "60000"
daemon_monitor_topic: "/29west/statistics"
daemon_monitor_ping_interval: "5000"
daemon_monitor_publishing_interval_default: "5000"
daemon_monitor_publishing_interval_srs_stats: "5000"
daemon_monitor_publishing_interval_um_client_stats: "5000"
daemon_monitor_publishing_interval_connection_events: "5000"
daemon_monitor_publishing_interval_srs_error_stats: "5000"
daemon_monitor_publishing_interval_um_client_error_stats: "5000"
daemon_monitor_publishing_interval_config_opts: "5000"
daemon_monitor_publishing_interval_internal_config_opts: "5000"
daemon_monitor_publish_connection_events_allow: "false"
daemon_monitor_remote_snapshot_request_allow: "false"
daemon_monitor_remote_config_changes_request_allow: "false"
daemon_monitor_monitor_format: "pb"
daemon_monitor_lbm_attributes {
  scope: "context"
  name: "default_interface"
  value: "10.29.3.0/24"
}
daemon_monitor_lbm_attributes {
  scope: "context"
  name: "mim_incoming_address"
  value: "0.0.0.0"
}
daemon_monitor_lbm_attributes {
  scope: "context"
  name: "request_tcp_interface"
  value: "10.29.3.0/24"
}
daemon_monitor_lbm_attributes {
  scope: "context"
  name: "request_tcp_reuseaddr"
  value: "1"
}
daemon_monitor_lbm_attributes {
  scope: "context"
  name: "resolver_disable_udp_topic_resolution"
  value: "0"
}
daemon_monitor_lbm_attributes {
  scope: "context"
  name: "resolver_service"
  value: "0.0.0.0:0"
}
daemon_monitor_lbm_attributes {
  scope: "context"
  name: "resolver_unicast_daemon"
  value: "0.0.0.0:0,10.29.3.105:12801"
}
daemon_monitor_lbm_attributes {
  scope: "context"
  name: "resolver_unicast_port_high"
  value: "12809"
}
daemon_monitor_lbm_attributes {
  scope: "context"
  name: "resolver_unicast_port_low"
  value: "12802"
}
daemon_monitor_lbm_attributes {
  scope: "source"
  name: "transport"
  value: "tcp"
}

SRS statistics received from srs1 at 10.29.4.105, process ID=22b42f, domain ID=0, sent Tue Oct 06 15:57:30 CDT 2026
um_client_error {
  um_client_info {
    ip: "10.29.4.105"
    port: 47705
    session_id: "0x1f614ade"
  }
}

SRS statistics received from srs1 at 10.29.4.105, process ID=22b42f, domain ID=0, sent Tue Oct 06 15:57:30 CDT 2026
um_client_error {
  um_client_info {
    ip: "10.29.4.105"
    port: 46229
    session_id: "0xc0bf9235"
  }
}

SRS statistics received from srs1 at 10.29.4.105, process ID=22b42f, domain ID=0, sent Tue Oct 06 15:57:30 CDT 2026
um_client_error {
  um_client_info {
    ip: "10.29.4.105"
    port: 41699
    session_id: "0x85c43d1d"
  }
}

Gateway statistics received from dro1 at 10.29.3.105, process ID=22b49c, object ID=1b54c30, domain ID=0, sent Tue Oct 06 15:57:30 CDT 2026
local {
  gateway_name: "dro1"
  gateway_id: 17080559106476924158
  version: 2
  topology_signature: 4145639977
  recalc_duration_usec: 56
  graph_version: 2
  gateway_count: 1
  trd_count: 2
  malloc_info {
    arena: 37806080
    ordblks: 114
    hblks: 27
    hblkhd: 24506368
    uordblks: 22409504
    fordblks: 15396576
  }
}
portals {
  portal_name: "TRD1"
  cost: 1
  proxy_receivers: 1
  receiver_topics: 1
  recalc_duration_usec: 56
  proxy_rec_recalc_duration_usec: 132
  endpoint {
    receive {
      transport_topic_fragments_rcvd: 27
      transport_topic_fragment_bytes_rcvd: 19224
      transport_topic_control_rcvd: 16
      transport_topic_control_bytes_rcvd: 1152
      unicast_data_msgs_rcvd: 4
      unicast_data_msg_bytes_rcvd: 3088
      unicast_cntl_msgs_rcvd: 1
      unicast_cntl_msg_bytes_rcvd: 84
    }
    send {
      unicast_msgs_forwarded: 31
      unicast_msg_bytes_forwarded: 2744
      unicast_msgs_sent: 31
      unicast_msg_bytes_sent: 2744
      data_bytes_enqueued_limit: 1000000
    }
  }
}
portals {
  portal_name: "TRD2"
  portal_index: 1
  cost: 1
  proxy_receivers: 1
  receiver_topics: 1
  recalc_duration_usec: 56
  proxy_rec_recalc_duration_usec: 183
  endpoint {
    receive {
      unicast_cntl_msgs_rcvd: 31
      unicast_cntl_msg_bytes_rcvd: 2744
    }
    send {
      transport_topic_fragments_forwarded: 43
      transport_topic_fragment_bytes_forwarded: 20376
      transport_topic_fragments_sent: 43
      transport_topic_fragment_bytes_sent: 20376
      unicast_msgs_forwarded: 5
      unicast_msg_bytes_forwarded: 3172
      unicast_msgs_sent: 5
      unicast_msg_bytes_sent: 3172
      data_bytes_enqueued_limit: 1000000
    }
  }
}

Event Queue statistics received from Gateway_Portal_TRD2_event_queue at 10.29.3.105, process ID=22b49c, object ID=1f5a160, domain ID=0, sent Tue Oct 06 15:57:30 CDT 2026
	Data messages enqueued                                        : 0
	Total data messages enqueued                                  : 0
	Data messages min service time (microseconds)                 : -1
	Data messages mean service time (microseconds)                : 0
	Data messages max service time (microseconds)                 : 0
	Response messages enqueued                                    : 0
	Total response messages enqueued                              : 0
	Response messages min service time (microseconds)             : -1
	Response messages mean service time (microseconds)            : 0
	Response messages max service time (microseconds)             : 0
	Topicless immediate messages enqueued                         : 0
	Total topicless immediate messages enqueued                   : 0
	Topicless immediate messages min service time (microseconds)  : -1
	Topicless immediate messages mean service time (microseconds) : 0
	Topicless immediate messages max service time (microseconds)  : 0
	Wildcard receiver messages enqueued                           : 0
	Total wildcard receiver messages enqueued                     : 0
	Wildcard receiver messages min service time (microseconds)    : -1
	Wildcard receiver messages mean service time (microseconds)   : 0
	Wildcard receiver messages max service time (microseconds)    : 0
	I/O events enqueued                                           : 0
	Total I/O events enqueued                                     : 0
	I/O events min service time (microseconds)                    : -1
	I/O events mean service time (microseconds)                   : 0
	I/O events max service time (microseconds)                    : 0
	Timer events enqueued                                         : 0
	Total timer events enqueued                                   : 0
	Timer events min service time (microseconds)                  : -1
	Timer events mean service time (microseconds)                 : 0
	Timer events max service time (microseconds)                  : 0
	Source events enqueued                                        : 0
	Total source events enqueued                                  : 0
	Source events min service time (microseconds)                 : -1
	Source events mean service time (microseconds)                : 0
	Source events max service time (microseconds)                 : 0
	Unblock events enqueued                                       : 0
	Total unblock events enqueued                                 : 0
	Cancel events enqueued                                        : 0
	Total cancel events enqueued                                  : 0
	Cancel events min service time (microseconds)                 : -1
	Cancel events mean service time (microseconds)                : 0
	Cancel events max service time (microseconds)                 : 0
	Callback events enqueued                                      : 0
	Total callback events enqueued                                : 0
	Callback events min service time (microseconds)               : -1
	Callback events mean service time (microseconds)              : 0
	Callback events max service time (microseconds)               : 0
	Context source events enqueued                                : 0
	Total context source events enqueued                          : 0
	Context source events min service time (microseconds)         : -1
	Context source events mean service time (microseconds)        : 0
	Context source events max service time (microseconds)         : 0
	Events currently enqueued                                     : 0
	Total events enqueued                                         : 0
	Minimum age of events enqueued (microseconds)                 : -1
	Mean age of events enqueued (microseconds)                    : 0
	Max age of events enqueued (microseconds)                     : 0

Event Queue statistics received from Gateway_Portal_TRD1_event_queue at 10.29.3.105, process ID=22b49c, object ID=1e1d3f0, domain ID=0, sent Tue Oct 06 15:57:30 CDT 2026
	Data messages enqueued                                        : 0
	Total data messages enqueued                                  : 0
	Data messages min service time (microseconds)                 : -1
	Data messages mean service time (microseconds)                : 0
	Data messages max service time (microseconds)                 : 0
	Response messages enqueued                                    : 0
	Total response messages enqueued                              : 0
	Response messages min service time (microseconds)             : -1
	Response messages mean service time (microseconds)            : 0
	Response messages max service time (microseconds)             : 0
	Topicless immediate messages enqueued                         : 0
	Total topicless immediate messages enqueued                   : 0
	Topicless immediate messages min service time (microseconds)  : -1
	Topicless immediate messages mean service time (microseconds) : 0
	Topicless immediate messages max service time (microseconds)  : 0
	Wildcard receiver messages enqueued                           : 0
	Total wildcard receiver messages enqueued                     : 0
	Wildcard receiver messages min service time (microseconds)    : -1
	Wildcard receiver messages mean service time (microseconds)   : 0
	Wildcard receiver messages max service time (microseconds)    : 0
	I/O events enqueued                                           : 0
	Total I/O events enqueued                                     : 0
	I/O events min service time (microseconds)                    : -1
	I/O events mean service time (microseconds)                   : 0
	I/O events max service time (microseconds)                    : 0
	Timer events enqueued                                         : 0
	Total timer events enqueued                                   : 0
	Timer events min service time (microseconds)                  : -1
	Timer events mean service time (microseconds)                 : 0
	Timer events max service time (microseconds)                  : 0
	Source events enqueued                                        : 0
	Total source events enqueued                                  : 0
	Source events min service time (microseconds)                 : -1
	Source events mean service time (microseconds)                : 0
	Source events max service time (microseconds)                 : 0
	Unblock events enqueued                                       : 0
	Total unblock events enqueued                                 : 0
	Cancel events enqueued                                        : 0
	Total cancel events enqueued                                  : 0
	Cancel events min service time (microseconds)                 : -1
	Cancel events mean service time (microseconds)                : 0
	Cancel events max service time (microseconds)                 : 0
	Callback events enqueued                                      : 0
	Total callback events enqueued                                : 0
	Callback events min service time (microseconds)               : -1
	Callback events mean service time (microseconds)              : 0
	Callback events max service time (microseconds)               : 0
	Context source events enqueued                                : 0
	Total context source events enqueued                          : 0
	Context source events min service time (microseconds)         : -1
	Context source events mean service time (microseconds)        : 0
	Context source events max service time (microseconds)         : 0
	Events currently enqueued                                     : 0
	Total events enqueued                                         : 0
	Minimum age of events enqueued (microseconds)                 : -1
	Mean age of events enqueued (microseconds)                    : 0
	Max age of events enqueued (microseconds)                     : 0

Context statistics received from Gateway_Portal_TRD2_src_ctx at 10.29.3.105, process ID=22b49c, object ID=1e266e0, context instance=df13daf3f0e6045a, domain ID=2, sent Tue Oct 06 15:57:30 CDT 2026
	Topic resolution datagrams sent                    : 169
	Topic resolution datagram bytes sent               : 16678
	Topic resolution datagrams received                : 309
	Topic resolution datagram bytes received           : 23181
	Topic resolution datagrams dropped version         : 0
	Topic resolution datagrams dropped type            : 0
	Topic resolution datagrams dropped malformed       : 0
	Topic resolution datagrams send failed             : 0
	Topic resolution source topics                     : 0
	Topic resolution receiver topics                   : 0
	Topic resolution unresolved receiver topics        : 0
	LBT-RM unknown datagrams received                  : 0
	LBT-RU unknown datagrams received                  : 0
	LBM send calls which blocked                       : 0
	LBM send calls which returned EWOULDBLOCK          : 0
	LBM response calls which blocked                   : 0
	LBM response calls which returned EWOULDBLOCK      : 0
	Number of duplicate UIM messages dropped           : 0
	Number of UIM messages received without stream info: 0
	Number of data message fragments lost              : 0
	Number of data message fragments unrecoverably lost: 0
	Receiver callbacks min service time (microseconds) : -1
	Receiver callbacks max service time (microseconds) : 0
	Receiver callbacks mean service time (microseconds): 0

IM source statistics received from Gateway_Portal_TRD2_src_ctx at 10.29.3.105, process ID=22b49c, object ID=1e266e0, context instance=df13daf3f0e6045a, domain ID=2, sent Tue Oct 06 15:57:30 CDT 2026
Source: LBTRM:10.29.4.105:14391:12265df3:224.10.10.21:14401[4294967295]
Transport: LBT-RM
	LBT-RM datagrams sent                                 : 0
	LBT-RM datagrams bytes sent                           : 0
	LBT-RM datagrams in transmission window               : 0
	LBT-RM datagram bytes in transmission window          : 0
	LBT-RM NAK packets received                           : 0
	LBT-RM NAKs received                                  : 0
	LBT-RM NAKs ignored                                   : 0
	LBT-RM NAKs shed                                      : 0
	LBT-RM NAKs ignored (retransmit delay)                : 0
	LBT-RM retransmission datagrams sent                  : 0
	LBT-RM retransmission datagram bytes sent             : 0
	LBT-RM datagrams queued by rate control               : 0
	LBT-RM retransmission datagrams queued by rate control: 0

Context statistics received from Gateway_Portal_TRD2_rcv_ctx at 10.29.3.105, process ID=22b49c, object ID=1ea7800, context instance=6564a4167c753958, domain ID=2, sent Tue Oct 06 15:57:30 CDT 2026
	Topic resolution datagrams sent                    : 63
	Topic resolution datagram bytes sent               : 2884
	Topic resolution datagrams received                : 309
	Topic resolution datagram bytes received           : 23181
	Topic resolution datagrams dropped version         : 0
	Topic resolution datagrams dropped type            : 0
	Topic resolution datagrams dropped malformed       : 0
	Topic resolution datagrams send failed             : 0
	Topic resolution source topics                     : 0
	Topic resolution receiver topics                   : 1
	Topic resolution unresolved receiver topics        : 1
	LBT-RM unknown datagrams received                  : 0
	LBT-RU unknown datagrams received                  : 0
	LBM send calls which blocked                       : 0
	LBM send calls which returned EWOULDBLOCK          : 0
	LBM response calls which blocked                   : 0
	LBM response calls which returned EWOULDBLOCK      : 0
	Number of duplicate UIM messages dropped           : 0
	Number of UIM messages received without stream info: 0
	Number of data message fragments lost              : 0
	Number of data message fragments unrecoverably lost: 0
	Receiver callbacks min service time (microseconds) : -1
	Receiver callbacks max service time (microseconds) : 0
	Receiver callbacks mean service time (microseconds): 0

Context statistics received from Gateway_Portal_TRD1_src_ctx at 10.29.3.105, process ID=22b49c, object ID=1bfda50, context instance=afc3a72ab4a0190e, domain ID=1, sent Tue Oct 06 15:57:30 CDT 2026
	Topic resolution datagrams sent                    : 0
	Topic resolution datagram bytes sent               : 0
	Topic resolution datagrams received                : 0
	Topic resolution datagram bytes received           : 0
	Topic resolution datagrams dropped version         : 0
	Topic resolution datagrams dropped type            : 0
	Topic resolution datagrams dropped malformed       : 0
	Topic resolution datagrams send failed             : 0
	Topic resolution source topics                     : 0
	Topic resolution receiver topics                   : 0
	Topic resolution unresolved receiver topics        : 0
	LBT-RM unknown datagrams received                  : 0
	LBT-RU unknown datagrams received                  : 0
	LBM send calls which blocked                       : 0
	LBM send calls which returned EWOULDBLOCK          : 0
	LBM response calls which blocked                   : 0
	LBM response calls which returned EWOULDBLOCK      : 0
	Number of duplicate UIM messages dropped           : 0
	Number of UIM messages received without stream info: 0
	Number of data message fragments lost              : 0
	Number of data message fragments unrecoverably lost: 0
	Receiver callbacks min service time (microseconds) : -1
	Receiver callbacks max service time (microseconds) : 0
	Receiver callbacks mean service time (microseconds): 0

IM source statistics received from Gateway_Portal_TRD1_src_ctx at 10.29.3.105, process ID=22b49c, object ID=1bfda50, context instance=afc3a72ab4a0190e, domain ID=1, sent Tue Oct 06 15:57:30 CDT 2026
Source: LBTRM:10.29.4.105:14390:9dd2ec8f:224.10.10.21:14401[4294967295]
Transport: LBT-RM
	LBT-RM datagrams sent                                 : 0
	LBT-RM datagrams bytes sent                           : 0
	LBT-RM datagrams in transmission window               : 0
	LBT-RM datagram bytes in transmission window          : 0
	LBT-RM NAK packets received                           : 0
	LBT-RM NAKs received                                  : 0
	LBT-RM NAKs ignored                                   : 0
	LBT-RM NAKs shed                                      : 0
	LBT-RM NAKs ignored (retransmit delay)                : 0
	LBT-RM retransmission datagrams sent                  : 0
	LBT-RM retransmission datagram bytes sent             : 0
	LBT-RM datagrams queued by rate control               : 0
	LBT-RM retransmission datagrams queued by rate control: 0

Context statistics received from Gateway_Portal_TRD1_rcv_ctx at 10.29.3.105, process ID=22b49c, object ID=1cf49c0, context instance=8bee4fdb11d451f2, domain ID=1, sent Tue Oct 06 15:57:30 CDT 2026
	Topic resolution datagrams sent                    : 0
	Topic resolution datagram bytes sent               : 0
	Topic resolution datagrams received                : 0
	Topic resolution datagram bytes received           : 0
	Topic resolution datagrams dropped version         : 0
	Topic resolution datagrams dropped type            : 0
	Topic resolution datagrams dropped malformed       : 0
	Topic resolution datagrams send failed             : 0
	Topic resolution source topics                     : 0
	Topic resolution receiver topics                   : 1
	Topic resolution unresolved receiver topics        : 1
	LBT-RM unknown datagrams received                  : 0
	LBT-RU unknown datagrams received                  : 0
	LBM send calls which blocked                       : 0
	LBM send calls which returned EWOULDBLOCK          : 0
	LBM response calls which blocked                   : 0
	LBM response calls which returned EWOULDBLOCK      : 0
	Number of duplicate UIM messages dropped           : 0
	Number of UIM messages received without stream info: 0
	Number of data message fragments lost              : 0
	Number of data message fragments unrecoverably lost: 0
	Receiver callbacks min service time (microseconds) : -1
	Receiver callbacks max service time (microseconds) : 0
	Receiver callbacks mean service time (microseconds): 0

Store statistics received from store_topic1 at 10.29.3.105, process ID=22b4ba, object ID=2316550, context instance=d00c3c82816738ec, domain ID=0, sent Tue Oct 06 15:57:32 CDT 2026
ume_retx_req_rcv_count: 4
ume_retx_req_serviced_count: 4
ume_retx_stat_interval: 65
smart_heap_stat {
  poolsize: 311212224
  poolcount: 87560
  smallBlockSize: 256
  pageSize: 65504
}

Event Queue statistics received from umercv at 10.29.3.105, process ID=22b4f6, object ID=1e43c80, domain ID=0, sent Tue Oct 06 15:57:32 CDT 2026
	Data messages enqueued                                        : 0
	Total data messages enqueued                                  : 34
	Data messages min service time (microseconds)                 : -1
	Data messages mean service time (microseconds)                : 0
	Data messages max service time (microseconds)                 : 0
	Response messages enqueued                                    : 0
	Total response messages enqueued                              : 0
	Response messages min service time (microseconds)             : -1
	Response messages mean service time (microseconds)            : 0
	Response messages max service time (microseconds)             : 0
	Topicless immediate messages enqueued                         : 0
	Total topicless immediate messages enqueued                   : 0
	Topicless immediate messages min service time (microseconds)  : -1
	Topicless immediate messages mean service time (microseconds) : 0
	Topicless immediate messages max service time (microseconds)  : 0
	Wildcard receiver messages enqueued                           : 0
	Total wildcard receiver messages enqueued                     : 0
	Wildcard receiver messages min service time (microseconds)    : -1
	Wildcard receiver messages mean service time (microseconds)   : 0
	Wildcard receiver messages max service time (microseconds)    : 0
	I/O events enqueued                                           : 0
	Total I/O events enqueued                                     : 0
	I/O events min service time (microseconds)                    : -1
	I/O events mean service time (microseconds)                   : 0
	I/O events max service time (microseconds)                    : 0
	Timer events enqueued                                         : 0
	Total timer events enqueued                                   : 0
	Timer events min service time (microseconds)                  : -1
	Timer events mean service time (microseconds)                 : 0
	Timer events max service time (microseconds)                  : 0
	Source events enqueued                                        : 0
	Total source events enqueued                                  : 0
	Source events min service time (microseconds)                 : -1
	Source events mean service time (microseconds)                : 0
	Source events max service time (microseconds)                 : 0
	Unblock events enqueued                                       : 0
	Total unblock events enqueued                                 : 1
	Cancel events enqueued                                        : 0
	Total cancel events enqueued                                  : 0
	Cancel events min service time (microseconds)                 : -1
	Cancel events mean service time (microseconds)                : 0
	Cancel events max service time (microseconds)                 : 0
	Callback events enqueued                                      : 0
	Total callback events enqueued                                : 0
	Callback events min service time (microseconds)               : -1
	Callback events mean service time (microseconds)              : 0
	Callback events max service time (microseconds)               : 0
	Context source events enqueued                                : 0
	Total context source events enqueued                          : 0
	Context source events min service time (microseconds)         : -1
	Context source events mean service time (microseconds)        : 0
	Context source events max service time (microseconds)         : 0
	Events currently enqueued                                     : 0
	Total events enqueued                                         : 35
	Minimum age of events enqueued (microseconds)                 : -1
	Mean age of events enqueued (microseconds)                    : 0
	Max age of events enqueued (microseconds)                     : 0

Context statistics received from umercv at 10.29.3.105, process ID=22b4f6, object ID=1ed28e0, context instance=8a3b09f8ad01e8cf, domain ID=2, sent Tue Oct 06 15:57:32 CDT 2026
	Topic resolution datagrams sent                    : 79
	Topic resolution datagram bytes sent               : 3713
	Topic resolution datagrams received                : 267
	Topic resolution datagram bytes received           : 21147
	Topic resolution datagrams dropped version         : 0
	Topic resolution datagrams dropped type            : 0
	Topic resolution datagrams dropped malformed       : 0
	Topic resolution datagrams send failed             : 0
	Topic resolution source topics                     : 0
	Topic resolution receiver topics                   : 1
	Topic resolution unresolved receiver topics        : 1
	LBT-RM unknown datagrams received                  : 0
	LBT-RU unknown datagrams received                  : 0
	LBM send calls which blocked                       : 0
	LBM send calls which returned EWOULDBLOCK          : 0
	LBM response calls which blocked                   : 0
	LBM response calls which returned EWOULDBLOCK      : 0
	Number of duplicate UIM messages dropped           : 0
	Number of UIM messages received without stream info: 0
	Number of data message fragments lost              : 2
	Number of data message fragments unrecoverably lost: 0
	Receiver callbacks min service time (microseconds) : -1
	Receiver callbacks max service time (microseconds) : 0
	Receiver callbacks mean service time (microseconds): 0

Context statistics received from store_appid_topic1 at 10.29.3.105, process ID=22b4ba, object ID=2316550, context instance=d00c3c82816738ec, domain ID=1, sent Tue Oct 06 15:57:33 CDT 2026
	Topic resolution datagrams sent                    : 0
	Topic resolution datagram bytes sent               : 0
	Topic resolution datagrams received                : 0
	Topic resolution datagram bytes received           : 0
	Topic resolution datagrams dropped version         : 0
	Topic resolution datagrams dropped type            : 0
	Topic resolution datagrams dropped malformed       : 0
	Topic resolution datagrams send failed             : 0
	Topic resolution source topics                     : 0
	Topic resolution receiver topics                   : 1
	Topic resolution unresolved receiver topics        : 1
	LBT-RM unknown datagrams received                  : 0
	LBT-RU unknown datagrams received                  : 0
	LBM send calls which blocked                       : 0
	LBM send calls which returned EWOULDBLOCK          : 0
	LBM response calls which blocked                   : 0
	LBM response calls which returned EWOULDBLOCK      : 0
	Number of duplicate UIM messages dropped           : 0
	Number of UIM messages received without stream info: 0
	Number of data message fragments lost              : 0
	Number of data message fragments unrecoverably lost: 0
	Receiver callbacks min service time (microseconds) : -1
	Receiver callbacks max service time (microseconds) : 0
	Receiver callbacks mean service time (microseconds): 0

Context statistics received from store_appid_topic1 at 10.29.3.105, process ID=22b4ba, object ID=2771320, context instance=5d860c059005990e, domain ID=1, sent Tue Oct 06 15:57:33 CDT 2026
	Topic resolution datagrams sent                    : 0
	Topic resolution datagram bytes sent               : 0
	Topic resolution datagrams received                : 0
	Topic resolution datagram bytes received           : 0
	Topic resolution datagrams dropped version         : 0
	Topic resolution datagrams dropped type            : 0
	Topic resolution datagrams dropped malformed       : 0
	Topic resolution datagrams send failed             : 0
	Topic resolution source topics                     : 0
	Topic resolution receiver topics                   : 0
	Topic resolution unresolved receiver topics        : 0
	LBT-RM unknown datagrams received                  : 0
	LBT-RU unknown datagrams received                  : 0
	LBM send calls which blocked                       : 0
	LBM send calls which returned EWOULDBLOCK          : 0
	LBM response calls which blocked                   : 0
	LBM response calls which returned EWOULDBLOCK      : 0
	Number of duplicate UIM messages dropped           : 0
	Number of UIM messages received without stream info: 0
	Number of data message fragments lost              : 0
	Number of data message fragments unrecoverably lost: 0
	Receiver callbacks min service time (microseconds) : -1
	Receiver callbacks max service time (microseconds) : 0
	Receiver callbacks mean service time (microseconds): 0

SRS statistics received from srs1 at 10.29.4.105, process ID=22b42f, domain ID=0, sent Tue Oct 06 15:57:35 CDT 2026
um_client {
  um_client_info {
    ip: "10.29.4.105"
    port: 49937
    session_id: "0xaae8bdd7"
  }
  client_rtir_received_count: 2
  client_rir_sent_count: 2
  client_dir_sent_count: 1
  client_rtir_sent_count: 2
}

SRS statistics received from srs1 at 10.29.4.105, process ID=22b42f, domain ID=0, sent Tue Oct 06 15:57:35 CDT 2026
um_client {
  um_client_info {
    ip: "10.29.4.105"
    port: 47705
    session_id: "0x1f614ade"
  }
  client_rir_received_count: 1
  client_sir_sent_count: 1
  client_ser_sent_count: 1
  client_dir_sent_count: 1
  client_rtir_sent_count: 2
  client_cnir_sent_count: 1
}

SRS statistics received from srs1 at 10.29.4.105, process ID=22b42f, domain ID=0, sent Tue Oct 06 15:57:35 CDT 2026
um_client {
  um_client_info {
    ip: "10.29.4.105"
    port: 46229
    session_id: "0xc0bf9235"
  }
  client_cnir_received_count: 1
  client_dir_sent_count: 1
  client_rtir_sent_count: 2
}

SRS statistics received from srs1 at 10.29.4.105, process ID=22b42f, domain ID=0, sent Tue Oct 06 15:57:35 CDT 2026
um_client {
  um_client_info {
    ip: "10.29.4.105"
    port: 41699
    session_id: "0x85c43d1d"
  }
  client_rir_received_count: 1
  client_sir_sent_count: 1
  client_ser_sent_count: 1
  client_dir_sent_count: 1
  client_rtir_sent_count: 2
}

SRS statistics received from srs1 at 10.29.4.105, process ID=22b42f, domain ID=0, sent Tue Oct 06 15:57:35 CDT 2026
srs {
  clients_next_client_id: 6
  active_clients_count: 4
  clients_connects_count: 5
  clients_disconnects_count: 1
  clients_max_concurrent_connections_count: 5
  clients_active_rir_count: 2
  clients_active_cnir_count: 1
  clients_active_dir_count: 2
  clients_active_rtir_count: 1
}

SRS statistics received from srs1 at 10.29.4.105, process ID=22b42f, domain ID=0, sent Tue Oct 06 15:57:35 CDT 2026
internal {
  srs_otidmap_shards: "4"
  srs_topicmap_shards: "4"
  srs_routemap_shards: "4"
  srs_namemap_shards: "4"
}

SRS statistics received from srs1 at 10.29.4.105, process ID=22b42f, domain ID=0, sent Tue Oct 06 15:57:35 CDT 2026
um_client_error {
  um_client_info {
    ip: "10.29.4.105"
    port: 49937
    session_id: "0xaae8bdd7"
  }
}

SRS statistics received from srs1 at 10.29.4.105, process ID=22b42f, domain ID=0, sent Tue Oct 06 15:57:35 CDT 2026
um_client_error {
  um_client_info {
    ip: "10.29.4.105"
    port: 47705
    session_id: "0x1f614ade"
  }
}

SRS statistics received from srs1 at 10.29.4.105, process ID=22b42f, domain ID=0, sent Tue Oct 06 15:57:35 CDT 2026
um_client_error {
  um_client_info {
    ip: "10.29.4.105"
    port: 46229
    session_id: "0xc0bf9235"
  }
}

SRS statistics received from srs1 at 10.29.4.105, process ID=22b42f, domain ID=0, sent Tue Oct 06 15:57:35 CDT 2026
um_client_error {
  um_client_info {
    ip: "10.29.4.105"
    port: 41699
    session_id: "0x85c43d1d"
  }
}

SRS statistics received from srs1 at 10.29.4.105, process ID=22b42f, domain ID=0, sent Tue Oct 06 15:57:35 CDT 2026
version: "1.0"
daemon_log_type: "console"
daemon_log_frequency: "disable"
daemon_log_size: "10"
daemon_log_max_history: "10"
daemon_log_total_size_cap: "1000"
daemon_log_compression: "none"
daemon_pid_file: "srs.pid"
srs_interface: "10.29.4.105"
srs_port: "12601"
srs_source_state_lifetime: "86400"
srs_interest_state_lifetime: "86400"
srs_route_state_lifetime: "30"
srs_context_name_state_lifetime: "86400"
srs_source_leave_backoff: "500"
srs_clientactor_request_stream_max_msg_count: "1000"
srs_clientactor_record_queue_service_interval: "10"
srs_clientactor_batch_frame_max_record_count: "50"
srs_clientactor_batch_frame_max_datagram_size: "8192"
srs_application_id: "srs1"
debug_monitor_interface: "localhost"
debug_monitor_port: "27001"
debug_monitor_enabled: "false"
debug_monitor_ping_interval: "60000"
daemon_monitor_topic: "/29west/statistics"
daemon_monitor_ping_interval: "5000"
daemon_monitor_publishing_interval_default: "5000"
daemon_monitor_publishing_interval_srs_stats: "5000"
daemon_monitor_publishing_interval_um_client_stats: "5000"
daemon_monitor_publishing_interval_connection_events: "5000"
daemon_monitor_publishing_interval_srs_error_stats: "5000"
daemon_monitor_publishing_interval_um_client_error_stats: "5000"
daemon_monitor_publishing_interval_config_opts: "5000"
daemon_monitor_publishing_interval_internal_config_opts: "5000"
daemon_monitor_publish_connection_events_allow: "false"
daemon_monitor_remote_snapshot_request_allow: "false"
daemon_monitor_remote_config_changes_request_allow: "false"
daemon_monitor_monitor_format: "pb"
daemon_monitor_lbm_attributes {
  scope: "context"
  name: "default_interface"
  value: "10.29.3.0/24"
}
daemon_monitor_lbm_attributes {
  scope: "context"
  name: "mim_incoming_address"
  value: "0.0.0.0"
}
daemon_monitor_lbm_attributes {
  scope: "context"
  name: "request_tcp_interface"
  value: "10.29.3.0/24"
}
daemon_monitor_lbm_attributes {
  scope: "context"
  name: "request_tcp_reuseaddr"
  value: "1"
}
daemon_monitor_lbm_attributes {
  scope: "context"
  name: "resolver_disable_udp_topic_resolution"
  value: "0"
}
daemon_monitor_lbm_attributes {
  scope: "context"
  name: "resolver_service"
  value: "0.0.0.0:0"
}
daemon_monitor_lbm_attributes {
  scope: "context"
  name: "resolver_unicast_daemon"
  value: "0.0.0.0:0,10.29.3.105:12801"
}
daemon_monitor_lbm_attributes {
  scope: "context"
  name: "resolver_unicast_port_high"
  value: "12809"
}
daemon_monitor_lbm_attributes {
  scope: "context"
  name: "resolver_unicast_port_low"
  value: "12802"
}
daemon_monitor_lbm_attributes {
  scope: "source"
  name: "transport"
  value: "tcp"
}

Gateway statistics received from dro1 at 10.29.3.105, process ID=22b49c, object ID=1b54c30, domain ID=0, sent Tue Oct 06 15:57:35 CDT 2026
local {
  gateway_name: "dro1"
  gateway_id: 17080559106476924158
  version: 2
  topology_signature: 4145639977
  recalc_duration_usec: 56
  graph_version: 2
  gateway_count: 1
  trd_count: 2
  malloc_info {
    arena: 37806080
    ordblks: 114
    hblks: 27
    hblkhd: 24506368
    uordblks: 22409504
    fordblks: 15396576
  }
}
portals {
  portal_name: "TRD1"
  cost: 1
  proxy_receivers: 1
  receiver_topics: 1
  recalc_duration_usec: 56
  proxy_rec_recalc_duration_usec: 132
  endpoint {
    receive {
      transport_topic_fragments_rcvd: 27
      transport_topic_fragment_bytes_rcvd: 19224
      transport_topic_control_rcvd: 16
      transport_topic_control_bytes_rcvd: 1152
      unicast_data_msgs_rcvd: 4
      unicast_data_msg_bytes_rcvd: 3088
      unicast_cntl_msgs_rcvd: 1
      unicast_cntl_msg_bytes_rcvd: 84
    }
    send {
      unicast_msgs_forwarded: 31
      unicast_msg_bytes_forwarded: 2744
      unicast_msgs_sent: 31
      unicast_msg_bytes_sent: 2744
      data_bytes_enqueued_limit: 1000000
    }
  }
}
portals {
  portal_name: "TRD2"
  portal_index: 1
  cost: 1
  proxy_receivers: 1
  receiver_topics: 1
  recalc_duration_usec: 56
  proxy_rec_recalc_duration_usec: 183
  endpoint {
    receive {
      unicast_cntl_msgs_rcvd: 31
      unicast_cntl_msg_bytes_rcvd: 2744
    }
    send {
      transport_topic_fragments_forwarded: 43
      transport_topic_fragment_bytes_forwarded: 20376
      transport_topic_fragments_sent: 43
      transport_topic_fragment_bytes_sent: 20376
      unicast_msgs_forwarded: 5
      unicast_msg_bytes_forwarded: 3172
      unicast_msgs_sent: 5
      unicast_msg_bytes_sent: 3172
      data_bytes_enqueued_limit: 1000000
    }
  }
}

Event Queue statistics received from Gateway_Portal_TRD1_event_queue at 10.29.3.105, process ID=22b49c, object ID=1e1d3f0, domain ID=0, sent Tue Oct 06 15:57:35 CDT 2026
	Data messages enqueued                                        : 0
	Total data messages enqueued                                  : 0
	Data messages min service time (microseconds)                 : -1
	Data messages mean service time (microseconds)                : 0
	Data messages max service time (microseconds)                 : 0
	Response messages enqueued                                    : 0
	Total response messages enqueued                              : 0
	Response messages min service time (microseconds)             : -1
	Response messages mean service time (microseconds)            : 0
	Response messages max service time (microseconds)             : 0
	Topicless immediate messages enqueued                         : 0
	Total topicless immediate messages enqueued                   : 0
	Topicless immediate messages min service time (microseconds)  : -1
	Topicless immediate messages mean service time (microseconds) : 0
	Topicless immediate messages max service time (microseconds)  : 0
	Wildcard receiver messages enqueued                           : 0
	Total wildcard receiver messages enqueued                     : 0
	Wildcard receiver messages min service time (microseconds)    : -1
	Wildcard receiver messages mean service time (microseconds)   : 0
	Wildcard receiver messages max service time (microseconds)    : 0
	I/O events enqueued                                           : 0
	Total I/O events enqueued                                     : 0
	I/O events min service time (microseconds)                    : -1
	I/O events mean service time (microseconds)                   : 0
	I/O events max service time (microseconds)                    : 0
	Timer events enqueued                                         : 0
	Total timer events enqueued                                   : 0
	Timer events min service time (microseconds)                  : -1
	Timer events mean service time (microseconds)                 : 0
	Timer events max service time (microseconds)                  : 0
	Source events enqueued                                        : 0
	Total source events enqueued                                  : 0
	Source events min service time (microseconds)                 : -1
	Source events mean service time (microseconds)                : 0
	Source events max service time (microseconds)                 : 0
	Unblock events enqueued                                       : 0
	Total unblock events enqueued                                 : 0
	Cancel events enqueued                                        : 0
	Total cancel events enqueued                                  : 0
	Cancel events min service time (microseconds)                 : -1
	Cancel events mean service time (microseconds)                : 0
	Cancel events max service time (microseconds)                 : 0
	Callback events enqueued                                      : 0
	Total callback events enqueued                                : 0
	Callback events min service time (microseconds)               : -1
	Callback events mean service time (microseconds)              : 0
	Callback events max service time (microseconds)               : 0
	Context source events enqueued                                : 0
	Total context source events enqueued                          : 0
	Context source events min service time (microseconds)         : -1
	Context source events mean service time (microseconds)        : 0
	Context source events max service time (microseconds)         : 0
	Events currently enqueued                                     : 0
	Total events enqueued                                         : 0
	Minimum age of events enqueued (microseconds)                 : -1
	Mean age of events enqueued (microseconds)                    : 0
	Max age of events enqueued (microseconds)                     : 0

Event Queue statistics received from Gateway_Portal_TRD2_event_queue at 10.29.3.105, process ID=22b49c, object ID=1f5a160, domain ID=0, sent Tue Oct 06 15:57:35 CDT 2026
	Data messages enqueued                                        : 0
	Total data messages enqueued                                  : 0
	Data messages min service time (microseconds)                 : -1
	Data messages mean service time (microseconds)                : 0
	Data messages max service time (microseconds)                 : 0
	Response messages enqueued                                    : 0
	Total response messages enqueued                              : 0
	Response messages min service time (microseconds)             : -1
	Response messages mean service time (microseconds)            : 0
	Response messages max service time (microseconds)             : 0
	Topicless immediate messages enqueued                         : 0
	Total topicless immediate messages enqueued                   : 0
	Topicless immediate messages min service time (microseconds)  : -1
	Topicless immediate messages mean service time (microseconds) : 0
	Topicless immediate messages max service time (microseconds)  : 0
	Wildcard receiver messages enqueued                           : 0
	Total wildcard receiver messages enqueued                     : 0
	Wildcard receiver messages min service time (microseconds)    : -1
	Wildcard receiver messages mean service time (microseconds)   : 0
	Wildcard receiver messages max service time (microseconds)    : 0
	I/O events enqueued                                           : 0
	Total I/O events enqueued                                     : 0
	I/O events min service time (microseconds)                    : -1
	I/O events mean service time (microseconds)                   : 0
	I/O events max service time (microseconds)                    : 0
	Timer events enqueued                                         : 0
	Total timer events enqueued                                   : 0
	Timer events min service time (microseconds)                  : -1
	Timer events mean service time (microseconds)                 : 0
	Timer events max service time (microseconds)                  : 0
	Source events enqueued                                        : 0
	Total source events enqueued                                  : 0
	Source events min service time (microseconds)                 : -1
	Source events mean service time (microseconds)                : 0
	Source events max service time (microseconds)                 : 0
	Unblock events enqueued                                       : 0
	Total unblock events enqueued                                 : 0
	Cancel events enqueued                                        : 0
	Total cancel events enqueued                                  : 0
	Cancel events min service time (microseconds)                 : -1
	Cancel events mean service time (microseconds)                : 0
	Cancel events max service time (microseconds)                 : 0
	Callback events enqueued                                      : 0
	Total callback events enqueued                                : 0
	Callback events min service time (microseconds)               : -1
	Callback events mean service time (microseconds)              : 0
	Callback events max service time (microseconds)               : 0
	Context source events enqueued                                : 0
	Total context source events enqueued                          : 0
	Context source events min service time (microseconds)         : -1
	Context source events mean service time (microseconds)        : 0
	Context source events max service time (microseconds)         : 0
	Events currently enqueued                                     : 0
	Total events enqueued                                         : 0
	Minimum age of events enqueued (microseconds)                 : -1
	Mean age of events enqueued (microseconds)                    : 0
	Max age of events enqueued (microseconds)                     : 0

Context statistics received from Gateway_Portal_TRD1_src_ctx at 10.29.3.105, process ID=22b49c, object ID=1bfda50, context instance=afc3a72ab4a0190e, domain ID=1, sent Tue Oct 06 15:57:35 CDT 2026
	Topic resolution datagrams sent                    : 0
	Topic resolution datagram bytes sent               : 0
	Topic resolution datagrams received                : 0
	Topic resolution datagram bytes received           : 0
	Topic resolution datagrams dropped version         : 0
	Topic resolution datagrams dropped type            : 0
	Topic resolution datagrams dropped malformed       : 0
	Topic resolution datagrams send failed             : 0
	Topic resolution source topics                     : 0
	Topic resolution receiver topics                   : 0
	Topic resolution unresolved receiver topics        : 0
	LBT-RM unknown datagrams received                  : 0
	LBT-RU unknown datagrams received                  : 0
	LBM send calls which blocked                       : 0
	LBM send calls which returned EWOULDBLOCK          : 0
	LBM response calls which blocked                   : 0
	LBM response calls which returned EWOULDBLOCK      : 0
	Number of duplicate UIM messages dropped           : 0
	Number of UIM messages received without stream info: 0
	Number of data message fragments lost              : 0
	Number of data message fragments unrecoverably lost: 0
	Receiver callbacks min service time (microseconds) : -1
	Receiver callbacks max service time (microseconds) : 0
	Receiver callbacks mean service time (microseconds): 0

IM source statistics received from Gateway_Portal_TRD1_src_ctx at 10.29.3.105, process ID=22b49c, object ID=1bfda50, context instance=afc3a72ab4a0190e, domain ID=1, sent Tue Oct 06 15:57:35 CDT 2026
Source: LBTRM:10.29.4.105:14390:9dd2ec8f:224.10.10.21:14401[4294967295]
Transport: LBT-RM
	LBT-RM datagrams sent                                 : 0
	LBT-RM datagrams bytes sent                           : 0
	LBT-RM datagrams in transmission window               : 0
	LBT-RM datagram bytes in transmission window          : 0
	LBT-RM NAK packets received                           : 0
	LBT-RM NAKs received                                  : 0
	LBT-RM NAKs ignored                                   : 0
	LBT-RM NAKs shed                                      : 0
	LBT-RM NAKs ignored (retransmit delay)                : 0
	LBT-RM retransmission datagrams sent                  : 0
	LBT-RM retransmission datagram bytes sent             : 0
	LBT-RM datagrams queued by rate control               : 0
	LBT-RM retransmission datagrams queued by rate control: 0

Context statistics received from Gateway_Portal_TRD1_rcv_ctx at 10.29.3.105, process ID=22b49c, object ID=1cf49c0, context instance=8bee4fdb11d451f2, domain ID=1, sent Tue Oct 06 15:57:35 CDT 2026
	Topic resolution datagrams sent                    : 0
	Topic resolution datagram bytes sent               : 0
	Topic resolution datagrams received                : 0
	Topic resolution datagram bytes received           : 0
	Topic resolution datagrams dropped version         : 0
	Topic resolution datagrams dropped type            : 0
	Topic resolution datagrams dropped malformed       : 0
	Topic resolution datagrams send failed             : 0
	Topic resolution source topics                     : 0
	Topic resolution receiver topics                   : 1
	Topic resolution unresolved receiver topics        : 1
	LBT-RM unknown datagrams received                  : 0
	LBT-RU unknown datagrams received                  : 0
	LBM send calls which blocked                       : 0
	LBM send calls which returned EWOULDBLOCK          : 0
	LBM response calls which blocked                   : 0
	LBM response calls which returned EWOULDBLOCK      : 0
	Number of duplicate UIM messages dropped           : 0
	Number of UIM messages received without stream info: 0
	Number of data message fragments lost              : 0
	Number of data message fragments unrecoverably lost: 0
	Receiver callbacks min service time (microseconds) : -1
	Receiver callbacks max service time (microseconds) : 0
	Receiver callbacks mean service time (microseconds): 0

Context statistics received from Gateway_Portal_TRD2_src_ctx at 10.29.3.105, process ID=22b49c, object ID=1e266e0, context instance=df13daf3f0e6045a, domain ID=2, sent Tue Oct 06 15:57:35 CDT 2026
	Topic resolution datagrams sent                    : 174
	Topic resolution datagram bytes sent               : 16958
	Topic resolution datagrams received                : 323
	Topic resolution datagram bytes received           : 23884
	Topic resolution datagrams dropped version         : 0
	Topic resolution datagrams dropped type            : 0
	Topic resolution datagrams dropped malformed       : 0
	Topic resolution datagrams send failed             : 0
	Topic resolution source topics                     : 0
	Topic resolution receiver topics                   : 0
	Topic resolution unresolved receiver topics        : 0
	LBT-RM unknown datagrams received                  : 0
	LBT-RU unknown datagrams received                  : 0
	LBM send calls which blocked                       : 0
	LBM send calls which returned EWOULDBLOCK          : 0
	LBM response calls which blocked                   : 0
	LBM response calls which returned EWOULDBLOCK      : 0
	Number of duplicate UIM messages dropped           : 0
	Number of UIM messages received without stream info: 0
	Number of data message fragments lost              : 0
	Number of data message fragments unrecoverably lost: 0
	Receiver callbacks min service time (microseconds) : -1
	Receiver callbacks max service time (microseconds) : 0
	Receiver callbacks mean service time (microseconds): 0

IM source statistics received from Gateway_Portal_TRD2_src_ctx at 10.29.3.105, process ID=22b49c, object ID=1e266e0, context instance=df13daf3f0e6045a, domain ID=2, sent Tue Oct 06 15:57:35 CDT 2026
Source: LBTRM:10.29.4.105:14391:12265df3:224.10.10.21:14401[4294967295]
Transport: LBT-RM
	LBT-RM datagrams sent                                 : 0
	LBT-RM datagrams bytes sent                           : 0
	LBT-RM datagrams in transmission window               : 0
	LBT-RM datagram bytes in transmission window          : 0
	LBT-RM NAK packets received                           : 0
	LBT-RM NAKs received                                  : 0
	LBT-RM NAKs ignored                                   : 0
	LBT-RM NAKs shed                                      : 0
	LBT-RM NAKs ignored (retransmit delay)                : 0
	LBT-RM retransmission datagrams sent                  : 0
	LBT-RM retransmission datagram bytes sent             : 0
	LBT-RM datagrams queued by rate control               : 0
	LBT-RM retransmission datagrams queued by rate control: 0

Context statistics received from Gateway_Portal_TRD2_rcv_ctx at 10.29.3.105, process ID=22b49c, object ID=1ea7800, context instance=6564a4167c753958, domain ID=2, sent Tue Oct 06 15:57:35 CDT 2026
	Topic resolution datagrams sent                    : 67
	Topic resolution datagram bytes sent               : 3072
	Topic resolution datagrams received                : 323
	Topic resolution datagram bytes received           : 23884
	Topic resolution datagrams dropped version         : 0
	Topic resolution datagrams dropped type            : 0
	Topic resolution datagrams dropped malformed       : 0
	Topic resolution datagrams send failed             : 0
	Topic resolution source topics                     : 0
	Topic resolution receiver topics                   : 1
	Topic resolution unresolved receiver topics        : 1
	LBT-RM unknown datagrams received                  : 0
	LBT-RU unknown datagrams received                  : 0
	LBM send calls which blocked                       : 0
	LBM send calls which returned EWOULDBLOCK          : 0
	LBM response calls which blocked                   : 0
	LBM response calls which returned EWOULDBLOCK      : 0
	Number of duplicate UIM messages dropped           : 0
	Number of UIM messages received without stream info: 0
	Number of data message fragments lost              : 0
	Number of data message fragments unrecoverably lost: 0
	Receiver callbacks min service time (microseconds) : -1
	Receiver callbacks max service time (microseconds) : 0
	Receiver callbacks mean service time (microseconds): 0

Event Queue statistics received from umercv at 10.29.3.105, process ID=22b4f6, object ID=1e43c80, domain ID=0, sent Tue Oct 06 15:57:37 CDT 2026
	Data messages enqueued                                        : 0
	Total data messages enqueued                                  : 34
	Data messages min service time (microseconds)                 : -1
	Data messages mean service time (microseconds)                : 0
	Data messages max service time (microseconds)                 : 0
	Response messages enqueued                                    : 0
	Total response messages enqueued                              : 0
	Response messages min service time (microseconds)             : -1
	Response messages mean service time (microseconds)            : 0
	Response messages max service time (microseconds)             : 0
	Topicless immediate messages enqueued                         : 0
	Total topicless immediate messages enqueued                   : 0
	Topicless immediate messages min service time (microseconds)  : -1
	Topicless immediate messages mean service time (microseconds) : 0
	Topicless immediate messages max service time (microseconds)  : 0
	Wildcard receiver messages enqueued                           : 0
	Total wildcard receiver messages enqueued                     : 0
	Wildcard receiver messages min service time (microseconds)    : -1
	Wildcard receiver messages mean service time (microseconds)   : 0
	Wildcard receiver messages max service time (microseconds)    : 0
	I/O events enqueued                                           : 0
	Total I/O events enqueued                                     : 0
	I/O events min service time (microseconds)                    : -1
	I/O events mean service time (microseconds)                   : 0
	I/O events max service time (microseconds)                    : 0
	Timer events enqueued                                         : 0
	Total timer events enqueued                                   : 0
	Timer events min service time (microseconds)                  : -1
	Timer events mean service time (microseconds)                 : 0
	Timer events max service time (microseconds)                  : 0
	Source events enqueued                                        : 0
	Total source events enqueued                                  : 0
	Source events min service time (microseconds)                 : -1
	Source events mean service time (microseconds)                : 0
	Source events max service time (microseconds)                 : 0
	Unblock events enqueued                                       : 0
	Total unblock events enqueued                                 : 1
	Cancel events enqueued                                        : 0
	Total cancel events enqueued                                  : 0
	Cancel events min service time (microseconds)                 : -1
	Cancel events mean service time (microseconds)                : 0
	Cancel events max service time (microseconds)                 : 0
	Callback events enqueued                                      : 0
	Total callback events enqueued                                : 0
	Callback events min service time (microseconds)               : -1
	Callback events mean service time (microseconds)              : 0
	Callback events max service time (microseconds)               : 0
	Context source events enqueued                                : 0
	Total context source events enqueued                          : 0
	Context source events min service time (microseconds)         : -1
	Context source events mean service time (microseconds)        : 0
	Context source events max service time (microseconds)         : 0
	Events currently enqueued                                     : 0
	Total events enqueued                                         : 35
	Minimum age of events enqueued (microseconds)                 : -1
	Mean age of events enqueued (microseconds)                    : 0
	Max age of events enqueued (microseconds)                     : 0

Context statistics received from umercv at 10.29.3.105, process ID=22b4f6, object ID=1ed28e0, context instance=8a3b09f8ad01e8cf, domain ID=2, sent Tue Oct 06 15:57:38 CDT 2026
	Topic resolution datagrams sent                    : 84
	Topic resolution datagram bytes sent               : 3948
	Topic resolution datagrams received                : 282
	Topic resolution datagram bytes received           : 21914
	Topic resolution datagrams dropped version         : 0
	Topic resolution datagrams dropped type            : 0
	Topic resolution datagrams dropped malformed       : 0
	Topic resolution datagrams send failed             : 0
	Topic resolution source topics                     : 0
	Topic resolution receiver topics                   : 1
	Topic resolution unresolved receiver topics        : 1
	LBT-RM unknown datagrams received                  : 0
	LBT-RU unknown datagrams received                  : 0
	LBM send calls which blocked                       : 0
	LBM send calls which returned EWOULDBLOCK          : 0
	LBM response calls which blocked                   : 0
	LBM response calls which returned EWOULDBLOCK      : 0
	Number of duplicate UIM messages dropped           : 0
	Number of UIM messages received without stream info: 0
	Number of data message fragments lost              : 2
	Number of data message fragments unrecoverably lost: 0
	Receiver callbacks min service time (microseconds) : -1
	Receiver callbacks max service time (microseconds) : 0
	Receiver callbacks mean service time (microseconds): 0

Store statistics received from store_topic1 at 10.29.3.105, process ID=22b4ba, object ID=2316550, context instance=d00c3c82816738ec, domain ID=0, sent Tue Oct 06 15:57:37 CDT 2026
ume_retx_req_rcv_count: 4
ume_retx_req_serviced_count: 4
ume_retx_stat_interval: 70
smart_heap_stat {
  poolsize: 311212224
  poolcount: 87560
  smallBlockSize: 256
  pageSize: 65504
}

Context statistics received from store_appid_topic1 at 10.29.3.105, process ID=22b4ba, object ID=2316550, context instance=d00c3c82816738ec, domain ID=1, sent Tue Oct 06 15:57:37 CDT 2026
	Topic resolution datagrams sent                    : 0
	Topic resolution datagram bytes sent               : 0
	Topic resolution datagrams received                : 0
	Topic resolution datagram bytes received           : 0
	Topic resolution datagrams dropped version         : 0
	Topic resolution datagrams dropped type            : 0
	Topic resolution datagrams dropped malformed       : 0
	Topic resolution datagrams send failed             : 0
	Topic resolution source topics                     : 0
	Topic resolution receiver topics                   : 1
	Topic resolution unresolved receiver topics        : 1
	LBT-RM unknown datagrams received                  : 0
	LBT-RU unknown datagrams received                  : 0
	LBM send calls which blocked                       : 0
	LBM send calls which returned EWOULDBLOCK          : 0
	LBM response calls which blocked                   : 0
	LBM response calls which returned EWOULDBLOCK      : 0
	Number of duplicate UIM messages dropped           : 0
	Number of UIM messages received without stream info: 0
	Number of data message fragments lost              : 0
	Number of data message fragments unrecoverably lost: 0
	Receiver callbacks min service time (microseconds) : -1
	Receiver callbacks max service time (microseconds) : 0
	Receiver callbacks mean service time (microseconds): 0

Context statistics received from store_appid_topic1 at 10.29.3.105, process ID=22b4ba, object ID=2771320, context instance=5d860c059005990e, domain ID=1, sent Tue Oct 06 15:57:37 CDT 2026
	Topic resolution datagrams sent                    : 0
	Topic resolution datagram bytes sent               : 0
	Topic resolution datagrams received                : 0
	Topic resolution datagram bytes received           : 0
	Topic resolution datagrams dropped version         : 0
	Topic resolution datagrams dropped type            : 0
	Topic resolution datagrams dropped malformed       : 0
	Topic resolution datagrams send failed             : 0
	Topic resolution source topics                     : 0
	Topic resolution receiver topics                   : 0
	Topic resolution unresolved receiver topics        : 0
	LBT-RM unknown datagrams received                  : 0
	LBT-RU unknown datagrams received                  : 0
	LBM send calls which blocked                       : 0
	LBM send calls which returned EWOULDBLOCK          : 0
	LBM response calls which blocked                   : 0
	LBM response calls which returned EWOULDBLOCK      : 0
	Number of duplicate UIM messages dropped           : 0
	Number of UIM messages received without stream info: 0
	Number of data message fragments lost              : 0
	Number of data message fragments unrecoverably lost: 0
	Receiver callbacks min service time (microseconds) : -1
	Receiver callbacks max service time (microseconds) : 0
	Receiver callbacks mean service time (microseconds): 0

SRS statistics received from srs1 at 10.29.4.105, process ID=22b42f, domain ID=0, sent Tue Oct 06 15:57:40 CDT 2026
um_client {
  um_client_info {
    ip: "10.29.4.105"
    port: 49937
    session_id: "0xaae8bdd7"
  }
  client_rtir_received_count: 2
  client_rir_sent_count: 2
  client_dir_sent_count: 1
  client_rtir_sent_count: 2
}

SRS statistics received from srs1 at 10.29.4.105, process ID=22b42f, domain ID=0, sent Tue Oct 06 15:57:40 CDT 2026
um_client {
  um_client_info {
    ip: "10.29.4.105"
    port: 47705
    session_id: "0x1f614ade"
  }
  client_rir_received_count: 1
  client_sir_sent_count: 1
  client_ser_sent_count: 1
  client_dir_sent_count: 1
  client_rtir_sent_count: 2
  client_cnir_sent_count: 1
}

SRS statistics received from srs1 at 10.29.4.105, process ID=22b42f, domain ID=0, sent Tue Oct 06 15:57:40 CDT 2026
um_client {
  um_client_info {
    ip: "10.29.4.105"
    port: 46229
    session_id: "0xc0bf9235"
  }
  client_cnir_received_count: 1
  client_dir_sent_count: 1
  client_rtir_sent_count: 2
}

SRS statistics received from srs1 at 10.29.4.105, process ID=22b42f, domain ID=0, sent Tue Oct 06 15:57:40 CDT 2026
um_client {
  um_client_info {
    ip: "10.29.4.105"
    port: 41699
    session_id: "0x85c43d1d"
  }
  client_rir_received_count: 1
  client_sir_sent_count: 1
  client_ser_sent_count: 1
  client_dir_sent_count: 1
  client_rtir_sent_count: 2
}

SRS statistics received from srs1 at 10.29.4.105, process ID=22b42f, domain ID=0, sent Tue Oct 06 15:57:40 CDT 2026
internal {
  srs_otidmap_shards: "4"
  srs_topicmap_shards: "4"
  srs_routemap_shards: "4"
  srs_namemap_shards: "4"
}

SRS statistics received from srs1 at 10.29.4.105, process ID=22b42f, domain ID=0, sent Tue Oct 06 15:57:40 CDT 2026
srs {
  clients_next_client_id: 6
  active_clients_count: 4
  clients_connects_count: 5
  clients_disconnects_count: 1
  clients_max_concurrent_connections_count: 5
  clients_active_rir_count: 2
  clients_active_cnir_count: 1
  clients_active_dir_count: 2
  clients_active_rtir_count: 1
}

SRS statistics received from srs1 at 10.29.4.105, process ID=22b42f, domain ID=0, sent Tue Oct 06 15:57:40 CDT 2026
um_client_error {
  um_client_info {
    ip: "10.29.4.105"
    port: 49937
    session_id: "0xaae8bdd7"
  }
}

SRS statistics received from srs1 at 10.29.4.105, process ID=22b42f, domain ID=0, sent Tue Oct 06 15:57:40 CDT 2026
um_client_error {
  um_client_info {
    ip: "10.29.4.105"
    port: 47705
    session_id: "0x1f614ade"
  }
}

SRS statistics received from srs1 at 10.29.4.105, process ID=22b42f, domain ID=0, sent Tue Oct 06 15:57:40 CDT 2026
um_client_error {
  um_client_info {
    ip: "10.29.4.105"
    port: 46229
    session_id: "0xc0bf9235"
  }
}

SRS statistics received from srs1 at 10.29.4.105, process ID=22b42f, domain ID=0, sent Tue Oct 06 15:57:40 CDT 2026
um_client_error {
  um_client_info {
    ip: "10.29.4.105"
    port: 41699
    session_id: "0x85c43d1d"
  }
}

SRS statistics received from srs1 at 10.29.4.105, process ID=22b42f, domain ID=0, sent Tue Oct 06 15:57:40 CDT 2026
version: "1.0"
daemon_log_type: "console"
daemon_log_frequency: "disable"
daemon_log_size: "10"
daemon_log_max_history: "10"
daemon_log_total_size_cap: "1000"
daemon_log_compression: "none"
daemon_pid_file: "srs.pid"
srs_interface: "10.29.4.105"
srs_port: "12601"
srs_source_state_lifetime: "86400"
srs_interest_state_lifetime: "86400"
srs_route_state_lifetime: "30"
srs_context_name_state_lifetime: "86400"
srs_source_leave_backoff: "500"
srs_clientactor_request_stream_max_msg_count: "1000"
srs_clientactor_record_queue_service_interval: "10"
srs_clientactor_batch_frame_max_record_count: "50"
srs_clientactor_batch_frame_max_datagram_size: "8192"
srs_application_id: "srs1"
debug_monitor_interface: "localhost"
debug_monitor_port: "27001"
debug_monitor_enabled: "false"
debug_monitor_ping_interval: "60000"
daemon_monitor_topic: "/29west/statistics"
daemon_monitor_ping_interval: "5000"
daemon_monitor_publishing_interval_default: "5000"
daemon_monitor_publishing_interval_srs_stats: "5000"
daemon_monitor_publishing_interval_um_client_stats: "5000"
daemon_monitor_publishing_interval_connection_events: "5000"
daemon_monitor_publishing_interval_srs_error_stats: "5000"
daemon_monitor_publishing_interval_um_client_error_stats: "5000"
daemon_monitor_publishing_interval_config_opts: "5000"
daemon_monitor_publishing_interval_internal_config_opts: "5000"
daemon_monitor_publish_connection_events_allow: "false"
daemon_monitor_remote_snapshot_request_allow: "false"
daemon_monitor_remote_config_changes_request_allow: "false"
daemon_monitor_monitor_format: "pb"
daemon_monitor_lbm_attributes {
  scope: "context"
  name: "default_interface"
  value: "10.29.3.0/24"
}
daemon_monitor_lbm_attributes {
  scope: "context"
  name: "mim_incoming_address"
  value: "0.0.0.0"
}
daemon_monitor_lbm_attributes {
  scope: "context"
  name: "request_tcp_interface"
  value: "10.29.3.0/24"
}
daemon_monitor_lbm_attributes {
  scope: "context"
  name: "request_tcp_reuseaddr"
  value: "1"
}
daemon_monitor_lbm_attributes {
  scope: "context"
  name: "resolver_disable_udp_topic_resolution"
  value: "0"
}
daemon_monitor_lbm_attributes {
  scope: "context"
  name: "resolver_service"
  value: "0.0.0.0:0"
}
daemon_monitor_lbm_attributes {
  scope: "context"
  name: "resolver_unicast_daemon"
  value: "0.0.0.0:0,10.29.3.105:12801"
}
daemon_monitor_lbm_attributes {
  scope: "context"
  name: "resolver_unicast_port_high"
  value: "12809"
}
daemon_monitor_lbm_attributes {
  scope: "context"
  name: "resolver_unicast_port_low"
  value: "12802"
}
daemon_monitor_lbm_attributes {
  scope: "source"
  name: "transport"
  value: "tcp"
}

Gateway statistics received from dro1 at 10.29.3.105, process ID=22b49c, object ID=1b54c30, domain ID=0, sent Tue Oct 06 15:57:40 CDT 2026
local {
  gateway_name: "dro1"
  gateway_id: 17080559106476924158
  version: 2
  topology_signature: 4145639977
  recalc_duration_usec: 56
  graph_version: 2
  gateway_count: 1
  trd_count: 2
  malloc_info {
    arena: 37806080
    ordblks: 114
    hblks: 27
    hblkhd: 24506368
    uordblks: 22409744
    fordblks: 15396336
  }
}
portals {
  portal_name: "TRD1"
  cost: 1
  proxy_receivers: 1
  receiver_topics: 1
  recalc_duration_usec: 56
  proxy_rec_recalc_duration_usec: 132
  endpoint {
    receive {
      transport_topic_fragments_rcvd: 27
      transport_topic_fragment_bytes_rcvd: 19224
      transport_topic_control_rcvd: 16
      transport_topic_control_bytes_rcvd: 1152
      unicast_data_msgs_rcvd: 4
      unicast_data_msg_bytes_rcvd: 3088
      unicast_cntl_msgs_rcvd: 1
      unicast_cntl_msg_bytes_rcvd: 84
    }
    send {
      unicast_msgs_forwarded: 31
      unicast_msg_bytes_forwarded: 2744
      unicast_msgs_sent: 31
      unicast_msg_bytes_sent: 2744
      data_bytes_enqueued_limit: 1000000
    }
  }
}
portals {
  portal_name: "TRD2"
  portal_index: 1
  cost: 1
  proxy_receivers: 1
  receiver_topics: 1
  recalc_duration_usec: 56
  proxy_rec_recalc_duration_usec: 183
  endpoint {
    receive {
      unicast_cntl_msgs_rcvd: 31
      unicast_cntl_msg_bytes_rcvd: 2744
    }
    send {
      transport_topic_fragments_forwarded: 43
      transport_topic_fragment_bytes_forwarded: 20376
      transport_topic_fragments_sent: 43
      transport_topic_fragment_bytes_sent: 20376
      unicast_msgs_forwarded: 5
      unicast_msg_bytes_forwarded: 3172
      unicast_msgs_sent: 5
      unicast_msg_bytes_sent: 3172
      data_bytes_enqueued_limit: 1000000
    }
  }
}

Event Queue statistics received from Gateway_Portal_TRD2_event_queue at 10.29.3.105, process ID=22b49c, object ID=1f5a160, domain ID=0, sent Tue Oct 06 15:57:40 CDT 2026
	Data messages enqueued                                        : 0
	Total data messages enqueued                                  : 0
	Data messages min service time (microseconds)                 : -1
	Data messages mean service time (microseconds)                : 0
	Data messages max service time (microseconds)                 : 0
	Response messages enqueued                                    : 0
	Total response messages enqueued                              : 0
	Response messages min service time (microseconds)             : -1
	Response messages mean service time (microseconds)            : 0
	Response messages max service time (microseconds)             : 0
	Topicless immediate messages enqueued                         : 0
	Total topicless immediate messages enqueued                   : 0
	Topicless immediate messages min service time (microseconds)  : -1
	Topicless immediate messages mean service time (microseconds) : 0
	Topicless immediate messages max service time (microseconds)  : 0
	Wildcard receiver messages enqueued                           : 0
	Total wildcard receiver messages enqueued                     : 0
	Wildcard receiver messages min service time (microseconds)    : -1
	Wildcard receiver messages mean service time (microseconds)   : 0
	Wildcard receiver messages max service time (microseconds)    : 0
	I/O events enqueued                                           : 0
	Total I/O events enqueued                                     : 0
	I/O events min service time (microseconds)                    : -1
	I/O events mean service time (microseconds)                   : 0
	I/O events max service time (microseconds)                    : 0
	Timer events enqueued                                         : 0
	Total timer events enqueued                                   : 0
	Timer events min service time (microseconds)                  : -1
	Timer events mean service time (microseconds)                 : 0
	Timer events max service time (microseconds)                  : 0
	Source events enqueued                                        : 0
	Total source events enqueued                                  : 0
	Source events min service time (microseconds)                 : -1
	Source events mean service time (microseconds)                : 0
	Source events max service time (microseconds)                 : 0
	Unblock events enqueued                                       : 0
	Total unblock events enqueued                                 : 0
	Cancel events enqueued                                        : 0
	Total cancel events enqueued                                  : 0
	Cancel events min service time (microseconds)                 : -1
	Cancel events mean service time (microseconds)                : 0
	Cancel events max service time (microseconds)                 : 0
	Callback events enqueued                                      : 0
	Total callback events enqueued                                : 0
	Callback events min service time (microseconds)               : -1
	Callback events mean service time (microseconds)              : 0
	Callback events max service time (microseconds)               : 0
	Context source events enqueued                                : 0
	Total context source events enqueued                          : 0
	Context source events min service time (microseconds)         : -1
	Context source events mean service time (microseconds)        : 0
	Context source events max service time (microseconds)         : 0
	Events currently enqueued                                     : 0
	Total events enqueued                                         : 0
	Minimum age of events enqueued (microseconds)                 : -1
	Mean age of events enqueued (microseconds)                    : 0
	Max age of events enqueued (microseconds)                     : 0

Event Queue statistics received from Gateway_Portal_TRD1_event_queue at 10.29.3.105, process ID=22b49c, object ID=1e1d3f0, domain ID=0, sent Tue Oct 06 15:57:40 CDT 2026
	Data messages enqueued                                        : 0
	Total data messages enqueued                                  : 0
	Data messages min service time (microseconds)                 : -1
	Data messages mean service time (microseconds)                : 0
	Data messages max service time (microseconds)                 : 0
	Response messages enqueued                                    : 0
	Total response messages enqueued                              : 0
	Response messages min service time (microseconds)             : -1
	Response messages mean service time (microseconds)            : 0
	Response messages max service time (microseconds)             : 0
	Topicless immediate messages enqueued                         : 0
	Total topicless immediate messages enqueued                   : 0
	Topicless immediate messages min service time (microseconds)  : -1
	Topicless immediate messages mean service time (microseconds) : 0
	Topicless immediate messages max service time (microseconds)  : 0
	Wildcard receiver messages enqueued                           : 0
	Total wildcard receiver messages enqueued                     : 0
	Wildcard receiver messages min service time (microseconds)    : -1
	Wildcard receiver messages mean service time (microseconds)   : 0
	Wildcard receiver messages max service time (microseconds)    : 0
	I/O events enqueued                                           : 0
	Total I/O events enqueued                                     : 0
	I/O events min service time (microseconds)                    : -1
	I/O events mean service time (microseconds)                   : 0
	I/O events max service time (microseconds)                    : 0
	Timer events enqueued                                         : 0
	Total timer events enqueued                                   : 0
	Timer events min service time (microseconds)                  : -1
	Timer events mean service time (microseconds)                 : 0
	Timer events max service time (microseconds)                  : 0
	Source events enqueued                                        : 0
	Total source events enqueued                                  : 0
	Source events min service time (microseconds)                 : -1
	Source events mean service time (microseconds)                : 0
	Source events max service time (microseconds)                 : 0
	Unblock events enqueued                                       : 0
	Total unblock events enqueued                                 : 0
	Cancel events enqueued                                        : 0
	Total cancel events enqueued                                  : 0
	Cancel events min service time (microseconds)                 : -1
	Cancel events mean service time (microseconds)                : 0
	Cancel events max service time (microseconds)                 : 0
	Callback events enqueued                                      : 0
	Total callback events enqueued                                : 0
	Callback events min service time (microseconds)               : -1
	Callback events mean service time (microseconds)              : 0
	Callback events max service time (microseconds)               : 0
	Context source events enqueued                                : 0
	Total context source events enqueued                          : 0
	Context source events min service time (microseconds)         : -1
	Context source events mean service time (microseconds)        : 0
	Context source events max service time (microseconds)         : 0
	Events currently enqueued                                     : 0
	Total events enqueued                                         : 0
	Minimum age of events enqueued (microseconds)                 : -1
	Mean age of events enqueued (microseconds)                    : 0
	Max age of events enqueued (microseconds)                     : 0

Context statistics received from Gateway_Portal_TRD2_src_ctx at 10.29.3.105, process ID=22b49c, object ID=1e266e0, context instance=df13daf3f0e6045a, domain ID=2, sent Tue Oct 06 15:57:40 CDT 2026
	Topic resolution datagrams sent                    : 180
	Topic resolution datagram bytes sent               : 17302
	Topic resolution datagrams received                : 338
	Topic resolution datagram bytes received           : 24651
	Topic resolution datagrams dropped version         : 0
	Topic resolution datagrams dropped type            : 0
	Topic resolution datagrams dropped malformed       : 0
	Topic resolution datagrams send failed             : 0
	Topic resolution source topics                     : 0
	Topic resolution receiver topics                   : 0
	Topic resolution unresolved receiver topics        : 0
	LBT-RM unknown datagrams received                  : 0
	LBT-RU unknown datagrams received                  : 0
	LBM send calls which blocked                       : 0
	LBM send calls which returned EWOULDBLOCK          : 0
	LBM response calls which blocked                   : 0
	LBM response calls which returned EWOULDBLOCK      : 0
	Number of duplicate UIM messages dropped           : 0
	Number of UIM messages received without stream info: 0
	Number of data message fragments lost              : 0
	Number of data message fragments unrecoverably lost: 0
	Receiver callbacks min service time (microseconds) : -1
	Receiver callbacks max service time (microseconds) : 0
	Receiver callbacks mean service time (microseconds): 0

IM source statistics received from Gateway_Portal_TRD2_src_ctx at 10.29.3.105, process ID=22b49c, object ID=1e266e0, context instance=df13daf3f0e6045a, domain ID=2, sent Tue Oct 06 15:57:40 CDT 2026
Source: LBTRM:10.29.4.105:14391:12265df3:224.10.10.21:14401[4294967295]
Transport: LBT-RM
	LBT-RM datagrams sent                                 : 0
	LBT-RM datagrams bytes sent                           : 0
	LBT-RM datagrams in transmission window               : 0
	LBT-RM datagram bytes in transmission window          : 0
	LBT-RM NAK packets received                           : 0
	LBT-RM NAKs received                                  : 0
	LBT-RM NAKs ignored                                   : 0
	LBT-RM NAKs shed                                      : 0
	LBT-RM NAKs ignored (retransmit delay)                : 0
	LBT-RM retransmission datagrams sent                  : 0
	LBT-RM retransmission datagram bytes sent             : 0
	LBT-RM datagrams queued by rate control               : 0
	LBT-RM retransmission datagrams queued by rate control: 0

Context statistics received from Gateway_Portal_TRD2_rcv_ctx at 10.29.3.105, process ID=22b49c, object ID=1ea7800, context instance=6564a4167c753958, domain ID=2, sent Tue Oct 06 15:57:40 CDT 2026
	Topic resolution datagrams sent                    : 71
	Topic resolution datagram bytes sent               : 3260
	Topic resolution datagrams received                : 338
	Topic resolution datagram bytes received           : 24651
	Topic resolution datagrams dropped version         : 0
	Topic resolution datagrams dropped type            : 0
	Topic resolution datagrams dropped malformed       : 0
	Topic resolution datagrams send failed             : 0
	Topic resolution source topics                     : 0
	Topic resolution receiver topics                   : 1
	Topic resolution unresolved receiver topics        : 1
	LBT-RM unknown datagrams received                  : 0
	LBT-RU unknown datagrams received                  : 0
	LBM send calls which blocked                       : 0
	LBM send calls which returned EWOULDBLOCK          : 0
	LBM response calls which blocked                   : 0
	LBM response calls which returned EWOULDBLOCK      : 0
	Number of duplicate UIM messages dropped           : 0
	Number of UIM messages received without stream info: 0
	Number of data message fragments lost              : 0
	Number of data message fragments unrecoverably lost: 0
	Receiver callbacks min service time (microseconds) : -1
	Receiver callbacks max service time (microseconds) : 0
	Receiver callbacks mean service time (microseconds): 0

Context statistics received from Gateway_Portal_TRD1_src_ctx at 10.29.3.105, process ID=22b49c, object ID=1bfda50, context instance=afc3a72ab4a0190e, domain ID=1, sent Tue Oct 06 15:57:40 CDT 2026
	Topic resolution datagrams sent                    : 0
	Topic resolution datagram bytes sent               : 0
	Topic resolution datagrams received                : 0
	Topic resolution datagram bytes received           : 0
	Topic resolution datagrams dropped version         : 0
	Topic resolution datagrams dropped type            : 0
	Topic resolution datagrams dropped malformed       : 0
	Topic resolution datagrams send failed             : 0
	Topic resolution source topics                     : 0
	Topic resolution receiver topics                   : 0
	Topic resolution unresolved receiver topics        : 0
	LBT-RM unknown datagrams received                  : 0
	LBT-RU unknown datagrams received                  : 0
	LBM send calls which blocked                       : 0
	LBM send calls which returned EWOULDBLOCK          : 0
	LBM response calls which blocked                   : 0
	LBM response calls which returned EWOULDBLOCK      : 0
	Number of duplicate UIM messages dropped           : 0
	Number of UIM messages received without stream info: 0
	Number of data message fragments lost              : 0
	Number of data message fragments unrecoverably lost: 0
	Receiver callbacks min service time (microseconds) : -1
	Receiver callbacks max service time (microseconds) : 0
	Receiver callbacks mean service time (microseconds): 0

IM source statistics received from Gateway_Portal_TRD1_src_ctx at 10.29.3.105, process ID=22b49c, object ID=1bfda50, context instance=afc3a72ab4a0190e, domain ID=1, sent Tue Oct 06 15:57:40 CDT 2026
Source: LBTRM:10.29.4.105:14390:9dd2ec8f:224.10.10.21:14401[4294967295]
Transport: LBT-RM
	LBT-RM datagrams sent                                 : 0
	LBT-RM datagrams bytes sent                           : 0
	LBT-RM datagrams in transmission window               : 0
	LBT-RM datagram bytes in transmission window          : 0
	LBT-RM NAK packets received                           : 0
	LBT-RM NAKs received                                  : 0
	LBT-RM NAKs ignored                                   : 0
	LBT-RM NAKs shed                                      : 0
	LBT-RM NAKs ignored (retransmit delay)                : 0
	LBT-RM retransmission datagrams sent                  : 0
	LBT-RM retransmission datagram bytes sent             : 0
	LBT-RM datagrams queued by rate control               : 0
	LBT-RM retransmission datagrams queued by rate control: 0

Context statistics received from Gateway_Portal_TRD1_rcv_ctx at 10.29.3.105, process ID=22b49c, object ID=1cf49c0, context instance=8bee4fdb11d451f2, domain ID=1, sent Tue Oct 06 15:57:40 CDT 2026
	Topic resolution datagrams sent                    : 0
	Topic resolution datagram bytes sent               : 0
	Topic resolution datagrams received                : 0
	Topic resolution datagram bytes received           : 0
	Topic resolution datagrams dropped version         : 0
	Topic resolution datagrams dropped type            : 0
	Topic resolution datagrams dropped malformed       : 0
	Topic resolution datagrams send failed             : 0
	Topic resolution source topics                     : 0
	Topic resolution receiver topics                   : 1
	Topic resolution unresolved receiver topics        : 1
	LBT-RM unknown datagrams received                  : 0
	LBT-RU unknown datagrams received                  : 0
	LBM send calls which blocked                       : 0
	LBM send calls which returned EWOULDBLOCK          : 0
	LBM response calls which blocked                   : 0
	LBM response calls which returned EWOULDBLOCK      : 0
	Number of duplicate UIM messages dropped           : 0
	Number of UIM messages received without stream info: 0
	Number of data message fragments lost              : 0
	Number of data message fragments unrecoverably lost: 0
	Receiver callbacks min service time (microseconds) : -1
	Receiver callbacks max service time (microseconds) : 0
	Receiver callbacks mean service time (microseconds): 0

Event Queue statistics received from umercv at 10.29.3.105, process ID=22b4f6, object ID=1e43c80, domain ID=0, sent Tue Oct 06 15:57:42 CDT 2026
	Data messages enqueued                                        : 0
	Total data messages enqueued                                  : 34
	Data messages min service time (microseconds)                 : -1
	Data messages mean service time (microseconds)                : 0
	Data messages max service time (microseconds)                 : 0
	Response messages enqueued                                    : 0
	Total response messages enqueued                              : 0
	Response messages min service time (microseconds)             : -1
	Response messages mean service time (microseconds)            : 0
	Response messages max service time (microseconds)             : 0
	Topicless immediate messages enqueued                         : 0
	Total topicless immediate messages enqueued                   : 0
	Topicless immediate messages min service time (microseconds)  : -1
	Topicless immediate messages mean service time (microseconds) : 0
	Topicless immediate messages max service time (microseconds)  : 0
	Wildcard receiver messages enqueued                           : 0
	Total wildcard receiver messages enqueued                     : 0
	Wildcard receiver messages min service time (microseconds)    : -1
	Wildcard receiver messages mean service time (microseconds)   : 0
	Wildcard receiver messages max service time (microseconds)    : 0
	I/O events enqueued                                           : 0
	Total I/O events enqueued                                     : 0
	I/O events min service time (microseconds)                    : -1
	I/O events mean service time (microseconds)                   : 0
	I/O events max service time (microseconds)                    : 0
	Timer events enqueued                                         : 0
	Total timer events enqueued                                   : 0
	Timer events min service time (microseconds)                  : -1
	Timer events mean service time (microseconds)                 : 0
	Timer events max service time (microseconds)                  : 0
	Source events enqueued                                        : 0
	Total source events enqueued                                  : 0
	Source events min service time (microseconds)                 : -1
	Source events mean service time (microseconds)                : 0
	Source events max service time (microseconds)                 : 0
	Unblock events enqueued                                       : 0
	Total unblock events enqueued                                 : 1
	Cancel events enqueued                                        : 0
	Total cancel events enqueued                                  : 0
	Cancel events min service time (microseconds)                 : -1
	Cancel events mean service time (microseconds)                : 0
	Cancel events max service time (microseconds)                 : 0
	Callback events enqueued                                      : 0
	Total callback events enqueued                                : 0
	Callback events min service time (microseconds)               : -1
	Callback events mean service time (microseconds)              : 0
	Callback events max service time (microseconds)               : 0
	Context source events enqueued                                : 0
	Total context source events enqueued                          : 0
	Context source events min service time (microseconds)         : -1
	Context source events mean service time (microseconds)        : 0
	Context source events max service time (microseconds)         : 0
	Events currently enqueued                                     : 0
	Total events enqueued                                         : 35
	Minimum age of events enqueued (microseconds)                 : -1
	Mean age of events enqueued (microseconds)                    : 0
	Max age of events enqueued (microseconds)                     : 0

Context statistics received from umercv at 10.29.3.105, process ID=22b4f6, object ID=1ed28e0, context instance=8a3b09f8ad01e8cf, domain ID=2, sent Tue Oct 06 15:57:42 CDT 2026
	Topic resolution datagrams sent                    : 88
	Topic resolution datagram bytes sent               : 4136
	Topic resolution datagrams received                : 293
	Topic resolution datagram bytes received           : 22476
	Topic resolution datagrams dropped version         : 0
	Topic resolution datagrams dropped type            : 0
	Topic resolution datagrams dropped malformed       : 0
	Topic resolution datagrams send failed             : 0
	Topic resolution source topics                     : 0
	Topic resolution receiver topics                   : 1
	Topic resolution unresolved receiver topics        : 1
	LBT-RM unknown datagrams received                  : 0
	LBT-RU unknown datagrams received                  : 0
	LBM send calls which blocked                       : 0
	LBM send calls which returned EWOULDBLOCK          : 0
	LBM response calls which blocked                   : 0
	LBM response calls which returned EWOULDBLOCK      : 0
	Number of duplicate UIM messages dropped           : 0
	Number of UIM messages received without stream info: 0
	Number of data message fragments lost              : 2
	Number of data message fragments unrecoverably lost: 0
	Receiver callbacks min service time (microseconds) : -1
	Receiver callbacks max service time (microseconds) : 0
	Receiver callbacks mean service time (microseconds): 0

Store statistics received from store_topic1 at 10.29.3.105, process ID=22b4ba, object ID=2316550, context instance=d00c3c82816738ec, domain ID=0, sent Tue Oct 06 15:57:42 CDT 2026
ume_retx_req_rcv_count: 4
ume_retx_req_serviced_count: 4
ume_retx_stat_interval: 75
smart_heap_stat {
  poolsize: 310184160
  poolcount: 87406
  smallBlockSize: 256
  pageSize: 65504
}

Store statistics received from store_topic1 at 10.29.3.105, process ID=22b4ba, object ID=2316550, context instance=d00c3c82816738ec, domain ID=0, sent Tue Oct 06 15:57:42 CDT 2026
events {
  timestamp_sec: 1791320260
  timestamp_usec: 312391
  event_type: SOURCE_DELETED_EVENT
  src_regid: 4228464808
  deletion_reason_code: DELETED
}
events {
  timestamp_sec: 1791320260
  timestamp_usec: 312420
  event_type: RECEIVER_DELETED_EVENT
  deletion_reason_code: SRC_DELETED
}

Context statistics received from store_appid_topic1 at 10.29.3.105, process ID=22b4ba, object ID=2316550, context instance=d00c3c82816738ec, domain ID=1, sent Tue Oct 06 15:57:42 CDT 2026
	Topic resolution datagrams sent                    : 0
	Topic resolution datagram bytes sent               : 0
	Topic resolution datagrams received                : 0
	Topic resolution datagram bytes received           : 0
	Topic resolution datagrams dropped version         : 0
	Topic resolution datagrams dropped type            : 0
	Topic resolution datagrams dropped malformed       : 0
	Topic resolution datagrams send failed             : 0
	Topic resolution source topics                     : 0
	Topic resolution receiver topics                   : 0
	Topic resolution unresolved receiver topics        : 1
	LBT-RM unknown datagrams received                  : 0
	LBT-RU unknown datagrams received                  : 0
	LBM send calls which blocked                       : 0
	LBM send calls which returned EWOULDBLOCK          : 0
	LBM response calls which blocked                   : 0
	LBM response calls which returned EWOULDBLOCK      : 0
	Number of duplicate UIM messages dropped           : 0
	Number of UIM messages received without stream info: 0
	Number of data message fragments lost              : 0
	Number of data message fragments unrecoverably lost: 0
	Receiver callbacks min service time (microseconds) : -1
	Receiver callbacks max service time (microseconds) : 0
	Receiver callbacks mean service time (microseconds): 0

Context statistics received from store_appid_topic1 at 10.29.3.105, process ID=22b4ba, object ID=2771320, context instance=5d860c059005990e, domain ID=1, sent Tue Oct 06 15:57:42 CDT 2026
	Topic resolution datagrams sent                    : 0
	Topic resolution datagram bytes sent               : 0
	Topic resolution datagrams received                : 0
	Topic resolution datagram bytes received           : 0
	Topic resolution datagrams dropped version         : 0
	Topic resolution datagrams dropped type            : 0
	Topic resolution datagrams dropped malformed       : 0
	Topic resolution datagrams send failed             : 0
	Topic resolution source topics                     : 0
	Topic resolution receiver topics                   : 0
	Topic resolution unresolved receiver topics        : 0
	LBT-RM unknown datagrams received                  : 0
	LBT-RU unknown datagrams received                  : 0
	LBM send calls which blocked                       : 0
	LBM send calls which returned EWOULDBLOCK          : 0
	LBM response calls which blocked                   : 0
	LBM response calls which returned EWOULDBLOCK      : 0
	Number of duplicate UIM messages dropped           : 0
	Number of UIM messages received without stream info: 0
	Number of data message fragments lost              : 0
	Number of data message fragments unrecoverably lost: 0
	Receiver callbacks min service time (microseconds) : -1
	Receiver callbacks max service time (microseconds) : 0
	Receiver callbacks mean service time (microseconds): 0

SRS statistics received from srs1 at 10.29.4.105, process ID=22b42f, domain ID=0, sent Tue Oct 06 15:57:45 CDT 2026
um_client {
  um_client_info {
    ip: "10.29.4.105"
    port: 49937
    session_id: "0xaae8bdd7"
  }
  client_rtir_received_count: 2
  client_rir_sent_count: 2
  client_rer_sent_count: 1
  client_dir_sent_count: 1
  client_rtir_sent_count: 2
}

SRS statistics received from srs1 at 10.29.4.105, process ID=22b42f, domain ID=0, sent Tue Oct 06 15:57:45 CDT 2026
um_client {
  um_client_info {
    ip: "10.29.4.105"
    port: 47705
    session_id: "0x1f614ade"
  }
  client_rir_received_count: 1
  client_sir_sent_count: 1
  client_ser_sent_count: 1
  client_dir_sent_count: 1
  client_rtir_sent_count: 2
  client_cnir_sent_count: 1
}

SRS statistics received from srs1 at 10.29.4.105, process ID=22b42f, domain ID=0, sent Tue Oct 06 15:57:45 CDT 2026
um_client {
  um_client_info {
    ip: "10.29.4.105"
    port: 46229
    session_id: "0xc0bf9235"
  }
  client_cnir_received_count: 1
  client_dir_sent_count: 1
  client_rtir_sent_count: 2
}

SRS statistics received from srs1 at 10.29.4.105, process ID=22b42f, domain ID=0, sent Tue Oct 06 15:57:45 CDT 2026
um_client {
  um_client_info {
    ip: "10.29.4.105"
    port: 41699
    session_id: "0x85c43d1d"
  }
  client_rir_received_count: 1
  client_rdr_received_count: 1
  client_sir_sent_count: 1
  client_ser_sent_count: 1
  client_dir_sent_count: 1
  client_rtir_sent_count: 2
}

SRS statistics received from srs1 at 10.29.4.105, process ID=22b42f, domain ID=0, sent Tue Oct 06 15:57:45 CDT 2026
srs {
  clients_next_client_id: 6
  active_clients_count: 4
  clients_connects_count: 5
  clients_disconnects_count: 1
  clients_max_concurrent_connections_count: 5
  clients_active_rir_count: 1
  clients_active_cnir_count: 1
  clients_active_dir_count: 2
  clients_active_rtir_count: 1
}

SRS statistics received from srs1 at 10.29.4.105, process ID=22b42f, domain ID=0, sent Tue Oct 06 15:57:45 CDT 2026
internal {
  srs_otidmap_shards: "4"
  srs_topicmap_shards: "4"
  srs_routemap_shards: "4"
  srs_namemap_shards: "4"
}

SRS statistics received from srs1 at 10.29.4.105, process ID=22b42f, domain ID=0, sent Tue Oct 06 15:57:45 CDT 2026
um_client_error {
  um_client_info {
    ip: "10.29.4.105"
    port: 49937
    session_id: "0xaae8bdd7"
  }
}

SRS statistics received from srs1 at 10.29.4.105, process ID=22b42f, domain ID=0, sent Tue Oct 06 15:57:45 CDT 2026
um_client_error {
  um_client_info {
    ip: "10.29.4.105"
    port: 47705
    session_id: "0x1f614ade"
  }
}

SRS statistics received from srs1 at 10.29.4.105, process ID=22b42f, domain ID=0, sent Tue Oct 06 15:57:45 CDT 2026
um_client_error {
  um_client_info {
    ip: "10.29.4.105"
    port: 46229
    session_id: "0xc0bf9235"
  }
}

SRS statistics received from srs1 at 10.29.4.105, process ID=22b42f, domain ID=0, sent Tue Oct 06 15:57:45 CDT 2026
um_client_error {
  um_client_info {
    ip: "10.29.4.105"
    port: 41699
    session_id: "0x85c43d1d"
  }
}

SRS statistics received from srs1 at 10.29.4.105, process ID=22b42f, domain ID=0, sent Tue Oct 06 15:57:45 CDT 2026
version: "1.0"
daemon_log_type: "console"
daemon_log_frequency: "disable"
daemon_log_size: "10"
daemon_log_max_history: "10"
daemon_log_total_size_cap: "1000"
daemon_log_compression: "none"
daemon_pid_file: "srs.pid"
srs_interface: "10.29.4.105"
srs_port: "12601"
srs_source_state_lifetime: "86400"
srs_interest_state_lifetime: "86400"
srs_route_state_lifetime: "30"
srs_context_name_state_lifetime: "86400"
srs_source_leave_backoff: "500"
srs_clientactor_request_stream_max_msg_count: "1000"
srs_clientactor_record_queue_service_interval: "10"
srs_clientactor_batch_frame_max_record_count: "50"
srs_clientactor_batch_frame_max_datagram_size: "8192"
srs_application_id: "srs1"
debug_monitor_interface: "localhost"
debug_monitor_port: "27001"
debug_monitor_enabled: "false"
debug_monitor_ping_interval: "60000"
daemon_monitor_topic: "/29west/statistics"
daemon_monitor_ping_interval: "5000"
daemon_monitor_publishing_interval_default: "5000"
daemon_monitor_publishing_interval_srs_stats: "5000"
daemon_monitor_publishing_interval_um_client_stats: "5000"
daemon_monitor_publishing_interval_connection_events: "5000"
daemon_monitor_publishing_interval_srs_error_stats: "5000"
daemon_monitor_publishing_interval_um_client_error_stats: "5000"
daemon_monitor_publishing_interval_config_opts: "5000"
daemon_monitor_publishing_interval_internal_config_opts: "5000"
daemon_monitor_publish_connection_events_allow: "false"
daemon_monitor_remote_snapshot_request_allow: "false"
daemon_monitor_remote_config_changes_request_allow: "false"
daemon_monitor_monitor_format: "pb"
daemon_monitor_lbm_attributes {
  scope: "context"
  name: "default_interface"
  value: "10.29.3.0/24"
}
daemon_monitor_lbm_attributes {
  scope: "context"
  name: "mim_incoming_address"
  value: "0.0.0.0"
}
daemon_monitor_lbm_attributes {
  scope: "context"
  name: "request_tcp_interface"
  value: "10.29.3.0/24"
}
daemon_monitor_lbm_attributes {
  scope: "context"
  name: "request_tcp_reuseaddr"
  value: "1"
}
daemon_monitor_lbm_attributes {
  scope: "context"
  name: "resolver_disable_udp_topic_resolution"
  value: "0"
}
daemon_monitor_lbm_attributes {
  scope: "context"
  name: "resolver_service"
  value: "0.0.0.0:0"
}
daemon_monitor_lbm_attributes {
  scope: "context"
  name: "resolver_unicast_daemon"
  value: "0.0.0.0:0,10.29.3.105:12801"
}
daemon_monitor_lbm_attributes {
  scope: "context"
  name: "resolver_unicast_port_high"
  value: "12809"
}
daemon_monitor_lbm_attributes {
  scope: "context"
  name: "resolver_unicast_port_low"
  value: "12802"
}
daemon_monitor_lbm_attributes {
  scope: "source"
  name: "transport"
  value: "tcp"
}

Gateway statistics received from dro1 at 10.29.3.105, process ID=22b49c, object ID=1b54c30, domain ID=0, sent Tue Oct 06 15:57:45 CDT 2026
local {
  gateway_name: "dro1"
  gateway_id: 17080559106476924158
  version: 2
  topology_signature: 4145639977
  recalc_duration_usec: 56
  graph_version: 2
  gateway_count: 1
  trd_count: 2
  malloc_info {
    arena: 37806080
    ordblks: 115
    hblks: 27
    hblkhd: 24506368
    uordblks: 22407568
    fordblks: 15398512
  }
}
portals {
  portal_name: "TRD1"
  cost: 1
  proxy_receivers: 1
  receiver_topics: 1
  recalc_duration_usec: 56
  proxy_rec_recalc_duration_usec: 132
  endpoint {
    receive {
      transport_topic_fragments_rcvd: 27
      transport_topic_fragment_bytes_rcvd: 19224
      transport_topic_control_rcvd: 16
      transport_topic_control_bytes_rcvd: 1152
      unicast_data_msgs_rcvd: 4
      unicast_data_msg_bytes_rcvd: 3088
      unicast_cntl_msgs_rcvd: 1
      unicast_cntl_msg_bytes_rcvd: 84
    }
    send {
      unicast_msgs_forwarded: 31
      unicast_msg_bytes_forwarded: 2744
      unicast_msgs_sent: 31
      unicast_msg_bytes_sent: 2744
      data_bytes_enqueued_limit: 1000000
    }
  }
}
portals {
  portal_name: "TRD2"
  portal_index: 1
  cost: 1
  proxy_receivers: 1
  receiver_topics: 1
  recalc_duration_usec: 56
  proxy_rec_recalc_duration_usec: 183
  endpoint {
    receive {
      unicast_cntl_msgs_rcvd: 31
      unicast_cntl_msg_bytes_rcvd: 2744
    }
    send {
      transport_topic_fragments_forwarded: 43
      transport_topic_fragment_bytes_forwarded: 20376
      transport_topic_fragments_sent: 43
      transport_topic_fragment_bytes_sent: 20376
      unicast_msgs_forwarded: 5
      unicast_msg_bytes_forwarded: 3172
      unicast_msgs_sent: 5
      unicast_msg_bytes_sent: 3172
      data_bytes_enqueued_limit: 1000000
    }
  }
}

Event Queue statistics received from Gateway_Portal_TRD1_event_queue at 10.29.3.105, process ID=22b49c, object ID=1e1d3f0, domain ID=0, sent Tue Oct 06 15:57:45 CDT 2026
	Data messages enqueued                                        : 0
	Total data messages enqueued                                  : 0
	Data messages min service time (microseconds)                 : -1
	Data messages mean service time (microseconds)                : 0
	Data messages max service time (microseconds)                 : 0
	Response messages enqueued                                    : 0
	Total response messages enqueued                              : 0
	Response messages min service time (microseconds)             : -1
	Response messages mean service time (microseconds)            : 0
	Response messages max service time (microseconds)             : 0
	Topicless immediate messages enqueued                         : 0
	Total topicless immediate messages enqueued                   : 0
	Topicless immediate messages min service time (microseconds)  : -1
	Topicless immediate messages mean service time (microseconds) : 0
	Topicless immediate messages max service time (microseconds)  : 0
	Wildcard receiver messages enqueued                           : 0
	Total wildcard receiver messages enqueued                     : 0
	Wildcard receiver messages min service time (microseconds)    : -1
	Wildcard receiver messages mean service time (microseconds)   : 0
	Wildcard receiver messages max service time (microseconds)    : 0
	I/O events enqueued                                           : 0
	Total I/O events enqueued                                     : 0
	I/O events min service time (microseconds)                    : -1
	I/O events mean service time (microseconds)                   : 0
	I/O events max service time (microseconds)                    : 0
	Timer events enqueued                                         : 0
	Total timer events enqueued                                   : 0
	Timer events min service time (microseconds)                  : -1
	Timer events mean service time (microseconds)                 : 0
	Timer events max service time (microseconds)                  : 0
	Source events enqueued                                        : 0
	Total source events enqueued                                  : 0
	Source events min service time (microseconds)                 : -1
	Source events mean service time (microseconds)                : 0
	Source events max service time (microseconds)                 : 0
	Unblock events enqueued                                       : 0
	Total unblock events enqueued                                 : 0
	Cancel events enqueued                                        : 0
	Total cancel events enqueued                                  : 0
	Cancel events min service time (microseconds)                 : -1
	Cancel events mean service time (microseconds)                : 0
	Cancel events max service time (microseconds)                 : 0
	Callback events enqueued                                      : 0
	Total callback events enqueued                                : 0
	Callback events min service time (microseconds)               : -1
	Callback events mean service time (microseconds)              : 0
	Callback events max service time (microseconds)               : 0
	Context source events enqueued                                : 0
	Total context source events enqueued                          : 0
	Context source events min service time (microseconds)         : -1
	Context source events mean service time (microseconds)        : 0
	Context source events max service time (microseconds)         : 0
	Events currently enqueued                                     : 0
	Total events enqueued                                         : 0
	Minimum age of events enqueued (microseconds)                 : -1
	Mean age of events enqueued (microseconds)                    : 0
	Max age of events enqueued (microseconds)                     : 0

Event Queue statistics received from Gateway_Portal_TRD2_event_queue at 10.29.3.105, process ID=22b49c, object ID=1f5a160, domain ID=0, sent Tue Oct 06 15:57:45 CDT 2026
	Data messages enqueued                                        : 0
	Total data messages enqueued                                  : 0
	Data messages min service time (microseconds)                 : -1
	Data messages mean service time (microseconds)                : 0
	Data messages max service time (microseconds)                 : 0
	Response messages enqueued                                    : 0
	Total response messages enqueued                              : 0
	Response messages min service time (microseconds)             : -1
	Response messages mean service time (microseconds)            : 0
	Response messages max service time (microseconds)             : 0
	Topicless immediate messages enqueued                         : 0
	Total topicless immediate messages enqueued                   : 0
	Topicless immediate messages min service time (microseconds)  : -1
	Topicless immediate messages mean service time (microseconds) : 0
	Topicless immediate messages max service time (microseconds)  : 0
	Wildcard receiver messages enqueued                           : 0
	Total wildcard receiver messages enqueued                     : 0
	Wildcard receiver messages min service time (microseconds)    : -1
	Wildcard receiver messages mean service time (microseconds)   : 0
	Wildcard receiver messages max service time (microseconds)    : 0
	I/O events enqueued                                           : 0
	Total I/O events enqueued                                     : 0
	I/O events min service time (microseconds)                    : -1
	I/O events mean service time (microseconds)                   : 0
	I/O events max service time (microseconds)                    : 0
	Timer events enqueued                                         : 0
	Total timer events enqueued                                   : 0
	Timer events min service time (microseconds)                  : -1
	Timer events mean service time (microseconds)                 : 0
	Timer events max service time (microseconds)                  : 0
	Source events enqueued                                        : 0
	Total source events enqueued                                  : 0
	Source events min service time (microseconds)                 : -1
	Source events mean service time (microseconds)                : 0
	Source events max service time (microseconds)                 : 0
	Unblock events enqueued                                       : 0
	Total unblock events enqueued                                 : 0
	Cancel events enqueued                                        : 0
	Total cancel events enqueued                                  : 0
	Cancel events min service time (microseconds)                 : -1
	Cancel events mean service time (microseconds)                : 0
	Cancel events max service time (microseconds)                 : 0
	Callback events enqueued                                      : 0
	Total callback events enqueued                                : 0
	Callback events min service time (microseconds)               : -1
	Callback events mean service time (microseconds)              : 0
	Callback events max service time (microseconds)               : 0
	Context source events enqueued                                : 0
	Total context source events enqueued                          : 0
	Context source events min service time (microseconds)         : -1
	Context source events mean service time (microseconds)        : 0
	Context source events max service time (microseconds)         : 0
	Events currently enqueued                                     : 0
	Total events enqueued                                         : 0
	Minimum age of events enqueued (microseconds)                 : -1
	Mean age of events enqueued (microseconds)                    : 0
	Max age of events enqueued (microseconds)                     : 0

Context statistics received from Gateway_Portal_TRD1_src_ctx at 10.29.3.105, process ID=22b49c, object ID=1bfda50, context instance=afc3a72ab4a0190e, domain ID=1, sent Tue Oct 06 15:57:46 CDT 2026
	Topic resolution datagrams sent                    : 0
	Topic resolution datagram bytes sent               : 0
	Topic resolution datagrams received                : 0
	Topic resolution datagram bytes received           : 0
	Topic resolution datagrams dropped version         : 0
	Topic resolution datagrams dropped type            : 0
	Topic resolution datagrams dropped malformed       : 0
	Topic resolution datagrams send failed             : 0
	Topic resolution source topics                     : 0
	Topic resolution receiver topics                   : 0
	Topic resolution unresolved receiver topics        : 0
	LBT-RM unknown datagrams received                  : 0
	LBT-RU unknown datagrams received                  : 0
	LBM send calls which blocked                       : 0
	LBM send calls which returned EWOULDBLOCK          : 0
	LBM response calls which blocked                   : 0
	LBM response calls which returned EWOULDBLOCK      : 0
	Number of duplicate UIM messages dropped           : 0
	Number of UIM messages received without stream info: 0
	Number of data message fragments lost              : 0
	Number of data message fragments unrecoverably lost: 0
	Receiver callbacks min service time (microseconds) : -1
	Receiver callbacks max service time (microseconds) : 0
	Receiver callbacks mean service time (microseconds): 0

IM source statistics received from Gateway_Portal_TRD1_src_ctx at 10.29.3.105, process ID=22b49c, object ID=1bfda50, context instance=afc3a72ab4a0190e, domain ID=1, sent Tue Oct 06 15:57:46 CDT 2026
Source: LBTRM:10.29.4.105:14390:9dd2ec8f:224.10.10.21:14401[4294967295]
Transport: LBT-RM
	LBT-RM datagrams sent                                 : 0
	LBT-RM datagrams bytes sent                           : 0
	LBT-RM datagrams in transmission window               : 0
	LBT-RM datagram bytes in transmission window          : 0
	LBT-RM NAK packets received                           : 0
	LBT-RM NAKs received                                  : 0
	LBT-RM NAKs ignored                                   : 0
	LBT-RM NAKs shed                                      : 0
	LBT-RM NAKs ignored (retransmit delay)                : 0
	LBT-RM retransmission datagrams sent                  : 0
	LBT-RM retransmission datagram bytes sent             : 0
	LBT-RM datagrams queued by rate control               : 0
	LBT-RM retransmission datagrams queued by rate control: 0

Context statistics received from Gateway_Portal_TRD1_rcv_ctx at 10.29.3.105, process ID=22b49c, object ID=1cf49c0, context instance=8bee4fdb11d451f2, domain ID=1, sent Tue Oct 06 15:57:46 CDT 2026
	Topic resolution datagrams sent                    : 0
	Topic resolution datagram bytes sent               : 0
	Topic resolution datagrams received                : 0
	Topic resolution datagram bytes received           : 0
	Topic resolution datagrams dropped version         : 0
	Topic resolution datagrams dropped type            : 0
	Topic resolution datagrams dropped malformed       : 0
	Topic resolution datagrams send failed             : 0
	Topic resolution source topics                     : 0
	Topic resolution receiver topics                   : 1
	Topic resolution unresolved receiver topics        : 1
	LBT-RM unknown datagrams received                  : 0
	LBT-RU unknown datagrams received                  : 0
	LBM send calls which blocked                       : 0
	LBM send calls which returned EWOULDBLOCK          : 0
	LBM response calls which blocked                   : 0
	LBM response calls which returned EWOULDBLOCK      : 0
	Number of duplicate UIM messages dropped           : 0
	Number of UIM messages received without stream info: 0
	Number of data message fragments lost              : 0
	Number of data message fragments unrecoverably lost: 0
	Receiver callbacks min service time (microseconds) : -1
	Receiver callbacks max service time (microseconds) : 0
	Receiver callbacks mean service time (microseconds): 0

Context statistics received from Gateway_Portal_TRD2_src_ctx at 10.29.3.105, process ID=22b49c, object ID=1e266e0, context instance=df13daf3f0e6045a, domain ID=2, sent Tue Oct 06 15:57:46 CDT 2026
	Topic resolution datagrams sent                    : 185
	Topic resolution datagram bytes sent               : 17582
	Topic resolution datagrams received                : 348
	Topic resolution datagram bytes received           : 25166
	Topic resolution datagrams dropped version         : 0
	Topic resolution datagrams dropped type            : 0
	Topic resolution datagrams dropped malformed       : 0
	Topic resolution datagrams send failed             : 0
	Topic resolution source topics                     : 0
	Topic resolution receiver topics                   : 0
	Topic resolution unresolved receiver topics        : 0
	LBT-RM unknown datagrams received                  : 0
	LBT-RU unknown datagrams received                  : 0
	LBM send calls which blocked                       : 0
	LBM send calls which returned EWOULDBLOCK          : 0
	LBM response calls which blocked                   : 0
	LBM response calls which returned EWOULDBLOCK      : 0
	Number of duplicate UIM messages dropped           : 0
	Number of UIM messages received without stream info: 0
	Number of data message fragments lost              : 0
	Number of data message fragments unrecoverably lost: 0
	Receiver callbacks min service time (microseconds) : -1
	Receiver callbacks max service time (microseconds) : 0
	Receiver callbacks mean service time (microseconds): 0

IM source statistics received from Gateway_Portal_TRD2_src_ctx at 10.29.3.105, process ID=22b49c, object ID=1e266e0, context instance=df13daf3f0e6045a, domain ID=2, sent Tue Oct 06 15:57:46 CDT 2026
Source: LBTRM:10.29.4.105:14391:12265df3:224.10.10.21:14401[4294967295]
Transport: LBT-RM
	LBT-RM datagrams sent                                 : 0
	LBT-RM datagrams bytes sent                           : 0
	LBT-RM datagrams in transmission window               : 0
	LBT-RM datagram bytes in transmission window          : 0
	LBT-RM NAK packets received                           : 0
	LBT-RM NAKs received                                  : 0
	LBT-RM NAKs ignored                                   : 0
	LBT-RM NAKs shed                                      : 0
	LBT-RM NAKs ignored (retransmit delay)                : 0
	LBT-RM retransmission datagrams sent                  : 0
	LBT-RM retransmission datagram bytes sent             : 0
	LBT-RM datagrams queued by rate control               : 0
	LBT-RM retransmission datagrams queued by rate control: 0

Context statistics received from Gateway_Portal_TRD2_rcv_ctx at 10.29.3.105, process ID=22b49c, object ID=1ea7800, context instance=6564a4167c753958, domain ID=2, sent Tue Oct 06 15:57:46 CDT 2026
	Topic resolution datagrams sent                    : 71
	Topic resolution datagram bytes sent               : 3260
	Topic resolution datagrams received                : 348
	Topic resolution datagram bytes received           : 25166
	Topic resolution datagrams dropped version         : 0
	Topic resolution datagrams dropped type            : 0
	Topic resolution datagrams dropped malformed       : 0
	Topic resolution datagrams send failed             : 0
	Topic resolution source topics                     : 0
	Topic resolution receiver topics                   : 1
	Topic resolution unresolved receiver topics        : 1
	LBT-RM unknown datagrams received                  : 0
	LBT-RU unknown datagrams received                  : 0
	LBM send calls which blocked                       : 0
	LBM send calls which returned EWOULDBLOCK          : 0
	LBM response calls which blocked                   : 0
	LBM response calls which returned EWOULDBLOCK      : 0
	Number of duplicate UIM messages dropped           : 0
	Number of UIM messages received without stream info: 0
	Number of data message fragments lost              : 0
	Number of data message fragments unrecoverably lost: 0
	Receiver callbacks min service time (microseconds) : -1
	Receiver callbacks max service time (microseconds) : 0
	Receiver callbacks mean service time (microseconds): 0

